2048.9241862790072,1933.959277338642,1.5
2049.048427261503,1933.8748811246899,1.5
2049.172668243999,1933.7904849107379,1.5
2049.2969092264952,1933.7060886967856,1.5
2049.421150208991,1933.6216924828334,1.5
2049.545391191487,1933.5372962688814,1.5
2049.669632173983,1933.4529000549292,1.5
2049.793873156479,1933.368503840977,1.5
2049.918114138975,1933.2841076270247,1.5
2050.042355121471,1933.1997114130727,1.5
2050.1665961039666,1933.1153151991205,1.5
2050.2908370864625,1933.0309189851682,1.5
2050.415078068959,1932.9465227712162,1.5
2050.5393190514546,1932.862126557264,1.5
2050.6635600339505,1932.7777303433118,1.5
2050.7878010164463,1932.6933341293598,1.5
2050.912041998942,1932.6089379154075,1.5
2051.0362829814385,1932.5245417014553,1.5
2051.1605239639343,1932.440145487503,1.5
2051.28476494643,1932.355749273551,1.5
2051.409005928926,1932.2713530595988,1.5
2051.5332469114223,1932.1869568456466,1.5
2051.657487893918,1932.1025606316946,1.5
2051.781728876414,1932.0181644177424,1.5
2051.90596985891,1931.9337682037901,1.5
2052.0302108414057,1931.8493719898381,1.5
2052.154451823902,1931.764975775886,1.5
2052.278692806398,1931.6805795619337,1.5
2052.4029337888937,1931.5961833479817,1.5
2052.5271747713896,1931.5117871340294,1.5
2052.6514157538854,1931.4273909200772,1.5
2052.7756567363817,1931.342994706125,1.5
2052.8998977188776,1931.258598492173,1.5
2053.0241387013734,1931.1742022782207,1.5
2053.1483796838693,1931.0898060642685,1.5
2053.2726206663656,1931.0054098503165,1.5
2053.3968616488614,1930.9210136363643,1.5
2053.5211026313573,1930.836617422412,1.5
2053.645343613853,1930.75222120846,1.5
2053.769584596349,1930.6678249945078,1.5
2053.8938255788453,1930.5834287805556,1.5
2054.018066561341,1930.4990325666035,1.5
2054.142307543837,1930.4146363526513,1.5
2054.266548526333,1930.330240138699,1.5
2054.3907895088287,1930.2458439247469,1.5
2054.515030491325,1930.1614477107948,1.5
2054.639271473821,1930.0770514968426,1.5
2054.7635124563167,1929.9926552828904,1.5
2054.8877534388125,1929.9082590689384,1.5
2055.011994421309,1929.8238628549861,1.5
2055.1362354038047,1929.739466641034,1.5
2055.2604763863005,1929.655070427082,1.5
2055.3847173687964,1929.5706742131297,1.5
2055.508958351292,1929.4862779991774,1.5
2055.6331993337885,1929.4018817852252,1.5
2055.7574403162844,1929.3174855712732,1.5
2055.88168129878,1929.233089357321,1.5
2056.005922281276,1929.1486931433687,1.5
2056.130163263772,1929.0642969294167,1.5
2056.254404246268,1928.9799007154645,1.5
2056.378645228764,1928.8955045015123,1.5
2056.50288621126,1928.8111082875603,1.5
2056.6271271937558,1928.726712073608,1.5
2056.751368176252,1928.6423158596558,1.5
2056.875609158748,1928.5579196457038,1.5
2056.9998501412438,1928.4735234317516,1.5
2057.1240911237396,1928.3891272177993,1.5
2057.2483321062355,1928.304731003847,1.5
2057.3725730887318,1928.220334789895,1.5
2057.4968140712276,1928.1359385759429,1.5
2057.6210550537235,1928.0515423619906,1.5
2057.7452960362193,1927.9671461480386,1.5
2057.869537018715,1927.8827499340864,1.5
2057.9937780012115,1927.7983537201342,1.5
2058.1180189837073,1927.7139575061822,1.5
2058.242259966203,1927.62956129223,1.5
2058.366500948699,1927.5451650782777,1.5
2058.4907419311953,1927.4607688643257,1.5
2058.614982913691,1927.3763726503735,1.5
2058.739223896187,1927.2919764364212,1.5
2058.863464878683,1927.207580222469,1.5
2058.9877058611787,1927.123184008517,1.5
2059.111946843675,1927.0387877945648,1.5
2059.236187826171,1926.9543915806125,1.5
2059.3604288086667,1926.8699953666605,1.5
2059.4846697911626,1926.7855991527083,1.5
2059.6089107736584,1926.701202938756,1.5
2059.7331517561547,1926.616806724804,1.5
2059.8573927386506,1926.5324105108518,1.5
2059.9816337211464,1926.4480142968996,1.5
2060.1058747036423,1926.3636180829474,1.5
2060.2301156861386,1926.2792218689954,1.5
2060.3543566686344,1926.1948256550431,1.5
2060.4785976511303,1926.110429441091,1.5
2060.602838633626,1926.026033227139,1.5
2060.727079616122,1925.9416370131867,1.5
2060.8513205986183,1925.8572407992344,1.5
2060.975561581114,1925.7728445852824,1.5
2061.09980256361,1925.6884483713302,1.5
2061.224043546106,1925.604052157378,1.5
2061.3482845286017,1925.519655943426,1.5
2061.472525511098,1925.4352597294737,1.5
2061.596766493594,1925.3508635155215,1.5
2061.7210074760897,1925.2664673015693,1.5
2061.8452484585855,1925.1820710876173,1.5
2061.969489441082,1925.097674873665,1.5
2062.0937304235777,1925.0132786597128,1.5
2062.2179714060735,1924.9288824457608,1.5
2062.3422123885694,1924.8444862318086,1.5
2062.466453371065,1924.7600900178563,1.5
2062.5906943535615,1924.6756938039043,1.5
2062.7149353360574,1924.591297589952,1.5
2062.839176318553,1924.5069013759999,1.5
2062.963417301049,1924.4225051620479,1.5
2063.087658283545,1924.3381089480956,1.5
2063.211899266041,1924.2537127341434,1.5
2063.336140248537,1924.1693165201912,1.5
2063.460381231033,1924.0849203062392,1.5
2063.5846222135287,1924.000524092287,1.5
2063.708863196025,1923.9161278783347,1.5
2063.833104178521,1923.8317316643827,1.5
2063.9573451610167,1923.7473354504305,1.5
2064.0815861435126,1923.6629392364782,1.5
2064.2058271260084,1923.5785430225262,1.5
2064.3300681085047,1923.494146808574,1.5
2064.4543090910006,1923.4097505946218,1.5
2064.5785500734964,1923.3253543806695,1.5
2064.7027910559923,1923.2409581667175,1.5
2064.827032038488,1923.1565619527653,1.5
2064.9512730209844,1923.072165738813,1.5
2065.0755140034803,1922.987769524861,1.5
2065.199754985976,1922.9033733109088,1.5
2065.323995968472,1922.8189770969566,1.5
2065.4482369509683,1922.7345808830046,1.5
2065.572477933464,1922.6501846690524,1.5
2065.69671891596,1922.5657884551001,1.5
2065.820959898456,1922.4813922411481,1.5
2065.9452008809517,1922.3969960271959,1.5
2066.069441863448,1922.3125998132437,1.5
2066.193682845944,1922.2282035992914,1.5
2066.3179238284397,1922.1438073853394,1.5
2066.4421648109355,1922.0594111713872,1.5
2066.566405793432,1921.975014957435,1.5
2066.6906467759277,1921.890618743483,1.5
2066.8148877584235,1921.8062225295307,1.5
2066.9391287409194,1921.7218263155785,1.5
2067.0633697234152,1921.6374301016265,1.5
2067.1876107059115,1921.5530338876742,1.5
2067.3118516884074,1921.468637673722,1.5
2067.4360926709032,1921.38424145977,1.5
2067.560333653399,1921.2998452458178,1.5
2067.684574635895,1921.2154490318655,1.5
2067.8088156183912,1921.1310528179133,1.5
2067.933056600887,1921.0466566039613,1.5
2068.057297583383,1920.962260390009,1.5
2068.181538565879,1920.8778641760568,1.5
2068.305779548375,1920.7934679621048,1.5
2068.430020530871,1920.7090717481526,1.5
2068.554261513367,1920.6246755342004,1.5
2068.6785024958626,1920.5402793202484,1.5
2068.8027434783585,1920.4558831062961,1.5
2068.926984460855,1920.371486892344,1.5
2069.0512254433506,1920.2870906783917,1.5
2069.1754664258465,1920.2026944644397,1.5
2069.2997074083423,1920.1182982504874,1.5
2069.423948390838,1920.0339020365352,1.5
2069.5481893733345,1919.9495058225832,1.5
2069.6724303558303,1919.865109608631,1.5
2069.796671338326,1919.7807133946787,1.5
2069.920912320822,1919.6963171807267,1.5
2070.0451533033183,1919.6119209667745,1.5
2070.169394285814,1919.5275247528223,1.5
2070.29363526831,1919.4431285388703,1.5
2070.417876250806,1919.358732324918,1.5
2070.5421172333017,1919.2743361109658,1.5
2070.666358215798,1919.1899398970136,1.5
2070.790599198294,1919.1055436830616,1.5
2070.9148401807897,1919.0211474691093,1.5
2071.0390811632856,1918.936751255157,1.5
2071.1633221457814,1918.852355041205,1.5
2071.2875631282777,1918.7679588272529,1.5
2071.4118041107736,1918.6835626133006,1.5
2071.5360450932694,1918.5991663993486,1.5
2071.6602860757653,1918.5147701853964,1.5
2071.7845270582616,1918.4303739714442,1.5
2071.9087680407574,1918.3459777574922,1.5
2072.0330090232533,1918.26158154354,1.5
2072.157250005749,1918.1771853295877,1.5
2072.281490988245,1918.0927891156355,1.5
2072.4057319707413,1918.0083929016835,1.5
2072.529972953237,1917.9239966877312,1.5
2072.654213935733,1917.839600473779,1.5
2072.778454918229,1917.755204259827,1.5
2072.9026959007247,1917.6708080458748,1.5
2073.026936883221,1917.5864118319225,1.5
2073.151177865717,1917.5020156179705,1.5
2073.2754188482127,1917.4176194040183,1.5
2073.3996598307085,1917.333223190066,1.5
2073.523900813205,1917.2488269761138,1.5
2073.6481417957007,1917.1644307621618,1.5
2073.7723827781965,1917.0800345482096,1.5
2073.8966237606924,1916.9956383342574,1.5
2074.020864743188,1916.9112421203054,1.5
2074.1451057256845,1916.8268459063531,1.5
2074.2693467081804,1916.742449692401,1.5
2074.393587690676,1916.658053478449,1.5
2074.517828673172,1916.5736572644967,1.5
2074.642069655668,1916.4892610505444,1.5
2074.766310638164,1916.4048648365924,1.5
2074.89055162066,1916.3204686226402,1.5
2075.014792603156,1916.236072408688,1.5
2075.1390335856518,1916.1516761947357,1.5
2075.263274568148,1916.0672799807837,1.5
2075.387515550644,1915.9828837668315,1.5
2075.5117565331398,1915.8984875528793,1.5
2075.6359975156356,1915.8140913389273,1.5
2075.7602384981315,1915.729695124975,1.5
2075.8844794806278,1915.6452989110228,1.5
2076.0087204631236,1915.5609026970708,1.5
2076.1329614456195,1915.4765064831186,1.5
2076.2572024281153,1915.3921102691663,1.5
2076.381443410611,1915.307714055214,1.5
2076.5056843931075,1915.223317841262,1.5
2076.6299253756033,1915.1389216273099,1.5
2076.754166358099,1915.0545254133576,1.5
2076.878407340595,1914.9701291994056,1.5
2077.0026483230913,1914.8857329854534,1.5
2077.126889305587,1914.8013367715012,1.5
2077.251130288083,1914.7169405575492,1.5
2077.375371270579,1914.632544343597,1.5
2077.4996122530747,1914.5481481296447,1.5
2077.623853235571,1914.4637519156927,1.5
2077.748094218067,1914.3793557017405,1.5
2077.8723352005627,1914.2949594877882,1.5
2077.9965761830586,1914.210563273836,1.5
2078.1208171655544,1914.126167059884,1.5
2078.2450581480507,1914.0417708459318,1.5
2078.3692991305466,1913.9573746319795,1.5
2078.4935401130424,1913.8729784180275,1.5
2078.6177810955382,1913.7885822040753,1.5
2078.7420220780346,1913.704185990123,1.5
2078.8662630605304,1913.619789776171,1.5
2078.9905040430262,1913.5353935622188,1.5
2079.114745025522,1913.4509973482666,1.5
2079.238986008018,1913.3666011343146,1.5
2079.3632269905142,1913.2822049203623,1.5
2079.48746797301,1913.1978087064101,1.5
2079.611708955506,1913.1134124924579,1.5
2079.735949938002,1913.0290162785059,1.5
2079.8601909204976,1912.9446200645536,1.5
2079.984431902994,1912.8602238506014,1.5
2080.10867288549,1912.7758276366494,1.5
2080.2329138679856,1912.6914314226972,1.5
2080.3571548504815,1912.607035208745,1.5
2080.481395832978,1912.522638994793,1.5
2080.6056368154736,1912.4382427808407,1.5
2080.7298777979695,1912.3538465668885,1.5
2080.8541187804653,1912.2694503529365,1.5
2080.978359762961,1912.1850541389842,1.5
2081.1026007454575,1912.100657925032,1.5
2081.2268417279533,1912.0162617110798,1.5
2081.351082710449,1911.9318654971278,1.5
2081.475323692945,1911.8474692831755,1.5
2081.599564675441,1911.7630730692233,1.5
2081.723805657937,1911.6786768552713,1.5
2081.848046640433,1911.594280641319,1.5
2081.972287622929,1911.5098844273668,1.5
2082.0965286054247,1911.4254882134148,1.5
2082.220769587921,1911.3410919994626,1.5
2082.345010570417,1911.2566957855104,1.5
2082.4692515529127,1911.1722995715581,1.5
2082.5934925354086,1911.0879033576061,1.5
2082.7177335179044,1911.003507143654,1.5
2082.8419745004007,1910.9191109297017,1.5
2082.9662154828966,1910.8347147157497,1.5
2083.0904564653924,1910.7503185017974,1.5
2083.2146974478883,1910.6659222878452,1.5
2083.338938430384,1910.5815260738932,1.5
2083.4631794128804,1910.497129859941,1.5
2083.5874203953763,1910.4127336459887,1.5
2083.711661377872,1910.3283374320367,1.5
2083.835902360368,1910.2439412180845,1.5
2083.9601433428643,1910.1595450041323,1.5
2084.08438432536,1910.07514879018,1.5
2084.208625307856,1909.990752576228,1.5
2084.332866290352,1909.9063563622758,1.5
2084.4571072728477,1909.8219601483236,1.5
2084.581348255344,1909.7375639343716,1.5
2084.70558923784,1909.6531677204193,1.5
2084.8298302203357,1909.568771506467,1.5
2084.9540712028315,1909.484375292515,1.5
2085.0783121853274,1909.3999790785629,1.5
2085.2025531678237,1909.3155828646106,1.5
2085.3267941503195,1909.2311866506584,1.5
2085.4510351328154,1909.1467904367064,1.5
2085.575276115311,1909.0623942227542,1.5
2085.6995170978075,1908.977998008802,1.5
2085.8237580803034,1908.89360179485,1.5
2085.947999062799,1908.8092055808977,1.5
2086.072240045295,1908.7248093669455,1.5
2086.196481027791,1908.6404131529935,1.5
2086.320722010287,1908.5560169390412,1.5
2086.444962992783,1908.471620725089,1.5
2086.569203975279,1908.387224511137,1.5
2086.693444957775,1908.3028282971848,1.5
2086.817685940271,1908.2184320832325,1.5
2086.941926922767,1908.1340358692803,1.5
2087.066167905263,1908.0496396553283,1.5
2087.1904088877586,1907.965243441376,1.5
2087.3146498702545,1907.8808472274238,1.5
2087.438890852751,1907.7964510134718,1.5
2087.5631318352466,1907.7120547995196,1.5
2087.6873728177425,1907.6276585855674,1.5
2087.8116138002383,1907.5432623716154,1.5
2087.935854782734,1907.4588661576631,1.5
2088.0600957652305,1907.374469943711,1.5
2088.1843367477263,1907.290073729759,1.5
2088.308577730222,1907.2056775158067,1.5
2088.432818712718,1907.1212813018544,1.5
2088.5570596952143,1907.0368850879022,1.5
2088.68130067771,1906.9524888739502,1.5
2088.805541660206,1906.868092659998,1.5
2088.929782642702,1906.7836964460457,1.5
2089.0540236251977,1906.6993002320937,1.5
2089.178264607694,1906.6149040181415,1.5
2089.30250559019,1906.5305078041893,1.5
2089.4267465726857,1906.4461115902373,1.5
2089.5509875551816,1906.361715376285,1.5
2089.6752285376774,1906.2773191623328,1.5
2089.7994695201737,1906.1929229483806,1.5
2089.9237105026696,1906.1085267344286,1.5
2090.0479514851654,1906.0241305204763,1.5
2090.1721924676613,1905.939734306524,1.5
2090.2964334501576,1905.855338092572,1.5
2090.4206744326534,1905.7709418786199,1.5
2090.5449154151493,1905.6865456646676,1.5
2090.669156397645,1905.6021494507156,1.5
2090.793397380141,1905.5177532367634,1.5
2090.9176383626373,1905.4333570228112,1.5
2091.041879345133,1905.3489608088591,1.5
2091.166120327629,1905.264564594907,1.5
2091.290361310125,1905.1801683809547,1.5
2091.4146022926207,1905.0957721670025,1.5
2091.538843275117,1905.0113759530504,1.5
2091.663084257613,1904.9269797390982,1.5
2091.7873252401087,1904.842583525146,1.5
2091.9115662226045,1904.758187311194,1.5
2092.035807205101,1904.6737910972417,1.5
2092.1600481875967,1904.5893948832895,1.5
2092.2842891700925,1904.5049986693375,1.5
2092.4085301525884,1904.4206024553853,1.5
2092.532771135084,1904.336206241433,1.5
2092.6570121175805,1904.251810027481,1.5
2092.7812531000764,1904.1674138135288,1.5
2092.905494082572,1904.0830175995766,1.5
2093.029735065068,1903.9986213856243,1.5
2093.153976047564,1903.9142251716723,1.5
2093.27821703006,1903.82982895772,1.5
2093.402458012556,1903.7454327437679,1.5
2093.526698995052,1903.6610365298159,1.5
2093.6509399775478,1903.5766403158636,1.5
2093.775180960044,1903.4922441019114,1.5
2093.89942194254,1903.4078478879594,1.5
2094.0236629250358,1903.3234516740072,1.5
2094.1479039075316,1903.239055460055,1.5
2094.2721448900274,1903.1546592461027,1.5
2094.3963858725238,1903.0702630321507,1.5
2094.5206268550196,1902.9858668181985,1.5
2094.6448678375154,1902.9014706042462,1.5
2094.7691088200113,1902.8170743902942,1.5
2094.893349802507,1902.732678176342,1.5
2095.0175907850034,1902.6482819623898,1.5
2095.1418317674993,1902.5638857484378,1.5
2095.266072749995,1902.4794895344855,1.5
2095.390313732491,1902.3950933205333,1.5
2095.5145547149873,1902.3106971065813,1.5
2095.638795697483,1902.226300892629,1.5
2095.763036679979,1902.1419046786768,1.5
2095.887277662475,1902.0575084647246,1.5
2096.0115186449707,1901.9731122507726,1.5
2096.135759627467,1901.8887160368204,1.5
2096.260000609963,1901.8043198228681,1.5
2096.3842415924587,1901.7199236089161,1.5
2096.5084825749545,1901.635527394964,1.5
2096.6327235574504,1901.5511311810117,1.5
2096.7569645399467,1901.4667349670597,1.5
2096.8812055224425,1901.3823387531074,1.5
2097.0054465049384,1901.2979425391552,1.5
2097.1296874874342,1901.213546325203,1.5
2097.2539284699305,1901.129150111251,1.5
2097.3781694524264,1901.0447538972987,1.5
2097.5024104349222,1900.9603576833465,1.5
2097.626651417418,1900.8759614693945,1.5
2097.750892399914,1900.7915652554423,1.5
2097.8751333824102,1900.70716904149,1.5
2097.999374364906,1900.622772827538,1.5
2098.123615347402,1900.5383766135858,1.5
2098.247856329898,1900.4539803996336,1.5
2098.3720973123936,1900.3695841856816,1.5
2098.49633829489,1900.2851879717293,1.5
2098.620579277386,1900.200791757777,1.5
2098.7448202598816,1900.1163955438249,1.5
2098.8690612423775,1900.0319993298729,1.5
2098.993302224874,1899.9476031159206,1.5
2099.1175432073696,1899.8632069019684,1.5
2099.2417841898655,1899.7788106880164,1.5
2099.3660251723613,1899.6944144740642,1.5
2099.490266154857,1899.610018260112,1.5
2099.6145071373535,1899.52562204616,1.5
2099.7387481198493,1899.4412258322077,1.5
2099.862989102345,1899.3568296182555,1.5
2099.987230084841,1899.2724334043035,1.5
2100.111471067337,1899.1880371903512,1.5
2100.235712049833,1899.103640976399,1.5
2100.359953032329,1899.0192447624468,1.5
2100.484194014825,1898.9348485484948,1.5
2100.6084349973207,1898.8504523345425,1.5
2100.732675979817,1898.7660561205903,1.5
2100.856916962313,1898.6816599066383,1.5
2100.9811579448087,1898.597263692686,1.5
2101.1053989273046,1898.5128674787338,1.5
2101.2296399098004,1898.4284712647818,1.5
2101.3538808922967,1898.3440750508296,1.5
2101.4781218747926,1898.2596788368774,1.5
2101.6023628572884,1898.1752826229254,1.5
2101.7266038397843,1898.0908864089731,1.5
2101.85084482228,1898.006490195021,1.5
2101.9750858047764,1897.9220939810687,1.5
2102.0993267872723,1897.8376977671167,1.5
2102.223567769768,1897.7533015531644,1.5
2102.347808752264,1897.6689053392122,1.5
2102.4720497347603,1897.5845091252602,1.5
2102.596290717256,1897.500112911308,1.5
2102.720531699752,1897.4157166973557,1.5
2102.844772682248,1897.3313204834037,1.5
2102.9690136647437,1897.2469242694515,1.5
2103.09325464724,1897.1625280554993,1.5
2103.217495629736,1897.078131841547,1.5
2103.3417366122317,1896.993735627595,1.5
2103.4659775947275,1896.9093394136428,1.5
2103.590218577224,1896.8249431996906,1.5
2103.7144595597197,1896.7405469857385,1.5
2103.8387005422155,1896.6561507717863,1.5
2103.9629415247114,1896.571754557834,1.5
2104.087182507207,1896.487358343882,1.5
2104.2114234897035,1896.4029621299298,1.5
2104.3356644721994,1896.3185659159776,1.5
2104.459905454695,1896.2341697020256,1.5
2104.584146437191,1896.1497734880734,1.5
2104.708387419687,1896.0653772741211,1.5
2104.832628402183,1895.980981060169,1.5
2104.956869384679,1895.896584846217,1.5
2105.081110367175,1895.8121886322647,1.5
2105.2053513496708,1895.7277924183124,1.5
2105.329592332167,1895.6433962043604,1.5
2105.453833314663,1895.5589999904082,1.5
2105.5780742971588,1895.474603776456,1.5
2105.7023152796546,1895.390207562504,1.5
2105.8265562621505,1895.3058113485517,1.5
2105.9507972446468,1895.2214151345995,1.5
2106.0750382271426,1895.1370189206473,1.5
2106.1992792096385,1895.0526227066953,1.5
2106.3235201921343,1894.968226492743,1.5
2106.44776117463,1894.8838302787908,1.5
2106.5720021571265,1894.7994340648388,1.5
2106.6962431396223,1894.7150378508866,1.5
2106.820484122118,1894.6306416369343,1.5
2106.944725104614,1894.5462454229823,1.5
2107.0689660871103,1894.46184920903,1.5
2107.193207069606,1894.3774529950779,1.5
2107.317448052102,1894.2930567811259,1.5
2107.441689034598,1894.2086605671736,1.5
2107.5659300170937,1894.1242643532214,1.5
2107.69017099959,1894.0398681392692,1.5
2107.814411982086,1893.9554719253172,1.5
2107.9386529645817,1893.871075711365,1.5
2108.0628939470776,1893.7866794974127,1.5
2108.1871349295734,1893.7022832834607,1.5
2108.3113759120697,1893.6178870695085,1.5
2108.4356168945656,1893.5334908555562,1.5
2108.5598578770614,1893.4490946416042,1.5
2108.6840988595573,1893.364698427652,1.5
2108.8083398420536,1893.2803022136998,1.5
2108.9325808245494,1893.1959059997478,1.5
2109.0568218070453,1893.1115097857955,1.5
2109.181062789541,1893.0271135718433,1.5
2109.305303772037,1892.942717357891,1.5
2109.4295447545333,1892.858321143939,1.5
2109.553785737029,1892.7739249299868,1.5
2109.678026719525,1892.6895287160346,1.5
2109.802267702021,1892.6051325020826,1.5
2109.9265086845166,1892.5207362881304,1.5
2110.050749667013,1892.4363400741781,1.5
2110.174990649509,1892.3519438602261,1.5
2110.2992316320046,1892.267547646274,1.5
2110.4234726145005,1892.1831514323217,1.5
2110.547713596997,1892.0987552183697,1.5
2110.6719545794926,1892.0143590044174,1.5
2110.7961955619885,1891.9299627904652,1.5
2110.9204365444843,1891.845566576513,1.5
2111.04467752698,1891.761170362561,1.5
2111.1689185094765,1891.6767741486087,1.5
2111.2931594919723,1891.5923779346565,1.5
2111.417400474468,1891.5079817207045,1.5
2111.541641456964,1891.4235855067523,1.5
2111.66588243946,1891.3391892928,1.5
2111.790123421956,1891.254793078848,1.5
2111.914364404452,1891.1703968648958,1.5
2112.038605386948,1891.0860006509436,1.5
2112.1628463694437,1891.0016044369913,1.5
2112.28708735194,1890.9172082230393,1.5
2112.411328334436,1890.832812009087,1.5
2112.5355693169317,1890.7484157951349,1.5
2112.6598102994276,1890.6640195811829,1.5
2112.7840512819234,1890.5796233672306,1.5
2112.9082922644197,1890.4952271532784,1.5
2113.0325332469156,1890.4108309393264,1.5
2113.1567742294114,1890.3264347253742,1.5
2113.2810152119073,1890.242038511422,1.5
2113.405256194403,1890.15764229747,1.5
2113.5294971768994,1890.0732460835177,1.5
2113.6537381593953,1889.9888498695655,1.5
2113.777979141891,1889.9044536556132,1.5
2113.902220124387,1889.8200574416612,1.5
2114.0264611068833,1889.735661227709,1.5
2114.150702089379,1889.6512650137568,1.5
2114.274943071875,1889.5668687998048,1.5
2114.399184054371,1889.4824725858525,1.5
2114.5234250368667,1889.3980763719003,1.5
2114.647666019363,1889.3136801579483,1.5
2114.771907001859,1889.229283943996,1.5
2114.8961479843547,1889.1448877300438,1.5
2115.0203889668505,1889.0604915160916,1.5
2115.1446299493464,1888.9760953021396,1.5
2115.2688709318427,1888.8916990881874,1.5
2115.3931119143385,1888.8073028742351,1.5
2115.5173528968344,1888.7229066602831,1.5
2115.6415938793302,1888.6385104463309,1.5
2115.7658348618265,1888.5541142323787,1.5
2115.8900758443224,1888.4697180184266,1.5
2116.0143168268182,1888.3853218044744,1.5
2116.138557809314,1888.3009255905222,1.5
2116.26279879181,1888.2165293765702,1.5
2116.3870397743062,1888.132133162618,1.5
2116.511280756802,1888.0477369486657,1.5
2116.635521739298,1887.9633407347135,1.5
2116.759762721794,1887.8789445207615,1.5
2116.88400370429,1887.7945483068092,1.5
2117.008244686786,1887.710152092857,1.5
2117.132485669282,1887.625755878905,1.5
2117.2567266517776,1887.5413596649528,1.5
2117.3809676342735,1887.4569634510005,1.5
2117.50520861677,1887.3725672370485,1.5
2117.6294495992656,1887.2881710230963,1.5
2117.7536905817615,1887.203774809144,1.5
2117.8779315642573,1887.1193785951918,1.5
2118.002172546753,1887.0349823812398,1.5
2118.1264135292495,1886.9505861672876,1.5
2118.2506545117453,1886.8661899533354,1.5
2118.374895494241,1886.7817937393834,1.5
2118.499136476737,1886.6973975254311,1.5
2118.623377459233,1886.613001311479,1.5
2118.747618441729,1886.528605097527,1.5
2118.871859424225,1886.4442088835747,1.5
2118.996100406721,1886.3598126696224,1.5
2119.1203413892167,1886.2754164556704,1.5
2119.244582371713,1886.1910202417182,1.5
2119.368823354209,1886.106624027766,1.5
2119.4930643367047,1886.022227813814,1.5
2119.6173053192006,1885.9378315998617,1.5
2119.7415463016964,1885.8534353859095,1.5
2119.8657872841927,1885.7690391719573,1.5
2119.9900282666886,1885.6846429580053,1.5
2120.1142692491844,1885.600246744053,1.5
2120.2385102316803,1885.5158505301008,1.5
2120.3627512141766,1885.4314543161488,1.5
2120.4869921966724,1885.3470581021966,1.5
2120.6112331791683,1885.2626618882443,1.5
2120.735474161664,1885.1782656742923,1.5
2120.85971514416,1885.09386946034,1.5
2120.9839561266563,1885.0094732463879,1.5
2121.108197109152,1884.9250770324356,1.5
2121.232438091648,1884.8406808184836,1.5
2121.356679074144,1884.7562846045314,1.5
2121.4809200566397,1884.6718883905792,1.5
2121.605161039136,1884.5874921766272,1.5
2121.729402021632,1884.503095962675,1.5
2121.8536430041277,1884.4186997487227,1.5
2121.9778839866235,1884.3343035347707,1.5
2122.1021249691194,1884.2499073208185,1.5
2122.2263659516157,1884.1655111068662,1.5
2122.3506069341115,1884.0811148929142,1.5
2122.4748479166074,1883.996718678962,1.5
2122.599088899103,1883.9123224650098,1.5
2122.7233298815995,1883.8279262510575,1.5
2122.8475708640954,1883.7435300371055,1.5
2122.971811846591,1883.6591338231533,1.5
2123.096052829087,1883.574737609201,1.5
2123.220293811583,1883.490341395249,1.5
2123.344534794079,1883.4059451812968,1.5
2123.468775776575,1883.3215489673446,1.5
2123.593016759071,1883.2371527533926,1.5
2123.7172577415668,1883.1527565394404,1.5
2123.841498724063,1883.0683603254881,1.5
2123.965739706559,1882.983964111536,1.5
2124.0899806890548,1882.899567897584,1.5
2124.2142216715506,1882.8151716836317,1.5
2124.3384626540465,1882.7307754696794,1.5
2124.4627036365428,1882.6463792557274,1.5
2124.5869446190386,1882.5619830417752,1.5
2124.7111856015345,1882.477586827823,1.5
2124.8354265840303,1882.393190613871,1.5
2124.959667566526,1882.3087943999187,1.5
2125.0839085490225,1882.2243981859665,1.5
2125.2081495315183,1882.1400019720145,1.5
2125.332390514014,1882.0556057580623,1.5
2125.45663149651,1881.97120954411,1.5
2125.580872479006,1881.8868133301578,1.5
2125.705113461502,1881.8024171162058,1.5
2125.829354443998,1881.7180209022536,1.5
2125.953595426494,1881.6336246883013,1.5
2126.0778364089897,1881.5492284743493,1.5
2126.202077391486,1881.464832260397,1.5
2126.326318373982,1881.3804360464449,1.5
2126.4505593564777,1881.2960398324929,1.5
2126.5748003389735,1881.2116436185406,1.5
2126.6990413214694,1881.1272474045884,1.5
2126.8232823039657,1881.0428511906362,1.5
2126.9475232864615,1880.9584549766842,1.5
2127.0717642689574,1880.874058762732,1.5
2127.1960052514532,1880.7896625487797,1.5
2127.3202462339495,1880.7052663348277,1.5
2127.4444872164454,1880.6208701208755,1.5
2127.5687281989412,1880.5364739069232,1.5
2127.692969181437,1880.4520776929712,1.5
2127.817210163933,1880.367681479019,1.5
2127.9414511464292,1880.2832852650668,1.5
2128.065692128925,1880.1988890511147,1.5
2128.189933111421,1880.1144928371625,1.5
2128.314174093917,1880.0300966232103,1.5
2128.4384150764126,1879.945700409258,1.5
2128.562656058909,1879.861304195306,1.5
2128.686897041405,1879.7769079813538,1.5
2128.8111380239006,1879.6925117674016,1.5
2128.9353790063965,1879.6081155534496,1.5
2129.059619988893,1879.5237193394973,1.5
2129.1838609713886,1879.4393231255451,1.5
2129.3081019538845,1879.354926911593,1.5
2129.4323429363803,1879.2705306976409,1.5
2129.556583918876,1879.1861344836886,1.5
2129.6808249013725,1879.1017382697366,1.5
2129.8050658838683,1879.0173420557844,1.5
2129.929306866364,1878.9329458418322,1.5
2130.05354784886,1878.84854962788,1.5
2130.177788831356,1878.764153413928,1.5
2130.302029813852,1878.6797571999757,1.5
2130.426270796348,1878.5953609860235,1.5
2130.550511778844,1878.5109647720715,1.5
2130.6747527613397,1878.4265685581192,1.5
2130.798993743836,1878.342172344167,1.5
2130.923234726332,1878.257776130215,1.5
2131.0474757088277,1878.1733799162628,1.5
2131.1717166913236,1878.0889837023105,1.5
2131.2959576738194,1878.0045874883585,1.5
2131.4201986563157,1877.9201912744063,1.5
2131.5444396388116,1877.835795060454,1.5
2131.6686806213074,1877.7513988465018,1.5
2131.7929216038033,1877.6670026325498,1.5
2131.917162586299,1877.5826064185976,1.5
2132.0414035687954,1877.4982102046454,1.5
2132.1656445512913,1877.4138139906934,1.5
2132.289885533787,1877.3294177767411,1.5
2132.414126516283,1877.245021562789,1.5
2132.5383674987793,1877.160625348837,1.5
2132.662608481275,1877.0762291348847,1.5
2132.786849463771,1876.9918329209324,1.5
2132.911090446267,1876.9074367069802,1.5
2133.0353314287627,1876.8230404930282,1.5
2133.159572411259,1876.738644279076,1.5
2133.283813393755,1876.6542480651237,1.5
2133.4080543762507,1876.5698518511717,1.5
2133.5322953587465,1876.4854556372195,1.5
2133.6565363412424,1876.4010594232673,1.5
2133.7807773237387,1876.3166632093153,1.5
2133.9050183062345,1876.232266995363,1.5
2134.0292592887304,1876.1478707814108,1.5
2134.153500271226,1876.0634745674588,1.5
2134.2777412537225,1875.9790783535066,1.5
2134.4019822362184,1875.8946821395543,1.5
2134.526223218714,1875.810285925602,1.5
2134.65046420121,1875.72588971165,1.5
2134.774705183706,1875.6414934976979,1.5
2134.898946166202,1875.5570972837456,1.5
2135.023187148698,1875.4727010697936,1.5
2135.147428131194,1875.3883048558414,1.5
2135.2716691136898,1875.3039086418892,1.5
2135.3959100961856,1875.2195124279372,1.5
2135.520151078682,1875.135116213985,1.5
2135.6443920611778,1875.0507200000327,1.5
2135.7686330436736,1874.9663237860805,1.5
2135.8928740261695,1874.8819275721285,1.5
2136.0171150086658,1874.7975313581762,1.5
2136.1413559911616,1874.713135144224,1.5
2136.2655969736575,1874.628738930272,1.5
2136.3898379561533,1874.5443427163198,1.5
2136.514078938649,1874.4599465023675,1.5
2136.6383199211455,1874.3755502884155,1.5
2136.7625609036413,1874.2911540744633,1.5
2136.886801886137,1874.206757860511,1.5
2137.011042868633,1874.122361646559,1.5
2137.1352838511293,1874.0379654326068,1.5
2137.259524833625,1873.9535692186546,1.5
2137.383765816121,1873.8691730047024,1.5
2137.508006798617,1873.7847767907504,1.5
2137.6322477811127,1873.7003805767981,1.5
2137.756488763609,1873.615984362846,1.5
2137.880729746105,1873.531588148894,1.5
2138.0049707286007,1873.4471919349417,1.5
2138.0049707286007,1873.4471919349417,1.5
2138.097038221746,1873.5656363457122,1.5
2138.189105714891,1873.684080756483,1.5
2138.2811732080363,1873.8025251672534,1.5
2138.3732407011817,1873.920969578024,1.5
2138.465308194327,1874.0394139887944,1.5
2138.557375687472,1874.1578583995652,1.5
2138.6494431806173,1874.2763028103357,1.5
2138.7415106737626,1874.3947472211062,1.5
2138.833578166908,1874.5131916318767,1.5
2138.925645660053,1874.6316360426474,1.5
2139.017713153198,1874.750080453418,1.5
2139.1097806463436,1874.8685248641884,1.5
2139.201848139489,1874.986969274959,1.5
2139.293915632634,1875.1054136857297,1.5
2139.385983125779,1875.2238580965002,1.5
2139.4780506189245,1875.3423025072707,1.5
2139.5701181120694,1875.4607469180412,1.5
2139.6621856052147,1875.579191328812,1.5
2139.75425309836,1875.6976357395824,1.5
2139.8463205915054,1875.816080150353,1.5
2139.9383880846503,1875.9345245611235,1.5
2140.0304555777957,1876.0529689718942,1.5
2140.122523070941,1876.1714133826647,1.5
2140.2145905640864,1876.2898577934352,1.5
2140.3066580572313,1876.4083022042057,1.5
2140.3987255503766,1876.5267466149764,1.5
2140.490793043522,1876.645191025747,1.5
2140.582860536667,1876.7636354365175,1.5
2140.6749280298122,1876.882079847288,1.5
2140.7669955229576,1877.0005242580587,1.5
2140.859063016103,1877.1189686688292,1.5
2140.951130509248,1877.2374130795997,1.5
2141.043198002393,1877.3558574903705,1.5
2141.1352654955385,1877.474301901141,1.5
2141.227332988684,1877.5927463119115,1.5
2141.319400481829,1877.711190722682,1.5
2141.411467974974,1877.8296351334527,1.5
2141.5035354681195,1877.9480795442232,1.5
2141.595602961265,1878.0665239549937,1.5
2141.6876704544097,1878.1849683657642,1.5
2141.779737947555,1878.303412776535,1.5
2141.8718054407004,1878.4218571873055,1.5
2141.9638729338453,1878.540301598076,1.5
2142.0559404269907,1878.6587460088465,1.5
2142.148007920136,1878.7771904196172,1.5
2142.2400754132814,1878.8956348303877,1.5
2142.3321429064263,1879.0140792411582,1.5
2142.4242103995716,1879.1325236519288,1.5
2142.516277892717,1879.2509680626995,1.5
2142.6083453858623,1879.36941247347,1.5
2142.700412879007,1879.4878568842405,1.5
2142.7924803721526,1879.606301295011,1.5
2142.884547865298,1879.7247457057817,1.5
2142.9766153584433,1879.8431901165523,1.5
2143.068682851588,1879.9616345273228,1.5
2143.1607503447335,1880.0800789380933,1.5
2143.252817837879,1880.198523348864,1.5
2143.3448853310238,1880.3169677596345,1.5
2143.436952824169,1880.435412170405,1.5
2143.5290203173145,1880.5538565811758,1.5
2143.62108781046,1880.6723009919463,1.5
2143.7131553036047,1880.7907454027168,1.5
2143.80522279675,1880.9091898134873,1.5
2143.8972902898954,1881.027634224258,1.5
2143.9893577830408,1881.1460786350285,1.5
2144.0814252761857,1881.264523045799,1.5
2144.173492769331,1881.3829674565695,1.5
2144.2655602624764,1881.5014118673403,1.5
2144.3576277556217,1881.6198562781108,1.5
2144.4496952487666,1881.7383006888813,1.5
2144.541762741912,1881.8567450996518,1.5
2144.6338302350573,1881.9751895104225,1.5
2144.725897728202,1882.093633921193,1.5
2144.8179652213475,1882.2120783319635,1.5
2144.910032714493,1882.330522742734,1.5
2145.0021002076383,1882.4489671535048,1.5
2145.094167700783,1882.5674115642753,1.5
2145.1862351939285,1882.6858559750458,1.5
2145.278302687074,1882.8043003858163,1.5
2145.370370180219,1882.922744796587,1.5
2145.462437673364,1883.0411892073575,1.5
2145.5545051665094,1883.159633618128,1.5
2145.646572659655,1883.2780780288986,1.5
2145.7386401527997,1883.3965224396693,1.5
2145.830707645945,1883.5149668504398,1.5
2145.9227751390904,1883.6334112612103,1.5
2146.0148426322357,1883.7518556719808,1.5
2146.1069101253806,1883.8703000827516,1.5
2146.198977618526,1883.988744493522,1.5
2146.2910451116713,1884.1071889042926,1.5
2146.3831126048167,1884.2256333150633,1.5
2146.4751800979616,1884.3440777258338,1.5
2146.567247591107,1884.4625221366043,1.5
2146.6593150842523,1884.5809665473748,1.5
2146.7513825773976,1884.6994109581456,1.5
2146.8434500705425,1884.817855368916,1.5
2146.935517563688,1884.9362997796866,1.5
2147.0275850568332,1885.054744190457,1.5
2147.119652549978,1885.1731886012278,1.5
2147.2117200431235,1885.2916330119983,1.5
2147.303787536269,1885.4100774227688,1.5
2147.395855029414,1885.5285218335393,1.5
2147.487922522559,1885.64696624431,1.5
2147.5799900157044,1885.7654106550806,1.5
2147.67205750885,1885.883855065851,1.5
2147.764125001995,1886.0022994766216,1.5
2147.85619249514,1886.1207438873923,1.5
2147.9482599882854,1886.2391882981628,1.5
2148.0403274814307,1886.3576327089334,1.5
2148.132394974576,1886.4760771197039,1.5
2148.224462467721,1886.5945215304746,1.5
2148.3165299608663,1886.712965941245,1.5
2148.4085974540117,1886.8314103520156,1.5
2148.5006649471566,1886.9498547627861,1.5
2148.592732440302,1887.0682991735569,1.5
2148.6847999334473,1887.1867435843274,1.5
2148.7768674265926,1887.3051879950979,1.5
2148.8689349197375,1887.4236324058684,1.5
2148.961002412883,1887.542076816639,1.5
2149.053069906028,1887.6605212274096,1.5
2149.1451373991736,1887.7789656381801,1.5
2149.2372048923185,1887.8974100489509,1.5
2149.329272385464,1888.0158544597214,1.5
2149.421339878609,1888.1342988704919,1.5
2149.5134073717545,1888.2527432812624,1.5
2149.6054748648994,1888.3711876920331,1.5
2149.6975423580448,1888.4896321028036,1.5
2149.78960985119,1888.6080765135741,1.5
2149.881677344335,1888.7265209243446,1.5
2149.9737448374804,1888.8449653351154,1.5
2150.0658123306257,1888.9634097458859,1.5
2150.157879823771,1889.0818541566564,1.5
2150.249947316916,1889.200298567427,1.5
2150.3420148100613,1889.3187429781976,1.5
2150.4340823032067,1889.4371873889681,1.5
2150.526149796352,1889.5556317997386,1.5
2150.618217289497,1889.6740762105092,1.5
2150.7102847826422,1889.79252062128,1.5
2150.8023522757876,1889.9109650320504,1.5
2150.8944197689325,1890.029409442821,1.5
2150.986487262078,1890.1478538535914,1.5
2151.078554755223,1890.2662982643621,1.5
2151.1706222483685,1890.3847426751327,1.5
2151.2626897415134,1890.5031870859032,1.5
2151.354757234659,1890.6216314966737,1.5
2151.446824727804,1890.7400759074444,1.5
2151.5388922209495,1890.858520318215,1.5
2151.6309597140944,1890.9769647289854,1.5
2151.7230272072397,1891.0954091397562,1.5
2151.815094700385,1891.2138535505267,1.5
2151.9071621935304,1891.3322979612972,1.5
2151.9992296866753,1891.4507423720677,1.5
2152.0912971798207,1891.5691867828384,1.5
2152.183364672966,1891.687631193609,1.5
2152.275432166111,1891.8060756043794,1.5
2152.3674996592563,1891.92452001515,1.5
2152.4595671524016,1892.0429644259207,1.5
2152.551634645547,1892.1614088366912,1.5
2152.643702138692,1892.2798532474617,1.5
2152.7357696318372,1892.3982976582322,1.5
2152.8278371249826,1892.516742069003,1.5
2152.919904618128,1892.6351864797734,1.5
2153.011972111273,1892.753630890544,1.5
2153.104039604418,1892.8720753013145,1.5
2153.1961070975635,1892.9905197120852,1.5
2153.288174590709,1893.1089641228557,1.5
2153.380242083854,1893.2274085336262,1.5
2153.472309576999,1893.3458529443967,1.5
2153.5643770701445,1893.4642973551674,1.5
2153.6564445632894,1893.582741765938,1.5
2153.7485120564347,1893.7011861767085,1.5
2153.84057954958,1893.819630587479,1.5
2153.9326470427254,1893.9380749982497,1.5
2154.0247145358703,1894.0565194090202,1.5
2154.1167820290157,1894.1749638197907,1.5
2154.208849522161,1894.2934082305615,1.5
2154.3009170153064,1894.411852641332,1.5
2154.3929845084513,1894.5302970521025,1.5
2154.4850520015966,1894.648741462873,1.5
2154.577119494742,1894.7671858736437,1.5
2154.6691869878873,1894.8856302844142,1.5
2154.761254481032,1895.0040746951847,1.5
2154.8533219741776,1895.1225191059552,1.5
2154.945389467323,1895.240963516726,1.5
2155.037456960468,1895.3594079274965,1.5
2155.129524453613,1895.477852338267,1.5
2155.2215919467585,1895.5962967490375,1.5
2155.313659439904,1895.7147411598082,1.5
2155.4057269330488,1895.8331855705787,1.5
2155.497794426194,1895.9516299813492,1.5
2155.5898619193395,1896.0700743921197,1.5
2155.681929412485,1896.1885188028905,1.5
2155.7739969056297,1896.306963213661,1.5
2155.866064398775,1896.4254076244315,1.5
2155.9581318919204,1896.543852035202,1.5
2156.0501993850653,1896.6622964459727,1.5
2156.1422668782106,1896.7807408567433,1.5
2156.234334371356,1896.8991852675138,1.5
2156.3264018645013,1897.0176296782843,1.5
2156.4184693576462,1897.136074089055,1.5
2156.5105368507916,1897.2545184998255,1.5
2156.602604343937,1897.372962910596,1.5
2156.6946718370823,1897.4914073213665,1.5
2156.786739330227,1897.6098517321373,1.5
2156.8788068233725,1897.7282961429078,1.5
2156.970874316518,1897.8467405536783,1.5
2157.0629418096632,1897.965184964449,1.5
2157.155009302808,1898.0836293752195,1.5
2157.2470767959535,1898.20207378599,1.5
2157.339144289099,1898.3205181967605,1.5
2157.4312117822437,1898.4389626075313,1.5
2157.523279275389,1898.5574070183018,1.5
2157.6153467685344,1898.6758514290723,1.5
2157.70741426168,1898.7942958398428,1.5
2157.7994817548247,1898.9127402506135,1.5
2157.89154924797,1899.031184661384,1.5
2157.9836167411154,1899.1496290721545,1.5
2158.0756842342607,1899.268073482925,1.5
2158.1677517274056,1899.3865178936958,1.5
2158.259819220551,1899.5049623044663,1.5
2158.3518867136963,1899.6234067152368,1.5
2158.4439542068417,1899.7418511260073,1.5
2158.5360216999866,1899.860295536778,1.5
2158.628089193132,1899.9787399475485,1.5
2158.7201566862773,1900.097184358319,1.5
2158.812224179422,1900.2156287690896,1.5
2158.9042916725675,1900.3340731798603,1.5
2158.996359165713,1900.4525175906308,1.5
2159.088426658858,1900.5709620014013,1.5
2159.180494152003,1900.6894064121718,1.5
2159.2725616451485,1900.8078508229426,1.5
2159.364629138294,1900.926295233713,1.5
2159.456696631439,1901.0447396444836,1.5
2159.548764124584,1901.163184055254,1.5
2159.6408316177294,1901.2816284660248,1.5
2159.7328991108748,1901.4000728767953,1.5
2159.82496660402,1901.5185172875658,1.5
2159.917034097165,1901.6369616983366,1.5
2160.0091015903104,1901.755406109107,1.5
2160.1011690834557,1901.8738505198776,1.5
2160.1932365766006,1901.992294930648,1.5
2160.285304069746,1902.1107393414188,1.5
2160.3773715628913,1902.2291837521893,1.5
2160.4694390560367,1902.3476281629598,1.5
2160.5615065491816,1902.4660725737303,1.5
2160.653574042327,1902.584516984501,1.5
2160.7456415354723,1902.7029613952716,1.5
2160.8377090286176,1902.821405806042,1.5
2160.9297765217625,1902.9398502168126,1.5
2161.021844014908,1903.0582946275833,1.5
2161.113911508053,1903.1767390383538,1.5
2161.205979001198,1903.2951834491244,1.5
2161.2980464943435,1903.4136278598949,1.5
2161.390113987489,1903.5320722706656,1.5
2161.482181480634,1903.650516681436,1.5
2161.574248973779,1903.7689610922066,1.5
2161.6663164669244,1903.8874055029771,1.5
2161.7583839600698,1904.0058499137479,1.5
2161.850451453215,1904.1242943245184,1.5
2161.94251894636,1904.2427387352889,1.5
2162.0345864395053,1904.3611831460594,1.5
2162.1266539326507,1904.47962755683,1.5
2162.218721425796,1904.5980719676006,1.5
2162.310788918941,1904.7165163783711,1.5
2162.4028564120863,1904.8349607891419,1.5
2162.4949239052316,1904.9534051999124,1.5
2162.5869913983765,1905.0718496106829,1.5
2162.679058891522,1905.1902940214534,1.5
2162.7711263846672,1905.3087384322241,1.5
2162.8631938778126,1905.4271828429946,1.5
2162.9552613709575,1905.5456272537651,1.5
2163.047328864103,1905.6640716645356,1.5
2163.139396357248,1905.7825160753064,1.5
2163.2314638503935,1905.9009604860769,1.5
2163.3235313435384,1906.0194048968474,1.5
2163.415598836684,1906.137849307618,1.5
2163.507666329829,1906.2562937183886,1.5
2163.5997338229745,1906.3747381291591,1.5
2163.6918013161194,1906.4931825399296,1.5
2163.7838688092647,1906.6116269507002,1.5
2163.87593630241,1906.730071361471,1.5
2163.968003795555,1906.8485157722414,1.5
2164.0600712887003,1906.966960183012,1.5
2164.1521387818457,1907.0854045937824,1.5
2164.244206274991,1907.2038490045531,1.5
2164.336273768136,1907.3222934153237,1.5
2164.4283412612813,1907.4407378260942,1.5
2164.5204087544266,1907.5591822368647,1.5
2164.612476247572,1907.6776266476354,1.5
2164.704543740717,1907.796071058406,1.5
2164.796611233862,1907.9145154691764,1.5
2164.8886787270076,1908.0329598799472,1.5
2164.9807462201525,1908.1514042907177,1.5
2165.072813713298,1908.2698487014882,1.5
2165.164881206443,1908.3882931122587,1.5
2165.2569486995885,1908.5067375230294,1.5
2165.3490161927334,1908.6251819338,1.5
2165.4410836858788,1908.7436263445704,1.5
2165.533151179024,1908.862070755341,1.5
2165.6252186721695,1908.9805151661117,1.5
2165.7172861653144,1909.0989595768822,1.5
2165.8093536584597,1909.2174039876527,1.5
2165.901421151605,1909.3358483984232,1.5
2165.9934886447504,1909.454292809194,1.5
2166.0855561378953,1909.5727372199644,1.5
2166.1776236310407,1909.691181630735,1.5
2166.269691124186,1909.8096260415055,1.5
2166.361758617331,1909.9280704522762,1.5
2166.4538261104763,1910.0465148630467,1.5
2166.5458936036216,1910.1649592738172,1.5
2166.637961096767,1910.2834036845877,1.5
2166.730028589912,1910.4018480953584,1.5
2166.822096083057,1910.520292506129,1.5
2166.9141635762026,1910.6387369168995,1.5
2167.006231069348,1910.75718132767,1.5
2167.098298562493,1910.8756257384407,1.5
2167.190366055638,1910.9940701492112,1.5
2167.2824335487835,1911.1125145599817,1.5
2167.374501041929,1911.2309589707522,1.5
2167.4665685350737,1911.349403381523,1.5
2167.558636028219,1911.4678477922935,1.5
2167.6507035213644,1911.586292203064,1.5
2167.7427710145093,1911.7047366138345,1.5
2167.8348385076547,1911.8231810246052,1.5
2167.9269060008,1911.9416254353757,1.5
2168.0189734939454,1912.0600698461462,1.5
2168.1110409870903,1912.178514256917,1.5
2168.2031084802356,1912.2969586676875,1.5
2168.295175973381,1912.415403078458,1.5
2168.3872434665263,1912.5338474892285,1.5
2168.4793109596712,1912.6522918999992,1.5
2168.5713784528166,1912.7707363107697,1.5
2168.663445945962,1912.8891807215402,1.5
2168.7555134391073,1913.0076251323107,1.5
2168.847580932252,1913.1260695430815,1.5
2168.9396484253975,1913.244513953852,1.5
2169.031715918543,1913.3629583646225,1.5
2169.123783411688,1913.481402775393,1.5
2169.215850904833,1913.5998471861637,1.5
2169.3079183979785,1913.7182915969343,1.5
2169.399985891124,1913.8367360077048,1.5
2169.4920533842687,1913.9551804184753,1.5
2169.584120877414,1914.073624829246,1.5
2169.6761883705594,1914.1920692400165,1.5
2169.768255863705,1914.310513650787,1.5
2169.8603233568497,1914.4289580615575,1.5
2169.952390849995,1914.5474024723283,1.5
2170.0444583431404,1914.6658468830988,1.5
2170.1365258362857,1914.7842912938693,1.5
2170.2285933294306,1914.9027357046398,1.5
2170.320660822576,1915.0211801154105,1.5
2170.4127283157213,1915.139624526181,1.5
2170.504795808866,1915.2580689369515,1.5
2170.5968633020116,1915.3765133477223,1.5
2170.688930795157,1915.4949577584928,1.5
2170.7809982883023,1915.6134021692633,1.5
2170.873065781447,1915.7318465800338,1.5
2170.9651332745925,1915.8502909908045,1.5
2171.057200767738,1915.968735401575,1.5
2171.149268260883,1916.0871798123455,1.5
2171.241335754028,1916.205624223116,1.5
2171.3334032471735,1916.3240686338868,1.5
2171.425470740319,1916.4425130446573,1.5
2171.5175382334637,1916.5609574554278,1.5
2171.609605726609,1916.6794018661983,1.5
2171.7016732197544,1916.797846276969,1.5
2171.7937407128998,1916.9162906877395,1.5
2171.8858082060447,1917.03473509851,1.5
2171.97787569919,1917.1531795092806,1.5
2172.0699431923354,1917.2716239200513,1.5
2172.1620106854807,1917.3900683308218,1.5
2172.2540781786256,1917.5085127415923,1.5
2172.346145671771,1917.6269571523628,1.5
2172.4382131649163,1917.7454015631336,1.5
2172.5302806580617,1917.863845973904,1.5
2172.6223481512066,1917.9822903846746,1.5
2172.714415644352,1918.100734795445,1.5
2172.8064831374973,1918.2191792062158,1.5
2172.898550630642,1918.3376236169863,1.5
2172.9906181237875,1918.4560680277568,1.5
2173.082685616933,1918.5745124385273,1.5
2173.174753110078,1918.692956849298,1.5
2173.266820603223,1918.8114012600686,1.5
2173.3588880963684,1918.929845670839,1.5
2173.450955589514,1919.0482900816096,1.5
2173.543023082659,1919.1667344923803,1.5
2173.635090575804,1919.2851789031508,1.5
2173.7271580689494,1919.4036233139213,1.5
2173.8192255620947,1919.522067724692,1.5
2173.91129305524,1919.6405121354626,1.5
2174.003360548385,1919.758956546233,1.5
2174.0954280415303,1919.8774009570036,1.5
2174.1874955346757,1919.9958453677743,1.5
2174.2795630278206,1920.1142897785448,1.5
2174.371630520966,1920.2327341893154,1.5
2174.4636980141113,1920.3511786000859,1.5
2174.5557655072566,1920.4696230108566,1.5
2174.6478330004015,1920.588067421627,1.5
2174.739900493547,1920.7065118323976,1.5
2174.8319679866922,1920.8249562431681,1.5
2174.9240354798376,1920.9434006539389,1.5
2175.0161029729825,1921.0618450647094,1.5
2175.108170466128,1921.1802894754799,1.5
2175.200237959273,1921.2987338862504,1.5
2175.292305452418,1921.417178297021,1.5
2175.3843729455634,1921.5356227077916,1.5
2175.476440438709,1921.6540671185621,1.5
2175.568507931854,1921.7725115293326,1.5
2175.660575424999,1921.8909559401034,1.5
2175.7526429181444,1922.0094003508739,1.5
2175.8447104112897,1922.1278447616444,1.5
2175.936777904435,1922.246289172415,1.5
2176.02884539758,1922.3647335831856,1.5
2176.1209128907253,1922.4831779939561,1.5
2176.2129803838707,1922.6016224047266,1.5
2176.305047877016,1922.7200668154974,1.5
2176.397115370161,1922.8385112262679,1.5
2176.4891828633063,1922.9569556370384,1.5
2176.5812503564516,1923.075400047809,1.5
2176.6733178495965,1923.1938444585796,1.5
2176.765385342742,1923.3122888693501,1.5
2176.857452835887,1923.4307332801206,1.5
2176.9495203290326,1923.5491776908912,1.5
2177.0415878221775,1923.667622101662,1.5
2177.133655315323,1923.7860665124324,1.5
2177.225722808468,1923.904510923203,1.5
2177.3177903016135,1924.0229553339734,1.5
2177.4098577947584,1924.1413997447441,1.5
2177.5019252879038,1924.2598441555147,1.5
2177.593992781049,1924.3782885662852,1.5
2177.6860602741945,1924.4967329770557,1.5
2177.7781277673394,1924.6151773878264,1.5
2177.8701952604847,1924.733621798597,1.5
2177.96226275363,1924.8520662093674,1.5
2178.054330246775,1924.970510620138,1.5
2178.1463977399203,1925.0889550309087,1.5
2178.2384652330657,1925.2073994416792,1.5
2178.330532726211,1925.3258438524497,1.5
2178.422600219356,1925.4442882632202,1.5
2178.5146677125013,1925.562732673991,1.5
2178.6067352056466,1925.6811770847614,1.5
2178.698802698792,1925.799621495532,1.5
2178.790870191937,1925.9180659063027,1.5
2178.882937685082,1926.0365103170732,1.5
2178.9750051782275,1926.1549547278437,1.5
2179.0670726713724,1926.2733991386142,1.5
2179.159140164518,1926.391843549385,1.5
2179.251207657663,1926.5102879601554,1.5
2179.3432751508085,1926.628732370926,1.5
2179.4353426439534,1926.7471767816965,1.5
2179.5274101370987,1926.8656211924672,1.5
2179.619477630244,1926.9840656032377,1.5
2179.7115451233894,1927.1025100140082,1.5
2179.8036126165343,1927.2209544247787,1.5
2179.8956801096797,1927.3393988355494,1.5
2179.987747602825,1927.45784324632,1.5
2180.0798150959704,1927.5762876570905,1.5
2180.1718825891153,1927.694732067861,1.5
2180.2639500822606,1927.8131764786317,1.5
2180.356017575406,1927.9316208894022,1.5
2180.448085068551,1928.0500653001727,1.5
2180.5401525616962,1928.1685097109432,1.5
2180.6322200548416,1928.286954121714,1.5
2180.724287547987,1928.4053985324845,1.5
2180.816355041132,1928.523842943255,1.5
2180.908422534277,1928.6422873540255,1.5
2181.0004900274225,1928.7607317647962,1.5
2181.092557520568,1928.8791761755667,1.5
2181.184625013713,1928.9976205863372,1.5
2181.276692506858,1929.116064997108,1.5
2181.3687600000035,1929.2345094078785,1.5
2181.460827493149,1929.352953818649,1.5
2181.5528949862937,1929.4713982294195,1.5
2181.644962479439,1929.5898426401902,1.5
2181.7370299725844,1929.7082870509607,1.5
2181.8290974657293,1929.8267314617312,1.5
2181.9211649588747,1929.9451758725017,1.5
2182.01323245202,1930.0636202832725,1.5
2182.1052999451654,1930.182064694043,1.5
2182.1973674383103,1930.3005091048135,1.5
2182.2894349314556,1930.418953515584,1.5
2182.381502424601,1930.5373979263547,1.5
2182.4735699177463,1930.6558423371253,1.5
2182.565637410891,1930.7742867478958,1.5
2182.6577049040366,1930.8927311586663,1.5
2182.749772397182,1931.011175569437,1.5
2182.8418398903273,1931.1296199802075,1.5
2182.933907383472,1931.248064390978,1.5
2183.0259748766175,1931.3665088017485,1.5
2183.118042369763,1931.4849532125193,1.5
2183.2101098629078,1931.6033976232898,1.5
2183.302177356053,1931.7218420340603,1.5
2183.3942448491985,1931.8402864448308,1.5
2183.486312342344,1931.9587308556015,1.5
2183.5783798354887,1932.077175266372,1.5
2183.670447328634,1932.1956196771425,1.5
2183.7625148217794,1932.314064087913,1.5
2183.8545823149248,1932.4325084986838,1.5
2183.9466498080697,1932.5509529094543,1.5
2184.038717301215,1932.6693973202248,1.5
2184.1307847943604,1932.7878417309953,1.5
2184.2228522875057,1932.906286141766,1.5
2184.3149197806506,1933.0247305525365,1.5
2184.406987273796,1933.143174963307,1.5
2184.4990547669413,1933.2616193740778,1.5
2184.591122260086,1933.3800637848483,1.5
2184.6831897532315,1933.4985081956188,1.5
2184.775257246377,1933.6169526063893,1.5
2184.8673247395222,1933.73539701716,1.5
2184.959392232667,1933.8538414279305,1.5
2185.0514597258125,1933.972285838701,1.5
2185.143527218958,1934.0907302494716,1.5
2185.235594712103,1934.2091746602423,1.5
2185.327662205248,1934.3276190710128,1.5
2185.4197296983934,1934.4460634817833,1.5
2185.511797191539,1934.5645078925538,1.5
2185.6038646846837,1934.6829523033246,1.5
2185.695932177829,1934.801396714095,1.5
2185.7879996709744,1934.9198411248656,1.5
2185.8800671641197,1935.038285535636,1.5
2185.9721346572646,1935.1567299464068,1.5
2186.06420215041,1935.2751743571773,1.5
2186.1562696435553,1935.3936187679478,1.5
2186.2483371367007,1935.5120631787183,1.5
2186.3404046298456,1935.630507589489,1.5
2186.432472122991,1935.7489520002596,1.5
2186.5245396161363,1935.86739641103,1.5
2186.6166071092816,1935.9858408218006,1.5
2186.7086746024265,1936.1042852325713,1.5
2186.800742095572,1936.2227296433418,1.5
2186.8928095887172,1936.3411740541123,1.5
2186.984877081862,1936.459618464883,1.5
2187.0769445750075,1936.5780628756536,1.5
2187.169012068153,1936.696507286424,1.5
2187.261079561298,1936.8149516971946,1.5
2187.353147054443,1936.9333961079653,1.5
2187.4452145475884,1937.0518405187358,1.5
2187.5372820407338,1937.1702849295064,1.5
2187.629349533879,1937.2887293402769,1.5
2187.721417027024,1937.4071737510476,1.5
2187.8134845201694,1937.525618161818,1.5
2187.9055520133147,1937.6440625725886,1.5
2187.99761950646,1937.7625069833591,1.5
2188.089686999605,1937.8809513941299,1.5
2188.1817544927503,1937.9993958049004,1.5
2188.2738219858957,1938.1178402156709,1.5
2188.3658894790406,1938.2362846264414,1.5
2188.457956972186,1938.354729037212,1.5
2188.5500244653313,1938.4731734479826,1.5
2188.6420919584766,1938.5916178587531,1.5
2188.7341594516215,1938.7100622695236,1.5
2188.826226944767,1938.8285066802944,1.5
2188.918294437912,1938.9469510910649,1.5
2189.0103619310576,1939.0653955018354,1.5
2189.1024294242025,1939.183839912606,1.5
2189.194496917348,1939.3022843233766,1.5
2189.286564410493,1939.4207287341471,1.5
2189.378631903638,1939.5391731449176,1.5
2189.4706993967834,1939.6576175556884,1.5
2189.5627668899288,1939.7760619664589,1.5
2189.654834383074,1939.8945063772294,1.5
2189.746901876219,1940.012950788,1.5
2189.8389693693643,1940.1313951987704,1.5
2189.9310368625097,1940.2498396095411,1.5
2190.023104355655,1940.3682840203116,1.5
2190.1151718488,1940.4867284310822,1.5
2190.2072393419453,1940.605172841853,1.5
2190.2993068350906,1940.7236172526234,1.5
2190.391374328236,1940.842061663394,1.5
2190.483441821381,1940.9605060741644,1.5
2190.5755093145262,1941.0789504849351,1.5
2190.6675768076716,1941.1973948957057,1.5
2190.7596443008165,1941.3158393064762,1.5
2190.851711793962,1941.4342837172467,1.5
2190.943779287107,1941.5527281280174,1.5
2191.0358467802525,1941.671172538788,1.5
2191.1279142733974,1941.7896169495584,1.5
2191.219981766543,1941.908061360329,1.5
2191.312049259688,1942.0265057710997,1.5
2191.4041167528335,1942.1449501818702,1.5
2191.4961842459784,1942.2633945926407,1.5
2191.5882517391237,1942.3818390034112,1.5
2191.680319232269,1942.500283414182,1.5
2191.7723867254144,1942.6187278249524,1.5
2191.8644542185593,1942.737172235723,1.5
2191.9565217117047,1942.8556166464937,1.5
2192.04858920485,1942.9740610572642,1.5
2192.140656697995,1943.0925054680347,1.5
2192.2327241911403,1943.2109498788052,1.5
2192.3247916842856,1943.3293942895757,1.5
2192.416859177431,1943.4478387003464,1.5
2192.508926670576,1943.566283111117,1.5
2192.600994163721,1943.6847275218875,1.5
2192.6930616568666,1943.8031719326582,1.5
2192.785129150012,1943.9216163434287,1.5
2192.877196643157,1944.0400607541992,1.5
2192.969264136302,1944.1585051649697,1.5
2193.0613316294475,1944.2769495757404,1.5
2193.153399122593,1944.395393986511,1.5
2193.2454666157378,1944.5138383972815,1.5
2193.337534108883,1944.632282808052,1.5
2193.4296016020285,1944.7507272188227,1.5
2193.5216690951734,1944.8691716295932,1.5
2193.6137365883187,1944.9876160403637,1.5
2193.705804081464,1945.1060604511342,1.5
2193.7978715746094,1945.224504861905,1.5
2193.8899390677543,1945.3429492726755,1.5
2193.9820065608997,1945.461393683446,1.5
2194.074074054045,1945.5798380942165,1.5
2194.1661415471904,1945.6982825049872,1.5
2194.2582090403353,1945.8167269157577,1.5
2194.3502765334806,1945.9351713265282,1.5
2194.442344026626,1946.0536157372987,1.5
2194.5344115197713,1946.1720601480695,1.5
2194.626479012916,1946.29050455884,1.5
2194.7185465060616,1946.4089489696105,1.5
2194.810613999207,1946.527393380381,1.5
2194.902681492352,1946.6458377911517,1.5
2194.994748985497,1946.7642822019222,1.5
2195.0868164786425,1946.8827266126927,1.5
2195.178883971788,1947.0011710234635,1.5
2195.2709514649328,1947.119615434234,1.5
2195.363018958078,1947.2380598450045,1.5
2195.4550864512235,1947.356504255775,1.5
2195.547153944369,1947.4749486665457,1.5
2195.6392214375137,1947.5933930773163,1.5
2195.731288930659,1947.7118374880868,1.5
2195.8233564238044,1947.8302818988573,1.5
2195.9154239169493,1947.948726309628,1.5
2196.0074914100946,1948.0671707203985,1.5
2196.09955890324,1948.185615131169,1.5
2196.1916263963853,1948.3040595419395,1.5
2196.2836938895302,1948.4225039527103,1.5
2196.3757613826756,1948.5409483634808,1.5
2196.467828875821,1948.6593927742513,1.5
2196.5598963689663,1948.7778371850218,1.5
2196.651963862111,1948.8962815957925,1.5
2196.7440313552565,1949.014726006563,1.5
2196.836098848402,1949.1331704173335,1.5
2196.9281663415472,1949.251614828104,1.5
2197.020233834692,1949.3700592388748,1.5
2197.1123013278375,1949.4885036496453,1.5
2197.204368820983,1949.6069480604158,1.5
2197.2964363141277,1949.7253924711863,1.5
2197.388503807273,1949.843836881957,1.5
2197.4805713004184,1949.9622812927275,1.5
2197.572638793564,1950.080725703498,1.5
2197.6647062867087,1950.1991701142688,1.5
2197.756773779854,1950.3176145250393,1.5
2197.8488412729994,1950.4360589358098,1.5
2197.9409087661447,1950.5545033465803,1.5
2198.0329762592896,1950.6729477573508,1.5
2198.125043752435,1950.7913921681215,1.5
2198.2171112455803,1950.909836578892,1.5
2198.3091787387257,1951.0282809896626,1.5
2198.4012462318706,1951.1467254004333,1.5
2198.493313725016,1951.2651698112038,1.5
2198.5853812181613,1951.3836142219743,1.5
2198.677448711306,1951.5020586327448,1.5
2198.7695162044515,1951.6205030435156,1.5
2198.861583697597,1951.738947454286,1.5
2198.953651190742,1951.8573918650566,1.5
2199.045718683887,1951.975836275827,1.5
2199.1377861770325,1952.0942806865978,1.5
2199.229853670178,1952.2127250973683,1.5
2199.321921163323,1952.3311695081388,1.5
2199.413988656468,1952.4496139189093,1.5
2199.5060561496134,1952.56805832968,1.5
2199.5981236427588,1952.6865027404506,1.5
2199.6901911359037,1952.804947151221,1.5
2199.782258629049,1952.9233915619916,1.5
2199.8743261221944,1953.0418359727623,1.5
2199.9663936153397,1953.1602803835328,1.5
2200.0584611084846,1953.2787247943033,1.5
2200.15052860163,1953.397169205074,1.5
2200.2425960947753,1953.5156136158446,1.5
2200.3346635879207,1953.634058026615,1.5
2200.4267310810656,1953.7525024373856,1.5
2200.518798574211,1953.870946848156,1.5
2200.6108660673563,1953.9893912589268,1.5
2200.7029335605016,1954.1078356696974,1.5
2200.7950010536465,1954.2262800804679,1.5
2200.887068546792,1954.3447244912386,1.5
2200.979136039937,1954.463168902009,1.5
2201.071203533082,1954.5816133127796,1.5
2201.1632710262274,1954.7000577235501,1.5
2201.255338519373,1954.8185021343209,1.5
2201.347406012518,1954.9369465450914,1.5
2201.439473505663,1955.0553909558619,1.5
2201.5315409988084,1955.1738353666324,1.5
2201.6236084919537,1955.292279777403,1.5
2201.715675985099,1955.4107241881736,1.5
2201.807743478244,1955.5291685989441,1.5
2201.8998109713893,1955.6476130097146,1.5
2201.9918784645347,1955.7660574204854,1.5
2202.08394595768,1955.8845018312559,1.5
2202.176013450825,1956.0029462420264,1.5
2202.2680809439703,1956.121390652797,1.5
2202.3601484371156,1956.2398350635676,1.5
2202.4522159302605,1956.3582794743381,1.5
2202.544283423406,1956.4767238851086,1.5
2202.6363509165512,1956.5951682958794,1.5
2202.7284184096966,1956.7136127066499,1.5
2202.8204859028415,1956.8320571174204,1.5
2202.912553395987,1956.950501528191,1.5
2203.004620889132,1957.0689459389614,1.5
2203.0966883822775,1957.1873903497321,1.5
2203.1887558754224,1957.3058347605026,1.5
2203.280823368568,1957.4242791712732,1.5
2203.372890861713,1957.542723582044,1.5
2203.464958354858,1957.6611679928144,1.5
2203.5570258480034,1957.779612403585,1.5
2203.6490933411487,1957.8980568143554,1.5
2203.741160834294,1958.0165012251261,1.5
2203.833228327439,1958.1349456358967,1.5
2203.9252958205843,1958.2533900466672,1.5
2204.0173633137297,1958.3718344574377,1.5
2204.109430806875,1958.4902788682084,1.5
2204.20149830002,1958.608723278979,1.5
2204.2935657931653,1958.7271676897494,1.5
2204.3856332863106,1958.84561210052,1.5
2204.477700779456,1958.9640565112907,1.5
2204.569768272601,1959.0825009220612,1.5
2204.661835765746,1959.2009453328317,1.5
2204.7539032588916,1959.3193897436022,1.5
2204.845970752037,1959.437834154373,1.5
2204.938038245182,1959.5562785651434,1.5
2205.030105738327,1959.674722975914,1.5
2205.1221732314725,1959.7931673866844,1.5
2205.2142407246174,1959.9116117974552,1.5
2205.3063082177628,1960.0300562082257,1.5
2205.398375710908,1960.1485006189962,1.5
2205.4904432040535,1960.2669450297667,1.5
2205.5825106971984,1960.3853894405374,1.5
2205.6745781903437,1960.503833851308,1.5
2205.766645683489,1960.6222782620785,1.5
2205.8587131766344,1960.7407226728492,1.5
2205.9507806697793,1960.8591670836197,1.5
2206.0428481629247,1960.9776114943902,1.5
2206.13491565607,1961.0960559051607,1.5
2206.226983149215,1961.2145003159314,1.5
2206.3190506423603,1961.332944726702,1.5
2206.4111181355056,1961.4513891374725,1.5
2206.503185628651,1961.569833548243,1.5
2206.595253121796,1961.6882779590137,1.5
2206.687320614941,1961.8067223697842,1.5
2206.7793881080866,1961.9251667805547,1.5
2206.871455601232,1962.0436111913252,1.5
2206.963523094377,1962.162055602096,1.5
2207.055590587522,1962.2805000128665,1.5
2207.1476580806675,1962.398944423637,1.5
2207.239725573813,1962.5173888344075,1.5
2207.3317930669577,1962.6358332451782,1.5
2207.423860560103,1962.7542776559487,1.5
2207.5159280532484,1962.8727220667192,1.5
2207.6079955463933,1962.9911664774897,1.5
2207.7000630395387,1963.1096108882605,1.5
2207.792130532684,1963.228055299031,1.5
2207.8841980258294,1963.3464997098015,1.5
2207.9762655189743,1963.464944120572,1.5
2208.0683330121196,1963.5833885313427,1.5
2208.160400505265,1963.7018329421132,1.5
2208.2524679984103,1963.8202773528837,1.5
2208.3445354915552,1963.9387217636545,1.5
2208.4366029847006,1964.057166174425,1.5
2208.528670477846,1964.1756105851955,1.5
2208.6207379709913,1964.294054995966,1.5
2208.712805464136,1964.4124994067365,1.5
2208.8048729572815,1964.5309438175073,1.5
2208.896940450427,1964.6493882282778,1.5
2208.989007943572,1964.7678326390483,1.5
2209.081075436717,1964.886277049819,1.5
2209.1731429298625,1965.0047214605895,1.5
2209.265210423008,1965.12316587136,1.5
2209.3572779161527,1965.2416102821305,1.5
2209.449345409298,1965.3600546929013,1.5
2209.5414129024434,1965.4784991036718,1.5
2209.633480395589,1965.5969435144423,1.5
2209.7255478887337,1965.7153879252128,1.5
2209.817615381879,1965.8338323359835,1.5
2209.9096828750244,1965.952276746754,1.5
2210.0017503681693,1966.0707211575245,1.5
2210.0938178613146,1966.189165568295,1.5
2210.18588535446,1966.3076099790658,1.5
2210.2779528476053,1966.4260543898363,1.5
2210.37002034075,1966.5444988006068,1.5
2210.4620878338956,1966.6629432113773,1.5
2210.554155327041,1966.781387622148,1.5
2210.6462228201863,1966.8998320329185,1.5
2210.738290313331,1967.018276443689,1.5
2210.8303578064765,1967.1367208544598,1.5
2210.922425299622,1967.2551652652303,1.5
2211.014492792767,1967.3736096760008,1.5
2211.106560285912,1967.4920540867713,1.5
2211.1986277790575,1967.6104984975418,1.5
2211.290695272203,1967.7289429083125,1.5
2211.3827627653477,1967.847387319083,1.5
2211.474830258493,1967.9658317298536,1.5
2211.5668977516384,1968.0842761406243,1.5
2211.6589652447838,1968.2027205513948,1.5
2211.7510327379287,1968.3211649621653,1.5
2211.843100231074,1968.4396093729358,1.5
2211.9351677242194,1968.5580537837066,1.5
2212.0272352173647,1968.676498194477,1.5
2212.1193027105096,1968.7949426052476,1.5
2212.211370203655,1968.913387016018,1.5
2212.3034376968003,1969.0318314267888,1.5
2212.3955051899457,1969.1502758375593,1.5
2212.4875726830905,1969.2687202483298,1.5
2212.579640176236,1969.3871646591003,1.5
2212.6717076693812,1969.505609069871,1.5
2212.763775162526,1969.6240534806416,1.5
2212.8558426556715,1969.742497891412,1.5
2212.947910148817,1969.8609423021826,1.5
2213.039977641962,1969.9793867129533,1.5
2213.132045135107,1970.0978311237238,1.5
2213.2241126282524,1970.2162755344943,1.5
2213.316180121398,1970.3347199452649,1.5
2213.408247614543,1970.4531643560356,1.5
2213.500315107688,1970.571608766806,1.5
2213.5923826008334,1970.6900531775766,1.5
2213.6844500939787,1970.808497588347,1.5
2213.7765175871236,1970.9269419991178,1.5
2213.868585080269,1971.0453864098884,1.5
2213.9606525734143,1971.1638308206589,1.5
2214.0527200665597,1971.2822752314296,1.5
2214.1447875597046,1971.4007196422,1.5
2214.23685505285,1971.5191640529706,1.5
2214.3289225459953,1971.6376084637411,1.5
2214.4209900391406,1971.7560528745119,1.5
2214.5130575322855,1971.8744972852824,1.5
2214.605125025431,1971.9929416960529,1.5
2214.6971925185762,1972.1113861068234,1.5
2214.7892600117216,1972.229830517594,1.5
2214.8813275048665,1972.3482749283646,1.5
2214.973394998012,1972.4667193391351,1.5
2215.065462491157,1972.5851637499056,1.5
2215.157529984302,1972.7036081606764,1.5
2215.2495974774474,1972.8220525714469,1.5
2215.341664970593,1972.9404969822174,1.5
2215.433732463738,1973.058941392988,1.5
2215.525799956883,1973.1773858037586,1.5
2215.6178674500284,1973.2958302145291,1.5
2215.7099349431737,1973.4142746252996,1.5
2215.802002436319,1973.5327190360701,1.5
2215.894069929464,1973.6511634468409,1.5
2215.9861374226093,1973.7696078576114,1.5
2216.0782049157547,1973.888052268382,1.5
2216.1702724089,1974.0064966791524,1.5
2216.262339902045,1974.1249410899231,1.5
2216.3544073951903,1974.2433855006936,1.5
2216.4464748883356,1974.3618299114642,1.5
2216.5385423814805,1974.4802743222347,1.5
2216.630609874626,1974.5987187330054,1.5
2216.722677367771,1974.717163143776,1.5
2216.8147448609166,1974.8356075545464,1.5
2216.9068123540615,1974.9540519653171,1.5
2216.998879847207,1975.0724963760877,1.5
2217.090947340352,1975.1909407868582,1.5
2217.1830148334975,1975.3093851976287,1.5
2217.2750823266424,1975.4278296083994,1.5
2217.3671498197878,1975.54627401917,1.5
2217.459217312933,1975.6647184299404,1.5
2217.551284806078,1975.783162840711,1.5
2217.6433522992234,1975.9016072514817,1.5
2217.7354197923687,1976.0200516622522,1.5
2217.827487285514,1976.1384960730227,1.5
2217.919554778659,1976.2569404837932,1.5
2218.0116222718043,1976.375384894564,1.5
2218.1036897649496,1976.4938293053344,1.5
2218.195757258095,1976.612273716105,1.5
2218.28782475124,1976.7307181268754,1.5
2218.3798922443852,1976.8491625376462,1.5
2218.4719597375306,1976.9676069484167,1.5
2218.564027230676,1977.0860513591872,1.5
2218.656094723821,1977.2044957699577,1.5
2218.748162216966,1977.3229401807284,1.5
2218.8402297101115,1977.441384591499,1.5
2218.9322972032564,1977.5598290022695,1.5
2219.024364696402,1977.67827341304,1.5
2219.116432189547,1977.7967178238107,1.5
2219.2084996826925,1977.9151622345812,1.5
2219.3005671758374,1978.0336066453517,1.5
2219.3926346689827,1978.1520510561222,1.5
2219.484702162128,1978.270495466893,1.5
2219.5767696552734,1978.3889398776635,1.5
2219.6688371484183,1978.507384288434,1.5
2219.7609046415637,1978.6258286992047,1.5
2219.852972134709,1978.7442731099752,1.5
2219.9450396278544,1978.8627175207457,1.5
2220.0371071209993,1978.9811619315162,1.5
2220.1291746141446,1979.099606342287,1.5
2220.22124210729,1979.2180507530575,1.5
2220.313309600435,1979.336495163828,1.5
2220.4053770935802,1979.4549395745985,1.5
2220.4974445867256,1979.5733839853692,1.5
2220.589512079871,1979.6918283961397,1.5
2220.681579573016,1979.8102728069102,1.5
2220.773647066161,1979.9287172176807,1.5
2220.8657145593065,1980.0471616284515,1.5
2220.957782052452,1980.165606039222,1.5
2221.0498495455968,1980.2840504499925,1.5
2221.141917038742,1980.402494860763,1.5
2221.2339845318875,1980.5209392715337,1.5
2221.326052025033,1980.6393836823042,1.5
2221.4181195181777,1980.7578280930747,1.5
2221.510187011323,1980.8762725038455,1.5
2221.6022545044684,1980.994716914616,1.5
2221.6943219976133,1981.1131613253865,1.5
2221.7863894907587,1981.231605736157,1.5
2221.878456983904,1981.3500501469275,1.5
2221.9705244770494,1981.4684945576982,1.5
2222.0625919701943,1981.5869389684688,1.5
2222.1546594633396,1981.7053833792393,1.5
2222.246726956485,1981.82382779001,1.5
2222.3387944496303,1981.9422722007805,1.5
2222.430861942775,1982.060716611551,1.5
2222.5229294359206,1982.1791610223215,1.5
2222.614996929066,1982.2976054330923,1.5
2222.7070644222113,1982.4160498438628,1.5
2222.799131915356,1982.5344942546333,1.5
2222.8911994085015,1982.6529386654038,1.5
2222.983266901647,1982.7713830761745,1.5
2223.0753343947918,1982.889827486945,1.5
2223.167401887937,1983.0082718977155,1.5
2223.2594693810825,1983.126716308486,1.5
2223.351536874228,1983.2451607192568,1.5
2223.4436043673727,1983.3636051300273,1.5
2223.535671860518,1983.4820495407978,1.5
2223.6277393536634,1983.6004939515683,1.5
2223.7198068468088,1983.718938362339,1.5
2223.8118743399536,1983.8373827731095,1.5
2223.903941833099,1983.95582718388,1.5
2223.9960093262443,1984.0742715946506,1.5
2224.0880768193892,1984.1927160054213,1.5
2224.1801443125346,1984.3111604161918,1.5
2224.27221180568,1984.4296048269623,1.5
2224.3642792988253,1984.5480492377328,1.5
2224.45634679197,1984.6664936485035,1.5
2224.5484142851155,1984.784938059274,1.5
2224.640481778261,1984.9033824700446,1.5
2224.7325492714062,1985.0218268808153,1.5
2224.824616764551,1985.1402712915858,1.5
2224.9166842576965,1985.2587157023563,1.5
2225.008751750842,1985.3771601131268,1.5
2225.100819243987,1985.4956045238976,1.5
2225.192886737132,1985.614048934668,1.5
2225.2849542302774,1985.7324933454386,1.5
2225.377021723423,1985.850937756209,1.5
2225.4690892165677,1985.9693821669798,1.5
2225.561156709713,1986.0878265777503,1.5
2225.6532242028584,1986.2062709885208,1.5
2225.7452916960037,1986.3247153992913,1.5
2225.8373591891486,1986.443159810062,1.5
2225.929426682294,1986.5616042208326,1.5
2226.0214941754393,1986.680048631603,1.5
2226.1135616685847,1986.7984930423736,1.5
2226.2056291617296,1986.9169374531443,1.5
2226.297696654875,1987.0353818639148,1.5
2226.3897641480203,1987.1538262746853,1.5
2226.4818316411656,1987.2722706854559,1.5
2226.5738991343105,1987.3907150962266,1.5
2226.665966627456,1987.509159506997,1.5
2226.758034120601,1987.6276039177676,1.5
2226.850101613746,1987.746048328538,1.5
2226.9421691068915,1987.8644927393088,1.5
2227.034236600037,1987.9829371500794,1.5
2227.126304093182,1988.1013815608499,1.5
2227.218371586327,1988.2198259716204,1.5
2227.3104390794724,1988.338270382391,1.5
2227.4025065726178,1988.4567147931616,1.5
2227.494574065763,1988.5751592039321,1.5
2227.586641558908,1988.6936036147026,1.5
2227.6787090520534,1988.8120480254734,1.5
2227.7707765451987,1988.9304924362439,1.5
2227.8628440383436,1989.0489368470144,1.5
2227.954911531489,1989.167381257785,1.5
2228.0469790246343,1989.2858256685556,1.5
2228.1390465177797,1989.4042700793261,1.5
2228.2311140109246,1989.5227144900966,1.5
2228.32318150407,1989.6411589008674,1.5
2228.4152489972153,1989.7596033116379,1.5
2228.5073164903606,1989.8780477224084,1.5
2228.5993839835055,1989.996492133179,1.5
2228.691451476651,1990.1149365439496,1.5
2228.783518969796,1990.2333809547201,1.5
2228.8755864629416,1990.3518253654906,1.5
2228.9676539560865,1990.4702697762611,1.5
2229.059721449232,1990.5887141870319,1.5
2229.151788942377,1990.7071585978024,1.5
2229.243856435522,1990.825603008573,1.5
2229.3359239286674,1990.9440474193434,1.5
2229.4279914218127,1991.0624918301141,1.5
2229.520058914958,1991.1809362408846,1.5
2229.612126408103,1991.2993806516552,1.5
2229.7041939012483,1991.4178250624257,1.5
2229.7962613943937,1991.5362694731964,1.5
2229.888328887539,1991.654713883967,1.5
2229.980396380684,1991.7731582947374,1.5
2230.0724638738293,1991.891602705508,1.5
2230.1645313669746,1992.0100471162787,1.5
2230.25659886012,1992.1284915270492,1.5
2230.348666353265,1992.2469359378197,1.5
2230.4407338464102,1992.3653803485904,1.5
2230.5328013395556,1992.483824759361,1.5
2230.6248688327005,1992.6022691701314,1.5
2230.716936325846,1992.720713580902,1.5
2230.809003818991,1992.8391579916724,1.5
2230.9010713121365,1992.9576024024432,1.5
2230.9931388052814,1993.0760468132137,1.5
2231.085206298427,1993.1944912239842,1.5
2231.177273791572,1993.312935634755,1.5
2231.2693412847175,1993.4313800455254,1.5
2231.3614087778624,1993.549824456296,1.5
2231.4534762710077,1993.6682688670664,1.5
2231.545543764153,1993.7867132778372,1.5
2231.6376112572984,1993.9051576886077,1.5
2231.7296787504433,1994.0236020993782,1.5
2231.8217462435887,1994.1420465101487,1.5
2231.913813736734,1994.2604909209194,1.5
2232.005881229879,1994.37893533169,1.5
2232.0979487230243,1994.4973797424605,1.5
2232.1900162161696,1994.615824153231,1.5
2232.282083709315,1994.7342685640017,1.5
2232.37415120246,1994.8527129747722,1.5
2232.466218695605,1994.9711573855427,1.5
2232.5582861887506,1995.0896017963132,1.5
2232.650353681896,1995.208046207084,1.5
2232.742421175041,1995.3264906178545,1.5
2232.834488668186,1995.444935028625,1.5
2232.9265561613315,1995.5633794393957,1.5
2233.018623654477,1995.6818238501662,1.5
2233.1106911476218,1995.8002682609367,1.5
2233.202758640767,1995.9187126717072,1.5
2233.2948261339125,1996.037157082478,1.5
2233.3868936270574,1996.1556014932485,1.5
2233.4789611202027,1996.274045904019,1.5
2233.571028613348,1996.3924903147895,1.5
2233.6630961064934,1996.5109347255602,1.5
2233.7551635996383,1996.6293791363307,1.5
2233.8472310927837,1996.7478235471012,1.5
2233.939298585929,1996.8662679578717,1.5
2234.0313660790744,1996.9847123686425,1.5
2234.1234335722193,1997.103156779413,1.5
2234.2155010653646,1997.2216011901835,1.5
2234.30756855851,1997.340045600954,1.5
2234.399636051655,1997.4584900117247,1.5
2234.4917035448,1997.5769344224952,1.5
2234.5837710379456,1997.6953788332657,1.5
2234.675838531091,1997.8138232440363,1.5
2234.767906024236,1997.932267654807,1.5
2234.859973517381,1998.0507120655775,1.5
2234.9520410105265,1998.169156476348,1.5
2235.044108503672,1998.2876008871185,1.5
2235.1361759968167,1998.4060452978892,1.5
2235.228243489962,1998.5244897086598,1.5
2235.3203109831074,1998.6429341194303,1.5
2235.412378476253,1998.761378530201,1.5
2235.5044459693977,1998.8798229409715,1.5
2235.596513462543,1998.998267351742,1.5
2235.596513462543,1998.998267351742,1.5
2235.469234016784,1999.077918870308,1.5
2235.341954571025,1999.157570388874,1.5
2235.2146751252653,1999.23722190744,1.5
2235.0873956795062,1999.3168734260062,1.5
2234.960116233747,1999.396524944572,1.5
2234.832836787988,1999.4761764631382,1.5
2234.7055573422285,1999.5558279817042,1.5
2234.5782778964694,1999.6354795002703,1.5
2234.4509984507104,1999.7151310188362,1.5
2234.3237190049513,1999.7947825374024,1.5
2234.1964395591917,1999.8744340559683,1.5
2234.0691601134326,1999.9540855745345,1.5
2233.9418806676736,2000.0337370931004,1.5
2233.8146012219145,2000.1133886116666,1.5
2233.687321776155,2000.1930401302325,1.5
2233.560042330396,2000.2726916487986,1.5
2233.4327628846368,2000.3523431673646,1.5
2233.3054834388777,2000.4319946859305,1.5
2233.178203993118,2000.5116462044966,1.5
2233.050924547359,2000.5912977230626,1.5
2232.9236451016,2000.6709492416287,1.5
2232.796365655841,2000.7506007601946,1.5
2232.6690862100813,2000.8302522787608,1.5
2232.5418067643222,2000.9099037973267,1.5
2232.414527318563,2000.9895553158929,1.5
2232.287247872804,2001.0692068344588,1.5
2232.1599684270445,2001.148858353025,1.5
2232.0326889812854,2001.2285098715909,1.5
2231.9054095355264,2001.308161390157,1.5
2231.7781300897673,2001.387812908723,1.5
2231.6508506440077,2001.467464427289,1.5
2231.5235711982486,2001.547115945855,1.5
2231.3962917524896,2001.6267674644212,1.5
2231.2690123067305,2001.706418982987,1.5
2231.141732860971,2001.786070501553,1.5
2231.014453415212,2001.8657220201192,1.5
2230.8871739694528,2001.945373538685,1.5
2230.7598945236937,2002.0250250572512,1.5
2230.632615077934,2002.1046765758172,1.5
2230.505335632175,2002.1843280943833,1.5
2230.378056186416,2002.2639796129492,1.5
2230.250776740657,2002.3436311315154,1.5
2230.123497294898,2002.4232826500813,1.5
2229.9962178491382,2002.5029341686475,1.5
2229.868938403379,2002.5825856872134,1.5
2229.74165895762,2002.6622372057795,1.5
2229.614379511861,2002.7418887243455,1.5
2229.4871000661014,2002.8215402429116,1.5
2229.3598206203424,2002.9011917614775,1.5
2229.2325411745833,2002.9808432800437,1.5
2229.105261728824,2003.0604947986096,1.5
2228.9779822830646,2003.1401463171755,1.5
2228.8507028373056,2003.2197978357417,1.5
2228.7234233915465,2003.2994493543076,1.5
2228.5961439457874,2003.3791008728738,1.5
2228.468864500028,2003.4587523914397,1.5
2228.3415850542688,2003.5384039100059,1.5
2228.2143056085097,2003.6180554285718,1.5
2228.0870261627506,2003.697706947138,1.5
2227.959746716991,2003.7773584657039,1.5
2227.832467271232,2003.85700998427,1.5
2227.705187825473,2003.936661502836,1.5
2227.577908379714,2004.016313021402,1.5
2227.4506289339542,2004.095964539968,1.5
2227.323349488195,2004.1756160585342,1.5
2227.196070042436,2004.2552675771,1.5
2227.068790596677,2004.3349190956662,1.5
2226.9415111509174,2004.4145706142322,1.5
2226.8142317051584,2004.494222132798,1.5
2226.6869522593993,2004.5738736513642,1.5
2226.55967281364,2004.6535251699302,1.5
2226.4323933678806,2004.7331766884963,1.5
2226.3051139221216,2004.8128282070622,1.5
2226.1778344763625,2004.8924797256284,1.5
2226.0505550306034,2004.9721312441943,1.5
2225.923275584844,2005.0517827627605,1.5
2225.7959961390848,2005.1314342813264,1.5
2225.6687166933257,2005.2110857998925,1.5
2225.5414372475666,2005.2907373184585,1.5
2225.414157801807,2005.3703888370246,1.5
2225.286878356048,2005.4500403555905,1.5
2225.159598910289,2005.5296918741567,1.5
2225.03231946453,2005.6093433927226,1.5
2224.9050400187703,2005.6889949112888,1.5
2224.777760573011,2005.7686464298547,1.5
2224.650481127252,2005.8482979484206,1.5
2224.523201681493,2005.9279494669868,1.5
2224.395922235734,2006.0076009855527,1.5
2224.2686427899744,2006.0872525041189,1.5
2224.1413633442153,2006.1669040226848,1.5
2224.014083898456,2006.246555541251,1.5
2223.886804452697,2006.3262070598169,1.5
2223.7595250069376,2006.405858578383,1.5
2223.6322455611785,2006.485510096949,1.5
2223.5049661154194,2006.565161615515,1.5
2223.3776866696603,2006.644813134081,1.5
2223.2504072239008,2006.7244646526472,1.5
2223.1231277781417,2006.804116171213,1.5
2222.9958483323826,2006.8837676897792,1.5
2222.8685688866235,2006.9634192083452,1.5
2222.741289440864,2007.0430707269113,1.5
2222.614009995105,2007.1227222454772,1.5
2222.486730549346,2007.2023737640432,1.5
2222.3594511035867,2007.2820252826093,1.5
2222.232171657827,2007.3616768011752,1.5
2222.104892212068,2007.4413283197414,1.5
2221.977612766309,2007.5209798383073,1.5
2221.85033332055,2007.6006313568735,1.5
2221.7230538747904,2007.6802828754394,1.5
2221.5957744290313,2007.7599343940055,1.5
2221.468494983272,2007.8395859125715,1.5
2221.341215537513,2007.9192374311376,1.5
2221.2139360917536,2007.9988889497035,1.5
2221.0866566459945,2008.0785404682697,1.5
2220.9593772002354,2008.1581919868356,1.5
2220.8320977544763,2008.2378435054018,1.5
2220.7048183087168,2008.3174950239677,1.5
2220.5775388629577,2008.3971465425338,1.5
2220.4502594171986,2008.4767980610998,1.5
2220.3229799714395,2008.5564495796657,1.5
2220.19570052568,2008.6361010982318,1.5
2220.068421079921,2008.7157526167978,1.5
2219.941141634162,2008.795404135364,1.5
2219.8138621884027,2008.8750556539298,1.5
2219.686582742643,2008.954707172496,1.5
2219.559303296884,2009.034358691062,1.5
2219.432023851125,2009.114010209628,1.5
2219.304744405366,2009.193661728194,1.5
2219.1774649596064,2009.2733132467602,1.5
2219.0501855138473,2009.352964765326,1.5
2218.922906068088,2009.4326162838922,1.5
2218.795626622329,2009.5122678024582,1.5
2218.66834717657,2009.5919193210243,1.5
2218.5410677308105,2009.6715708395902,1.5
2218.4137882850514,2009.7512223581564,1.5
2218.2865088392923,2009.8308738767223,1.5
2218.159229393533,2009.9105253952882,1.5
2218.0319499477737,2009.9901769138544,1.5
2217.9046705020146,2010.0698284324203,1.5
2217.7773910562555,2010.1494799509865,1.5
2217.6501116104964,2010.2291314695524,1.5
2217.522832164737,2010.3087829881185,1.5
2217.395552718978,2010.3884345066845,1.5
2217.2682732732187,2010.4680860252506,1.5
2217.1409938274596,2010.5477375438165,1.5
2217.0137143817,2010.6273890623827,1.5
2216.886434935941,2010.7070405809486,1.5
2216.759155490182,2010.7866920995148,1.5
2216.631876044423,2010.8663436180807,1.5
2216.5045965986633,2010.9459951366468,1.5
2216.377317152904,2011.0256466552128,1.5
2216.250037707145,2011.105298173779,1.5
2216.122758261386,2011.1849496923448,1.5
2215.9954788156265,2011.2646012109108,1.5
2215.8681993698674,2011.344252729477,1.5
2215.7409199241083,2011.4239042480428,1.5
2215.613640478349,2011.503555766609,1.5
2215.4863610325897,2011.583207285175,1.5
2215.3590815868306,2011.662858803741,1.5
2215.2318021410715,2011.742510322307,1.5
2215.1045226953124,2011.8221618408732,1.5
2214.977243249553,2011.901813359439,1.5
2214.849963803794,2011.9814648780052,1.5
2214.7226843580347,2012.0611163965712,1.5
2214.5954049122756,2012.1407679151373,1.5
2214.468125466516,2012.2204194337032,1.5
2214.340846020757,2012.3000709522694,1.5
2214.213566574998,2012.3797224708353,1.5
2214.086287129239,2012.4593739894015,1.5
2213.9590076834793,2012.5390255079674,1.5
2213.83172823772,2012.6186770265333,1.5
2213.704448791961,2012.6983285450995,1.5
2213.577169346202,2012.7779800636654,1.5
2213.449889900443,2012.8576315822315,1.5
2213.3226104546834,2012.9372831007975,1.5
2213.1953310089243,2013.0169346193636,1.5
2213.068051563165,2013.0965861379295,1.5
2212.940772117406,2013.1762376564957,1.5
2212.8134926716466,2013.2558891750616,1.5
2212.6862132258875,2013.3355406936278,1.5
2212.5589337801284,2013.4151922121937,1.5
2212.4316543343693,2013.4948437307598,1.5
2212.30437488861,2013.5744952493258,1.5
2212.1770954428507,2013.654146767892,1.5
2212.0498159970916,2013.7337982864578,1.5
2211.9225365513325,2013.813449805024,1.5
2211.795257105573,2013.89310132359,1.5
2211.667977659814,2013.9727528421558,1.5
2211.540698214055,2014.052404360722,1.5
2211.4134187682957,2014.132055879288,1.5
2211.286139322536,2014.211707397854,1.5
2211.158859876777,2014.29135891642,1.5
2211.031580431018,2014.3710104349861,1.5
2210.904300985259,2014.450661953552,1.5
2210.7770215394994,2014.5303134721182,1.5
2210.6497420937403,2014.6099649906841,1.5
2210.5224626479812,2014.6896165092503,1.5
2210.395183202222,2014.7692680278162,1.5
2210.2679037564626,2014.8489195463824,1.5
2210.1406243107035,2014.9285710649483,1.5
2210.0133448649444,2015.0082225835145,1.5
2209.8860654191853,2015.0878741020804,1.5
2209.758785973426,2015.1675256206465,1.5
2209.6315065276667,2015.2471771392125,1.5
2209.5042270819076,2015.3268286577784,1.5
2209.3769476361485,2015.4064801763445,1.5
2209.249668190389,2015.4861316949105,1.5
2209.12238874463,2015.5657832134766,1.5
2208.995109298871,2015.6454347320425,1.5
2208.8678298531117,2015.7250862506087,1.5
2208.740550407352,2015.8047377691746,1.5
2208.613270961593,2015.8843892877408,1.5
2208.485991515834,2015.9640408063067,1.5
2208.358712070075,2016.0436923248728,1.5
2208.231432624316,2016.1233438434388,1.5
2208.1041531785563,2016.202995362005,1.5
2207.9768737327972,2016.2826468805708,1.5
2207.849594287038,2016.362298399137,1.5
2207.722314841279,2016.441949917703,1.5
2207.5950353955195,2016.521601436269,1.5
2207.4677559497604,2016.601252954835,1.5
2207.3404765040013,2016.680904473401,1.5
2207.2131970582423,2016.760555991967,1.5
2207.0859176124827,2016.840207510533,1.5
2206.9586381667236,2016.9198590290991,1.5
2206.8313587209645,2016.999510547665,1.5
2206.7040792752055,2017.0791620662312,1.5
2206.576799829446,2017.1588135847971,1.5
2206.449520383687,2017.2384651033633,1.5
2206.3222409379277,2017.3181166219292,1.5
2206.1949614921687,2017.3977681404954,1.5
2206.067682046409,2017.4774196590613,1.5
2205.94040260065,2017.5570711776274,1.5
2205.813123154891,2017.6367226961934,1.5
2205.685843709132,2017.7163742147595,1.5
2205.5585642633723,2017.7960257333255,1.5
2205.4312848176132,2017.8756772518914,1.5
2205.304005371854,2017.9553287704575,1.5
2205.176725926095,2018.0349802890235,1.5
2205.0494464803355,2018.1146318075896,1.5
2204.9221670345764,2018.1942833261555,1.5
2204.7948875888173,2018.2739348447217,1.5
2204.6676081430583,2018.3535863632876,1.5
2204.5403286972987,2018.4332378818538,1.5
2204.4130492515396,2018.5128894004197,1.5
2204.2857698057805,2018.5925409189858,1.5
2204.1584903600215,2018.6721924375518,1.5
2204.031210914262,2018.751843956118,1.5
2203.903931468503,2018.8314954746838,1.5
2203.7766520227437,2018.91114699325,1.5
2203.6493725769847,2018.990798511816,1.5
2203.522093131225,2019.070450030382,1.5
2203.394813685466,2019.150101548948,1.5
2203.267534239707,2019.2297530675141,1.5
2203.140254793948,2019.30940458608,1.5
2203.012975348189,2019.389056104646,1.5
2202.8856959024292,2019.4687076232121,1.5
2202.75841645667,2019.548359141778,1.5
2202.631137010911,2019.6280106603442,1.5
2202.503857565152,2019.7076621789101,1.5
2202.3765781193924,2019.7873136974763,1.5
2202.2492986736333,2019.8669652160422,1.5
2202.1220192278743,2019.9466167346084,1.5
2201.994739782115,2020.0262682531743,1.5
2201.8674603363556,2020.1059197717404,1.5
2201.7401808905965,2020.1855712903064,1.5
2201.6129014448375,2020.2652228088725,1.5
2201.4856219990784,2020.3448743274384,1.5
2201.358342553319,2020.4245258460046,1.5
2201.2310631075597,2020.5041773645705,1.5
2201.1037836618007,2020.5838288831367,1.5
2200.9765042160416,2020.6634804017026,1.5
2200.849224770282,2020.7431319202685,1.5
2200.721945324523,2020.8227834388347,1.5
2200.594665878764,2020.9024349574006,1.5
2200.467386433005,2020.9820864759668,1.5
2200.3401069872452,2021.0617379945327,1.5
2200.212827541486,2021.1413895130988,1.5
2200.085548095727,2021.2210410316648,1.5
2199.958268649968,2021.300692550231,1.5
2199.8309892042084,2021.3803440687968,1.5
2199.7037097584493,2021.459995587363,1.5
2199.5764303126903,2021.539647105929,1.5
2199.449150866931,2021.619298624495,1.5
2199.3218714211716,2021.698950143061,1.5
2199.1945919754125,2021.7786016616271,1.5
2199.0673125296535,2021.858253180193,1.5
2198.9400330838944,2021.9379046987592,1.5
2198.812753638135,2022.0175562173251,1.5
2198.6854741923758,2022.097207735891,1.5
2198.5581947466167,2022.1768592544572,1.5
2198.4309153008576,2022.2565107730231,1.5
2198.303635855098,2022.3361622915893,1.5
2198.176356409339,2022.4158138101552,1.5
2198.04907696358,2022.4954653287214,1.5
2197.921797517821,2022.5751168472873,1.5
2197.7945180720612,2022.6547683658534,1.5
2197.667238626302,2022.7344198844194,1.5
2197.539959180543,2022.8140714029855,1.5
2197.412679734784,2022.8937229215514,1.5
2197.2854002890244,2022.9733744401176,1.5
2197.1581208432654,2023.0530259586835,1.5
2197.0308413975063,2023.1326774772497,1.5
2196.903561951747,2023.2123289958156,1.5
2196.776282505988,2023.2919805143815,1.5
2196.6490030602286,2023.3716320329477,1.5
2196.5217236144695,2023.4512835515136,1.5
2196.3944441687104,2023.5309350700797,1.5
2196.2671647229513,2023.6105865886457,1.5
2196.1398852771918,2023.6902381072118,1.5
2196.0126058314327,2023.7698896257778,1.5
2195.8853263856736,2023.849541144344,1.5
2195.7580469399145,2023.9291926629098,1.5
2195.630767494155,2024.008844181476,1.5
2195.503488048396,2024.088495700042,1.5
2195.376208602637,2024.168147218608,1.5
2195.2489291568777,2024.247798737174,1.5
2195.121649711118,2024.3274502557401,1.5
2194.994370265359,2024.407101774306,1.5
2194.8670908196,2024.4867532928722,1.5
2194.739811373841,2024.5664048114381,1.5
2194.6125319280814,2024.6460563300043,1.5
2194.4852524823223,2024.7257078485702,1.5
2194.357973036563,2024.8053593671361,1.5
2194.230693590804,2024.8850108857023,1.5
2194.1034141450446,2024.9646624042682,1.5
2193.9761346992855,2025.0443139228344,1.5
2193.8488552535264,2025.1239654414003,1.5
2193.7215758077673,2025.2036169599664,1.5
2193.5942963620078,2025.2832684785324,1.5
2193.4670169162487,2025.3629199970985,1.5
2193.3397374704896,2025.4425715156644,1.5
2193.2124580247305,2025.5222230342306,1.5
2193.085178578971,2025.6018745527965,1.5
2192.957899133212,2025.6815260713627,1.5
2192.830619687453,2025.7611775899286,1.5
2192.7033402416937,2025.8408291084947,1.5
2192.576060795934,2025.9204806270607,1.5
2192.448781350175,2026.0001321456266,1.5
2192.321501904416,2026.0797836641927,1.5
2192.194222458657,2026.1594351827587,1.5
2192.0669430128974,2026.2390867013248,1.5
2191.9396635671383,2026.3187382198907,1.5
2191.812384121379,2026.398389738457,1.5
2191.68510467562,2026.4780412570228,1.5
2191.557825229861,2026.557692775589,1.5
2191.4305457841015,2026.637344294155,1.5
2191.3032663383424,2026.716995812721,1.5
2191.1759868925833,2026.796647331287,1.5
2191.048707446824,2026.8762988498531,1.5
2190.9214280010647,2026.955950368419,1.5
2190.7941485553056,2027.0356018869852,1.5
2190.6668691095465,2027.1152534055511,1.5
2190.5395896637874,2027.1949049241173,1.5
2190.412310218028,2027.2745564426832,1.5
2190.285030772269,2027.3542079612494,1.5
2190.1577513265097,2027.4338594798153,1.5
2190.0304718807506,2027.5135109983812,1.5
2189.903192434991,2027.5931625169474,1.5
2189.775912989232,2027.6728140355133,1.5
2189.648633543473,2027.7524655540794,1.5
2189.521354097714,2027.8321170726454,1.5
2189.3940746519543,2027.9117685912115,1.5
2189.266795206195,2027.9914201097774,1.5
2189.139515760436,2028.0710716283436,1.5
2189.012236314677,2028.1507231469095,1.5
2188.8849568689175,2028.2303746654757,1.5
2188.7576774231584,2028.3100261840416,1.5
2188.6303979773993,2028.3896777026077,1.5
2188.50311853164,2028.4693292211737,1.5
2188.3758390858807,2028.5489807397398,1.5
2188.2485596401216,2028.6286322583057,1.5
2188.1212801943625,2028.7082837768717,1.5
2187.9940007486034,2028.7879352954378,1.5
2187.866721302844,2028.8675868140037,1.5
2187.739441857085,2028.94723833257,1.5
2187.6121624113257,2029.0268898511358,1.5
2187.4848829655666,2029.106541369702,1.5
2187.357603519807,2029.186192888268,1.5
2187.230324074048,2029.265844406834,1.5
2187.103044628289,2029.3454959254,1.5
2186.97576518253,2029.4251474439661,1.5
2186.8484857367703,2029.504798962532,1.5
2186.721206291011,2029.5844504810982,1.5
2186.593926845252,2029.6641019996641,1.5
2186.466647399493,2029.7437535182303,1.5
2186.339367953734,2029.8234050367962,1.5
2186.2120885079744,2029.9030565553624,1.5
2186.0848090622153,2029.9827080739283,1.5
2185.957529616456,2030.0623595924944,1.5
2185.830250170697,2030.1420111110604,1.5
2185.7029707249376,2030.2216626296263,1.5
2185.5756912791785,2030.3013141481924,1.5
2185.4484118334194,2030.3809656667584,1.5
2185.3211323876603,2030.4606171853245,1.5
2185.193852941901,2030.5402687038904,1.5
2185.0665734961417,2030.6199202224566,1.5
2184.9392940503826,2030.6995717410225,1.5
2184.8120146046235,2030.7792232595887,1.5
2184.684735158864,2030.8588747781546,1.5
2184.557455713105,2030.9385262967207,1.5
2184.430176267346,2031.0181778152867,1.5
2184.3028968215867,2031.0978293338528,1.5
2184.175617375827,2031.1774808524187,1.5
2184.048337930068,2031.257132370985,1.5
2183.921058484309,2031.3367838895508,1.5
2183.79377903855,2031.4164354081167,1.5
2183.6664995927904,2031.496086926683,1.5
2183.5392201470313,2031.5757384452488,1.5
2183.411940701272,2031.655389963815,1.5
2183.284661255513,2031.735041482381,1.5
2183.1573818097536,2031.814693000947,1.5
2183.0301023639945,2031.894344519513,1.5
2182.9028229182354,2031.9739960380791,1.5
2182.7755434724763,2032.053647556645,1.5
2182.648264026717,2032.1332990752112,1.5
2182.5209845809577,2032.2129505937771,1.5
2182.3937051351986,2032.2926021123433,1.5
2182.2664256894395,2032.3722536309092,1.5
2182.13914624368,2032.4519051494754,1.5
2182.011866797921,2032.5315566680413,1.5
2181.884587352162,2032.6112081866074,1.5
2181.7573079064027,2032.6908597051734,1.5
2181.630028460643,2032.7705112237395,1.5
2181.502749014884,2032.8501627423054,1.5
2181.375469569125,2032.9298142608714,1.5
2181.248190123366,2033.0094657794375,1.5
2181.120910677607,2033.0891172980034,1.5
2180.9936312318473,2033.1687688165696,1.5
2180.866351786088,2033.2484203351355,1.5
2180.739072340329,2033.3280718537017,1.5
2180.61179289457,2033.4077233722676,1.5
2180.4845134488105,2033.4873748908337,1.5
2180.3572340030514,2033.5670264093997,1.5
2180.2299545572923,2033.6466779279658,1.5
2180.1026751115332,2033.7263294465317,1.5
2179.9753956657737,2033.805980965098,1.5
2179.8481162200146,2033.8856324836638,1.5
2179.7208367742555,2033.96528400223,1.5
2179.5935573284964,2034.044935520796,1.5
2179.466277882737,2034.1245870393618,1.5
2179.338998436978,2034.204238557928,1.5
2179.2117189912187,2034.283890076494,1.5
2179.0844395454596,2034.36354159506,1.5
2178.9571600997,2034.443193113626,1.5
2178.829880653941,2034.5228446321921,1.5
2178.702601208182,2034.602496150758,1.5
2178.575321762423,2034.6821476693242,1.5
2178.4480423166633,2034.7617991878901,1.5
2178.320762870904,2034.8414507064563,1.5
2178.193483425145,2034.9211022250222,1.5
2178.066203979386,2035.0007537435883,1.5
2177.9389245336265,2035.0804052621543,1.5
2177.8116450878674,2035.1600567807204,1.5
2177.6843656421083,2035.2397082992863,1.5
2177.5570861963492,2035.3193598178525,1.5
2177.4298067505897,2035.3990113364184,1.5
2177.3025273048306,2035.4786628549843,1.5
2177.1752478590715,2035.5583143735505,1.5
2177.0479684133124,2035.6379658921164,1.5
2176.920688967553,2035.7176174106826,1.5
2176.793409521794,2035.7972689292485,1.5
2176.6661300760347,2035.8769204478147,1.5
2176.5388506302756,2035.9565719663806,1.5
2176.411571184516,2036.0362234849467,1.5
2176.284291738757,2036.1158750035127,1.5
2176.157012292998,2036.1955265220788,1.5
2176.029732847239,2036.2751780406447,1.5
2175.9024534014793,2036.3548295592109,1.5
2175.77517395572,2036.4344810777768,1.5
2175.647894509961,2036.514132596343,1.5
2175.520615064202,2036.5937841149089,1.5
2175.3933356184425,2036.673435633475,1.5
2175.2660561726834,2036.753087152041,1.5
2175.1387767269243,2036.832738670607,1.5
2175.0114972811652,2036.912390189173,1.5
2174.884217835406,2036.992041707739,1.5
2174.7569383896466,2037.0716932263051,1.5
2174.6296589438875,2037.151344744871,1.5
2174.5023794981284,2037.2309962634372,1.5
2174.3751000523694,2037.3106477820031,1.5
2174.24782060661,2037.3902993005693,1.5
2174.1205411608507,2037.4699508191352,1.5
2173.9932617150916,2037.5496023377013,1.5
2173.8659822693326,2037.6292538562673,1.5
2173.738702823573,2037.7089053748334,1.5
2173.611423377814,2037.7885568933993,1.5
2173.484143932055,2037.8682084119655,1.5
2173.3568644862958,2037.9478599305314,1.5
2173.229585040536,2038.0275114490976,1.5
2173.102305594777,2038.1071629676635,1.5
2172.975026149018,2038.1868144862297,1.5
2172.847746703259,2038.2664660047956,1.5
2172.7204672574994,2038.3461175233615,1.5
2172.5931878117403,2038.4257690419277,1.5
2172.4659083659812,2038.5054205604936,1.5
2172.338628920222,2038.5850720790597,1.5
2172.2113494744626,2038.6647235976257,1.5
2172.0840700287035,2038.7443751161918,1.5
2171.9567905829444,2038.8240266347577,1.5
2171.8295111371854,2038.9036781533239,1.5
2171.702231691426,2038.9833296718898,1.5
2171.5749522456667,2039.062981190456,1.5
2171.4476727999077,2039.1426327090219,1.5
2171.3203933541486,2039.222284227588,1.5
2171.193113908389,2039.301935746154,1.5
2171.06583446263,2039.38158726472,1.5
2170.938555016871,2039.461238783286,1.5
2170.8112755711118,2039.540890301852,1.5
2170.683996125352,2039.620541820418,1.5
2170.556716679593,2039.700193338984,1.5
2170.429437233834,2039.7798448575502,1.5
2170.302157788075,2039.859496376116,1.5
2170.1748783423154,2039.9391478946823,1.5
2170.0475988965563,2040.0187994132482,1.5
2169.9203194507973,2040.0984509318143,1.5
2169.793040005038,2040.1781024503803,1.5
2169.665760559279,2040.2577539689464,1.5
2169.5384811135195,2040.3374054875123,1.5
2169.4112016677605,2040.4170570060785,1.5
2169.2839222220014,2040.4967085246444,1.5
2169.1566427762423,2040.5763600432106,1.5
2169.0293633304827,2040.6560115617765,1.5
2168.9020838847237,2040.7356630803426,1.5
2168.7748044389646,2040.8153145989086,1.5
2168.6475249932055,2040.8949661174747,1.5
2168.520245547446,2040.9746176360406,1.5
2168.392966101687,2041.0542691546066,1.5
2168.2656866559278,2041.1339206731727,1.5
2168.1384072101687,2041.2135721917386,1.5
2168.011127764409,2041.2932237103048,1.5
2167.88384831865,2041.3728752288707,1.5
2167.756568872891,2041.4525267474369,1.5
2167.629289427132,2041.5321782660028,1.5
2167.5020099813723,2041.611829784569,1.5
2167.3747305356133,2041.6914813031349,1.5
2167.247451089854,2041.771132821701,1.5
2167.120171644095,2041.850784340267,1.5
2166.9928921983355,2041.930435858833,1.5
2166.8656127525765,2042.010087377399,1.5
2166.7383333068174,2042.0897388959652,1.5
2166.6110538610583,2042.169390414531,1.5
2166.4837744152987,2042.249041933097,1.5
2166.3564949695397,2042.3286934516632,1.5
2166.2292155237806,2042.408344970229,1.5
2166.1019360780215,2042.4879964887953,1.5
2165.974656632262,2042.5676480073612,1.5
2165.847377186503,2042.6472995259273,1.5
2165.7200977407438,2042.7269510444933,1.5
2165.5928182949847,2042.8066025630594,1.5
2165.465538849225,2042.8862540816253,1.5
2165.338259403466,2042.9659056001915,1.5
2165.210979957707,2043.0455571187574,1.5
2165.083700511948,2043.1252086373236,1.5
2164.9564210661883,2043.2048601558895,1.5
2164.8291416204293,2043.2845116744556,1.5
2164.70186217467,2043.3641631930216,1.5
2164.574582728911,2043.4438147115877,1.5
2164.447303283152,2043.5234662301536,1.5
2164.3200238373925,2043.6031177487196,1.5
2164.1927443916334,2043.6827692672857,1.5
2164.0654649458743,2043.7624207858516,1.5
2163.938185500115,2043.8420723044178,1.5
2163.8109060543557,2043.9217238229837,1.5
2163.6836266085966,2044.0013753415499,1.5
2163.5563471628375,2044.0810268601158,1.5
2163.4290677170784,2044.160678378682,1.5
2163.301788271319,2044.2403298972479,1.5
2163.1745088255598,2044.319981415814,1.5
2163.0472293798007,2044.39963293438,1.5
2162.9199499340416,2044.479284452946,1.5
2162.792670488282,2044.558935971512,1.5
2162.665391042523,2044.6385874900782,1.5
2162.538111596764,2044.718239008644,1.5
2162.410832151005,2044.7978905272103,1.5
2162.2835527052453,2044.8775420457762,1.5
2162.156273259486,2044.957193564342,1.5
2162.028993813727,2045.0368450829083,1.5
2161.901714367968,2045.1164966014742,1.5
2161.7744349222085,2045.1961481200403,1.5
2161.6471554764494,2045.2757996386063,1.5
2161.5198760306903,2045.3554511571724,1.5
2161.392596584931,2045.4351026757383,1.5
2161.2653171391717,2045.5147541943045,1.5
2161.1380376934126,2045.5944057128704,1.5
2161.0107582476535,2045.6740572314366,1.5
2160.8834788018944,2045.7537087500025,1.5
2160.756199356135,2045.8333602685686,1.5
2160.6289199103758,2045.9130117871346,1.5
2160.5016404646167,2045.9926633057007,1.5
2160.3743610188576,2046.0723148242666,1.5
2160.247081573098,2046.1519663428328,1.5
2160.119802127339,2046.2316178613987,1.5
2159.99252268158,2046.3112693799646,1.5
2159.865243235821,2046.3909208985308,1.5
2159.7379637900613,2046.4705724170967,1.5
2159.610684344302,2046.5502239356629,1.5
2159.483404898543,2046.6298754542288,1.5
2159.356125452784,2046.709526972795,1.5
2159.228846007025,2046.7891784913609,1.5
2159.1015665612654,2046.868830009927,1.5
2158.9742871155063,2046.948481528493,1.5
2158.847007669747,2047.028133047059,1.5
2158.719728223988,2047.107784565625,1.5
2158.5924487782286,2047.1874360841912,1.5
2158.4651693324695,2047.267087602757,1.5
2158.3378898867104,2047.3467391213233,1.5
2158.2106104409513,2047.4263906398892,1.5
2158.083330995192,2047.5060421584553,1.5
2157.9560515494327,2047.5856936770213,1.5
2157.8287721036736,2047.6653451955872,1.5
2157.7014926579145,2047.7449967141533,1.5
2157.574213212155,2047.8246482327193,1.5
2157.446933766396,2047.9042997512854,1.5
2157.319654320637,2047.9839512698513,1.5
2157.1923748748777,2048.0636027884175,1.5
2157.065095429118,2048.1432543069836,1.5
2156.937815983359,2048.2229058255493,1.5
2156.8105365376,2048.3025573441155,1.5
2156.683257091841,2048.3822088626816,1.5
2156.5559776460814,2048.461860381248,1.5
2156.4286982003223,2048.5415118998135,1.5
2156.301418754563,2048.6211634183796,1.5
2156.174139308804,2048.700814936946,1.5
2156.0468598630446,2048.780466455512,1.5
2155.9195804172855,2048.8601179740776,1.5
2155.7923009715264,2048.939769492644,1.5
2155.6650215257673,2049.01942101121,1.5
2155.537742080008,2049.0990725297756,1.5
2155.4104626342487,2049.178724048342,1.5
2155.2831831884896,2049.258375566908,1.5
2155.1559037427305,2049.338027085474,1.5
2155.028624296971,2049.41767860404,1.5
2154.901344851212,2049.497330122606,1.5
2154.774065405453,2049.576981641172,1.5
2154.6467859596937,2049.6566331597382,1.5
2154.519506513934,2049.736284678304,1.5
2154.392227068175,2049.81593619687,1.5
2154.264947622416,2049.8955877154362,1.5
2154.137668176657,2049.9752392340024,1.5
2154.0103887308974,2050.054890752568,1.5
2153.8831092851383,2050.1345422711343,1.5
2153.755829839379,2050.2141937897004,1.5
2153.62855039362,2050.293845308266,1.5
2153.5012709478606,2050.3734968268323,1.5
2153.3739915021015,2050.4531483453984,1.5
2153.2467120563424,2050.5327998639646,1.5
2153.1194326105833,2050.6124513825303,1.5
2152.9921531648242,2050.6921029010964,1.5
2152.8648737190647,2050.7717544196626,1.5
2152.7375942733056,2050.8514059382287,1.5
2152.6103148275465,2050.9310574567944,1.5
2152.4830353817874,2051.0107089753606,1.5
2152.355755936028,2051.0903604939267,1.5
2152.228476490269,2051.170012012493,1.5
2152.1011970445097,2051.2496635310586,1.5
2151.9739175987506,2051.3293150496247,1.5
2151.846638152991,2051.408966568191,1.5
2151.719358707232,2051.488618086757,1.5
2151.592079261473,2051.5682696053227,1.5
2151.464799815714,2051.647921123889,1.5
2151.3375203699543,2051.727572642455,1.5
2151.210240924195,2051.8072241610207,1.5
2151.082961478436,2051.886875679587,1.5
2150.955682032677,2051.966527198153,1.5
2150.8284025869175,2052.046178716719,1.5
2150.7011231411584,2052.125830235285,1.5
2150.5738436953993,2052.205481753851,1.5
2150.4465642496402,2052.285133272417,1.5
2150.3192848038807,2052.3647847909833,1.5
2150.1920053581216,2052.444436309549,1.5
2150.0647259123625,2052.524087828115,1.5
2149.9374464666034,2052.6037393466813,1.5
2149.810167020844,2052.6833908652475,1.5
2149.682887575085,2052.763042383813,1.5
2149.5556081293257,2052.8426939023793,1.5
2149.4283286835666,2052.9223454209455,1.5
2149.301049237807,2053.0019969395116,1.5
2149.173769792048,2053.0816484580773,1.5
2149.046490346289,2053.1612999766435,1.5
2148.91921090053,2053.2409514952096,1.5
2148.7919314547703,2053.3206030137753,1.5
2148.664652009011,2053.4002545323415,1.5
2148.537372563252,2053.4799060509076,1.5
2148.410093117493,2053.559557569474,1.5
2148.2828136717335,2053.6392090880395,1.5
2148.1555342259744,2053.7188606066056,1.5
2148.0282547802153,2053.798512125172,1.5
2147.9009753344562,2053.878163643738,1.5
2147.773695888697,2053.9578151623036,1.5
2147.6464164429376,2054.03746668087,1.5
2147.5191369971785,2054.117118199436,1.5
2147.3918575514194,2054.196769718002,1.5
2147.2645781056603,2054.276421236568,1.5
2147.137298659901,2054.356072755134,1.5
2147.0100192141417,2054.4357242737,1.5
2146.8827397683826,2054.515375792266,1.5
2146.7554603226235,2054.595027310832,1.5
2146.628180876864,2054.674678829398,1.5
2146.500901431105,2054.7543303479642,1.5
2146.373621985346,2054.83398186653,1.5
2146.2463425395867,2054.913633385096,1.5
2146.119063093827,2054.9932849036622,1.5
2145.991783648068,2055.0729364222284,1.5
2145.864504202309,2055.152587940794,1.5
2145.73722475655,2055.2322394593602,1.5
2145.6099453107904,2055.3118909779264,1.5
2145.4826658650313,2055.3915424964925,1.5
2145.3553864192722,2055.4711940150582,1.5
2145.228106973513,2055.5508455336244,1.5
2145.1008275277536,2055.6304970521905,1.5
2144.9735480819945,2055.7101485707562,1.5
2144.8462686362354,2055.7898000893224,1.5
2144.7189891904763,2055.8694516078885,1.5
2144.591709744717,2055.9491031264547,1.5
2144.4644302989577,2056.0287546450204,1.5
2144.3371508531986,2056.1084061635866,1.5
2144.2098714074396,2056.1880576821527,1.5
2144.08259196168,2056.267709200719,1.5
2143.955312515921,2056.3473607192846,1.5
2143.828033070162,2056.4270122378507,1.5
2143.7007536244028,2056.506663756417,1.5
2143.573474178643,2056.586315274983,1.5
2143.446194732884,2056.6659667935487,1.5
2143.318915287125,2056.745618312115,1.5
2143.191635841366,2056.825269830681,1.5
2143.0643563956064,2056.904921349247,1.5
2142.9370769498473,2056.984572867813,1.5
2142.8097975040882,2057.064224386379,1.5
