58
2.104958696236281e-07,2.1125116234088637e-07,2.1674610195532296e-07,2.1747966627572168e-07,6.561555778716865e-07,6.543406243508798e-07,2.4634002215861983e-07,2.1543390005263063e-07,2.5061351607291726e-06,-1.0,2.3447196326742414e-06,-1.0,2.5748640837264247e-06,2.4129549274221063e-06,-1.0,1.7491080370746204e-06,-1.0,2.2200970306585077e-06,2.0319332634244347e-06,1.971181063709082e-06,1.1792836858148803e-06,1.8304940567759331e-06,1.5662246823922032e-06,-1.0,1.5051732589199673e-06,1.791162048903061e-06,1.5488240023842081e-06,1.6702713310223771e-06,1.3854977396476897e-06,1.4068991731619462e-06,1.304115812672535e-06,1.2015052561764605e-06,1.3711628525925335e-06,1.2040375167998718e-06,1.2184483466626261e-06,1.1327941820127307e-06,1.1924840919164126e-06,1.2444621688700863e-06,1.0015420457420987e-06,1.2279562042749603e-06,1.260721205653681e-06,1.0712163884818438e-06,9.836469416768523e-07,-1.0,9.591711886969279e-07,-1.0,-1.0,1.0674295936041744e-06,9.408825007994892e-07,9.690479600976687e-07,1.0381543233961565e-06,9.802973863770603e-07,1.013477685773978e-06,1.0006341426560539e-06,8.070278454397339e-07,6.523074489450664e-07,6.514966912618547e-07,6.693763907605899e-07
1.3501701687346213e-05,9.268493158742785e-06,2.852572379197227e-06,1.960157305802568e-06,2.4436613443867827e-07,5.567468406297849e-07,1.9904652148738933e-08,6.300604837861101e-08,1.4430218131522565e-10,0.0,1.6161592897301347e-10,0.0,1.0256219484805484e-10,4.139475429099093e-09,0.0,7.90678722495386e-09,0.0,1.7670882812570454e-10,1.994347464950863e-10,4.745548398688015e-10,4.729636682299088e-10,4.359028693556866e-09,1.8913602628511939e-10,0.0,4.798594854804605e-09,2.2370007235483769e-10,3.2217892798058756e-09,2.5107163570403657e-10,3.237129897470936e-09,2.6668953156949726e-10,3.3766629492504308e-09,5.406430858556632e-09,2.934411880151089e-10,1.6439941630252974e-09,4.2620032503215555e-10,1.1104393848881955e-08,3.5305428025544927e-10,4.451584934006547e-10,1.2114937941731796e-09,4.1587214227867264e-10,3.195505526853992e-10,5.1809101453415e-10,1.2859836751033527e-08,0.0,1.1552366174782946e-08,0.0,0.0,5.849223327913933e-10,1.5457818136610513e-08,1.8273793589429488e-09,1.325417886555158e-09,1.1102256891604156e-08,8.615630875397073e-09,7.283430303317573e-09,1.0217106050092184e-09,3.4471349863451906e-07,6.674803216810687e-07,3.97995947309937e-09
0.0,3.139941453933716,-0.07327164709568024,3.0662314891815186,-3.10587739944458,0.040029533207416534,-0.7891952395439148,-0.7870236039161682,2.360339641571045,0.0,2.360460042953491,0.0,2.345339775085449,2.351402521133423,0.0,2.3517026901245117,0.0,2.3604464530944824,2.24753475189209,-0.8224124312400818,2.3149867057800293,2.3558948040008545,2.3205881118774414,0.0,2.3511898517608643,2.4487740993499756,2.3506195545196533,2.274505615234375,2.3561410903930664,2.3166487216949463,2.3529508113861084,2.350600481033325,2.3341293334960938,-0.7857930660247803,2.3610329627990723,2.353905200958252,-0.8116772174835205,2.369647741317749,-0.8037565350532532,2.3612146377563477,2.4024620056152344,2.3405983448028564,2.3529887199401855,0.0,2.3527560234069824,0.0,0.0,2.3605146408081055,2.3523199558258057,-0.8044397234916687,-0.7930314540863037,2.3535563945770264,2.3514232635498047,2.3529233932495117,2.383211374282837,2.545257568359375,2.820338249206543,-0.7934404611587524
127.5962665266256,127.43843451528495,129.69268380933428,129.53266613745924,102.17901526636545,102.21350772167402,39.93959264335209,46.29955060976614,92.93730486647463,93.13971752252797,93.13971752252797,93.31614813897856,92.85883965328954,93.05084310104776,93.6236295950342,94.21053409003505,94.02301807656153,93.31614813897856,93.6236295950342,93.73546028231482,96.25182491595258,94.02301807656153,94.7032366160031,96.88543424449799,94.89446825238511,94.11150317725904,94.75619790282738,94.40965459490845,95.31839760360029,95.23727544682805,95.65133517469256,96.13575268119739,95.37416609817345,96.12279581234186,96.05010893919459,96.50948697220214,96.18235506190437,95.92318353384825,97.3670035621189,96.00308991694823,95.84652149060402,96.88543424449799,97.50179734538911,97.61547218374562,97.69436769884844,97.5275813095059,97.27977521622867,96.90998877456418,97.8448640870205,97.61547218374562,97.10583078863596,97.5275813095059,97.27977521622867,97.3737244682622,99.15639701144634,101.62325643397986,101.36852452888424,101.0609747709369
0.999999138479987,-53.513733014917015,0.9999997788102217,-53.51301584505416,-89.24066305369116,37.27458601790193,-43.814888299161,-43.26832973158741,27.549679007820444,27.24131645736188,27.24131645736188,26.971926966307404,2.9091607019555514,2.4919215210323977,1.2274895811229571,32.93654846091924,0.36719683947370346,26.971926966307404,1.2274895811229571,26.34044353414117,-4.278505201290034,0.36719683947370346,-1.07918290891012,-5.532646180554381,-3.2024628987376507,129.52574032564084,131.37670793033595,130.3725744996957,148.1942865726865,147.52714101531635,151.0468740984073,116.22105091683292,148.66238675726416,116.82033171460985,116.10816155023096,33.212358329793524,69.35833071943172,33.13983879628092,-22.462144302644745,106.24713740772758,69.10318217279672,-5.532646180554381,33.32084905457001,-15.02122352271155,70.66588847376062,77.53656700517321,87.19861407677578,33.2563925593726,-7.396028507839641,-15.02122352271155,94.02342105772256,77.53656700517321,87.19861407677578,70.35896709321693,18.8916816970408,37.26408460205304,16.18071472866562,5.878975618174932
52.40372823704698,52.56129728610458,129.69268380933428,129.53243391102745,102.17919285128387,102.21350089148484,45.330483370324735,51.272785514276265,87.06270014248169,86.86029431661754,86.86029431661754,86.6838500397886,87.1411653556668,86.94916873809774,86.37637541392213,85.78947091892128,85.97698010220563,86.6838500397886,86.37637541392213,86.26454472664152,83.74818692319293,85.97698010220563,85.29676156276406,83.11456393426919,85.10553675657123,85.88849500150812,85.24380710612895,85.59034358385873,84.68160740535603,84.76272956212829,84.3486630040746,83.86425915794813,84.62583891078289,83.87720919661447,83.94989606976175,83.4905180367542,83.81765677724113,84.07682147510809,82.63299461664826,83.99691509200811,84.15347668816314,83.11456393426919,82.49820766356723,82.38453282521071,82.3056373101079,82.47243052963961,82.72022979272766,83.09002306458133,82.15514092193582,82.38453282521071,82.89417422032038,82.47243052963961,82.72022979272766,82.62627371050498,80.84360799750998,79.03352590518656,78.63148731026128,78.93902340783026
-179.0000106729531,-178.36682481613624,-179.00002433333145,-178.36686579727126,59.30049467599443,59.38421230465127,-173.85074471805882,-178.1503351402035,31.1779250138027,31.09563830977697,31.09563830977697,31.020516474190586,3.1739075853651197,2.7137837810775713,1.26826260881676,39.2375584797015,0.23998229834596813,31.020516474190586,1.26826260881676,30.84177042361135,-6.025773458911431,0.23998229834596813,-1.576489622708983,-7.954161684735464,-4.252820274916202,137.4223679119027,140.17507075120125,138.6995449848034,154.99980509941716,154.36314950650194,157.65569683741995,129.81733476168702,155.442442338769,130.3060211364231,129.54088968521992,43.533726977072014,85.06349694222979,42.391336857252355,-31.49895073498247,120.74468520413237,83.89758365090862,-7.954161684735464,45.52251755393423,-21.60576493922479,90.54169114717354,97.26039113936417,106.20248846112321,44.3254346943357,-11.032749924808236,-21.60576493922479,112.2376845928815,97.26039113936417,106.20248846112321,89.34110781562538,28.074551724779244,59.369083435639695,26.627203903802275,9.19020565090704
56
2.104958696236281e-07,2.1127658555997186e-07,2.1674610195532296e-07,2.1750437895207142e-07,6.537499075420783e-07,6.519330213450303e-07,2.465264685724833e-07,2.1546769346514338e-07,2.504698386474047e-06,2.574782683950616e-06,2.4128971745085437e-06,-1.0,1.7473345224061632e-06,-1.0,2.0319496343290666e-06,1.9697608877322637e-06,1.1796706758104847e-06,1.8305629509995924e-06,1.5663864587622811e-06,-1.0,1.5054702089400962e-06,-1.0,1.789144675967691e-06,1.5469114487132174e-06,1.6683020476193633e-06,1.384208758281602e-06,1.405581429025915e-06,1.3029497267780243e-06,1.1992370900770766e-06,1.3698943348572357e-06,1.201784812110418e-06,1.2161710856162244e-06,1.1308625289530028e-06,1.1896083833562443e-06,1.2425712156982627e-06,1.003121155918052e-06,1.2254319017301896e-06,1.1830222774733556e-06,1.2578511814353988e-06,1.0717001259763492e-06,9.816465080803027e-07,-1.0,9.562869536239305e-07,-1.0,-1.0,1.0654702009560424e-06,9.415186923433794e-07,9.701890348878806e-07,1.035453919939755e-06,9.774263389772386e-07,1.0106854233526974e-06,9.977494528357056e-07,8.057526201810106e-07,6.498895004369842e-07,6.502991709567141e-07,6.690107170470583e-07
1.350170532532502e-05,9.116133696807083e-06,2.8525732886919286e-06,1.927666062329081e-06,2.4329597181349527e-07,5.570178700509132e-07,2.053002390312031e-08,6.474533620348666e-08,1.4534320968984105e-10,1.0361676794357066e-10,4.097581385309468e-09,0.0,8.078943736222755e-09,0.0,1.9904095038825176e-10,4.822769406054306e-10,4.736056546938983e-10,4.324546054590428e-09,1.896476864438057e-10,0.0,4.7690411619782935e-09,0.0,2.228466022824449e-10,3.2062961174972315e-09,2.5045590601457945e-10,3.2272515770870314e-09,2.6622987148172683e-10,3.3658005271774982e-09,5.385489387776943e-09,2.9283592217765886e-10,1.6245873535325472e-09,4.281965615415828e-10,1.134979843442352e-08,3.545762849999079e-10,4.4652206931949934e-10,1.168048546773548e-09,4.175050305477157e-10,4.690204224999661e-09,3.2179076070448787e-10,5.13779907507228e-10,1.3154665801096144e-08,0.0,1.1638015884329889e-08,0.0,0.0,5.882436204807107e-10,1.5037315392874007e-08,1.7638723814883406e-09,1.320008102823067e-09,1.1153056256318905e-08,8.632722980905783e-09,7.337872531820722e-09,1.0211925749459283e-09,3.885096191424964e-07,3.0502116032948834e-07,3.7813863151825444e-09
0.0,3.1398940086364746,-0.07327163964509964,3.066169261932373,-3.1055867671966553,0.04032622277736664,-0.7898238897323608,-0.7871227264404297,2.4524331092834473,2.199611186981201,2.3536972999572754,0.0,2.35439133644104,0.0,2.3606743812561035,-0.7882131338119507,2.3612711429595947,2.3514981269836426,2.322099447250366,0.0,2.353224754333496,0.0,2.3097798824310303,2.3583712577819824,2.3101842403411865,2.3554515838623047,2.3089728355407715,2.363265037536621,2.354987144470215,2.374159336090088,-0.7906457781791687,2.4236764907836914,2.3534867763519287,-0.8289636373519897,2.3683066368103027,-0.8163714408874512,2.3458755016326904,2.353452444076538,2.42722487449646,2.3823251724243164,2.3553144931793213,0.0,2.351741313934326,0.0,0.0,2.4167840480804443,2.354570150375366,-0.8036525845527649,-0.7967557907104492,2.3515686988830566,2.3549699783325195,2.3551788330078125,2.3833508491516113,2.5843241214752197,2.48421311378479,-0.7917783856391907
127.5962665266256,127.43344847719084,129.69268380933428,129.5268877974214,102.22449066585939,102.25931097024812,39.56164071053485,45.84480344501586,92.93899192319964,92.85892844574875,93.05091823312863,93.62360227427752,94.21481661864466,94.02286781239978,93.62360227427752,93.73815820703697,96.2497690290124,94.02286781239978,94.70275167257202,96.88231284804729,94.89349153533381,94.41487285943433,94.11615453608383,94.7620923560811,94.41487285943433,95.3233631511269,95.24219318303047,95.65641000524589,96.14739815373225,95.37915213626756,96.13431834147168,96.0614743739735,96.52065433149511,96.19734732713256,95.93222670430934,97.35534442920569,96.01550037067014,96.23199004660286,95.85990866137725,96.88231284804729,97.5171721012108,97.60646999441954,97.71771328543154,97.54981357525429,97.29999940636108,96.92275439812293,97.83952970927872,97.60646999441954,97.12445671450257,97.54981357525429,97.29999940636108,97.39516443206686,99.17100678608101,101.62865228342416,101.38973909644629,101.06709462043322
2.000001265167736,-54.50805146371996,2.000000197950678,-54.50805146371996,-89.3802584599479,37.41376478261928,-44.07733831801874,-43.55493812953949,27.549679007820444,2.9091607019555514,2.4919215210323977,1.2274895811229571,32.93654846091924,0.36719683947370346,1.2274895811229571,26.34044524168846,-4.278505628176857,0.36719683947370346,-1.07918290891012,-5.532646180554381,-3.2024631121810625,130.3725744996957,129.52574032564084,131.37670793033595,130.3725744996957,148.1942865726865,147.52714101531635,151.0468740984073,116.22105091683292,148.66238675726416,116.82033171460985,116.10816155023096,33.212358329793524,69.35833071943172,33.13983538118633,-22.46214601019204,106.24713740772758,70.18617696759395,69.10318217279672,-5.532646180554381,33.32084905457001,-15.02122352271155,70.66588847376062,77.53656700517321,87.19861407677578,33.2563925593726,-7.396029361613287,-15.02122352271155,94.02342105772256,77.53656700517321,87.19861407677578,70.35896709321693,18.891679989493504,37.40480015933364,16.18071472866562,5.878976045061755
52.40372823704698,52.56658043742759,129.69265648857763,129.52703806158314,102.224716062102,102.25931097024812,45.422885584511256,51.28879206259619,87.0610130857567,87.14107656320759,86.94909360601687,86.37640956486798,85.78518156012251,85.97713719655654,86.37640956486798,86.26183997173018,83.75023597994392,85.97713719655654,85.2972533363843,83.11768533071988,85.10651347362253,85.58513214952201,85.88385047287251,85.23790582268607,85.58513214952201,84.67664185782944,84.7578049957367,84.34358817352128,83.85260685522408,84.62084604249961,83.86568666748465,83.93852380479368,83.47935067746123,83.80265085163461,84.06777147445783,82.64466057975065,83.98449780809703,83.76801496235348,84.14008951738992,83.11768533071988,82.48283290774553,82.39353501453678,82.28229172352479,82.45019143370205,82.70000560259525,83.0772506108334,82.16047529967761,82.39353501453678,82.87554829445375,82.45019143370205,82.70000560259525,82.60484057688947,80.82899822287533,78.93952201163968,78.61026591251004,78.93291038852311
-178.00000267657154,-177.3726634616842,-177.99997535581485,-177.3726634616842,59.161391043357945,59.245019879555585,-172.82459075753445,-177.14514986043108,31.0547698728782,3.035262002289854,2.565085653647928,1.0890383382739195,39.07311484524428,0.03901192278026373,1.0890383382739195,30.68167420456084,-6.354096383445713,0.03901192278026373,-1.8153206339734074,-8.320089923292544,-4.501596255055576,138.83730990036256,137.5487810530613,140.32620917715528,138.83730990036256,155.19587250973154,154.55552861466452,157.8668726261784,129.97901899971959,155.64105057945463,130.46894846888458,129.699541319261,43.283096600572975,85.03068471345705,42.16209521813922,-31.828568834138114,120.87194528874805,86.01158184054093,83.86100115771403,-8.320089923292544,45.23689611831722,-21.986821193019804,90.53559178824472,97.2954368399955,106.28577578786233,44.0604711658634,-11.456100417491259,-21.986821193019804,112.34909180843357,97.2954368399955,106.28577578786233,89.32793238071642,27.608101030886147,59.23200153899754,25.99712066041589,8.516167578890684
63
2.104958838344828e-07,2.1130180982709135e-07,2.1674610195532296e-07,2.1752883583303628e-07,6.513754442494246e-07,6.495565685327165e-07,2.4671405185472395e-07,2.1550167161876743e-07,2.5033116344275186e-06,-1.0,2.3419049739459297e-06,-1.0,2.57475903708837e-06,2.4128976292558946e-06,-1.0,1.7456083014621981e-06,-1.0,2.217290102635161e-06,2.0320255771366647e-06,1.9187752968718996e-06,1.9683925529534463e-06,1.180124286292994e-06,1.8306926676814328e-06,1.5666105355194304e-06,-1.0,1.5058300277814851e-06,-1.0,1.787095811778272e-06,1.5449667216671514e-06,1.6663009319017874e-06,1.3828838518747943e-06,1.4042273051018128e-06,1.3017472610954428e-06,1.1969428896918544e-06,1.368589437333867e-06,1.1995058457614505e-06,1.2138679039708222e-06,1.1289782833046047e-06,1.1867392686326639e-06,1.086038082576124e-06,1.2407277836246067e-06,1.0047559726444888e-06,1.2228862260599271e-06,1.1801473647210514e-06,1.2549886605484062e-06,1.0722516208261368e-06,9.796935955819208e-07,-1.0,9.5340436701008e-07,-1.0,-1.0,1.063558329406078e-06,9.422243465451174e-07,9.71393546933541e-07,1.032738168760261e-06,9.745508577907458e-07,1.0078819059344823e-06,9.948672641257872e-07,8.822556765153422e-07,8.045441290960298e-07,6.475033274000452e-07,6.491761155302811e-07,6.687280915684823e-07
1.3501703506335616e-05,8.964530024968553e-06,2.8525726065709023e-06,1.895385935313243e-06,2.422405316337972e-07,5.572443342316546e-07,2.1143614858942783e-08,6.647052686048482e-08,1.4523066083071967e-10,0.0,1.6242165945534737e-10,0.0,1.0208969086766828e-10,4.055720648210581e-09,0.0,8.259889661133002e-09,0.0,1.7770884763734784e-10,2.004241078656932e-10,2.293057826951994e-10,4.904818218243179e-10,4.745312476295283e-10,4.289931521128665e-09,1.9115178884199224e-10,0.0,4.739066028491834e-09,0.0,2.2281422540348927e-10,3.19161008732749e-09,2.504472462749874e-10,3.2172939867791683e-09,2.6558327759218514e-10,3.355272060190373e-09,5.365898836373617e-09,2.929157194575538e-10,1.6059307217375363e-09,4.285309329610243e-10,1.1608165984000607e-08,3.5543804011162194e-10,6.546795550121942e-09,4.481340021289526e-10,1.1257347276583118e-09,4.1914410831012106e-10,4.71887906527968e-09,3.2292465923511315e-10,5.08949105082479e-10,1.3466451953547676e-08,0.0,1.1729191840004205e-08,0.0,0.0,5.891712673289362e-10,1.4641496903777806e-08,1.7021031251118757e-09,1.31524546809203e-09,1.12084563852477e-08,8.65311022835158e-09,7.3948704937265575e-09,7.705443749728147e-08,1.020116879857369e-09,4.4083753891754895e-07,1.8542358759532362e-07,3.589582853180673e-09
0.0,3.1398472785949707,-0.07327163964509964,3.066108226776123,-3.1052958965301514,0.04062342643737793,-0.7889142036437988,-0.7870200872421265,2.3989830017089844,0.0,2.3603734970092773,0.0,2.3945186138153076,2.3521981239318848,0.0,2.3527097702026367,0.0,2.3224093914031982,2.457785129547119,2.397263288497925,-0.8043410181999207,2.3612606525421143,2.3481245040893555,2.2514989376068115,0.0,2.348954916000366,0.0,2.3097376823425293,2.354066848754883,2.310404062271118,2.3540632724761963,2.325758218765259,2.359661817550659,2.352461338043213,2.430589199066162,-0.7881643772125244,2.3297457695007324,2.3520359992980957,-0.8068329691886902,2.3540968894958496,2.3775811195373535,-0.8155366778373718,2.368924140930176,2.3520991802215576,2.360868215560913,2.3536815643310547,2.353578567504883,0.0,2.3513195514678955,0.0,0.0,2.3845748901367188,2.352692127227783,-0.7972555160522461,-0.7995600700378418,2.354773998260498,2.3519434928894043,2.353023052215576,2.3716979026794434,2.360395908355713,2.6323018074035645,2.401746988296509,-0.792477548122406
127.5962665266256,127.42750621261293,129.69267014895595,129.52194274046232,102.27017780121761,102.30486150182294,39.17477538085075,45.37971878895677,92.94062433841127,93.14348778694982,93.14348778694982,93.32035553550729,92.85894893631625,93.05091140293946,93.62346567049413,94.21898986422754,94.02257411426548,93.32035553550729,93.62346567049413,93.83763991229821,93.74076050911076,96.24735797223539,94.02257411426548,94.7020754838442,96.87876114967888,94.89232357298573,94.4201867466086,94.1208741968003,94.76809609236153,94.4201867466086,95.32847896281524,95.24726118339461,95.66164876033929,96.15922804137472,95.38430209890174,96.14601845551991,96.07302422385999,96.53158263416714,96.2123942338741,96.7910205396009,95.94107862947368,97.34330963588812,96.02807474893213,96.24722819864115,95.87332315290715,96.87876114967888,97.53224632870902,97.59697603147323,97.74118864560887,97.57221659573193,97.32041484179024,96.93526047449322,97.83362159564666,97.59697603147323,97.1432875460443,97.57221659573193,97.32041484179024,97.41671367889825,99.23643999832973,99.18490622104198,101.63416424608437,101.4097105695794,101.07183477171722
3.000000296926017,-55.50327491258793,3.0000020044733096,-55.500228648218105,-89.52267473433183,37.557871528822794,-44.35080884710229,-43.852860735851685,27.549679007820444,27.24131645736188,27.24131645736188,26.971926966307404,2.9091607019555514,2.4919215210323977,1.2274895811229571,32.93654846091924,0.36719683947370346,26.971926966307404,1.2274895811229571,32.885656721413476,26.34044524168846,-4.278505628176857,0.36719683947370346,-1.07918290891012,-5.532646180554381,-3.2024631121810625,130.3725744996957,129.52574032564084,131.37670793033595,130.3725744996957,148.1942865726865,147.52714101531635,151.0468740984073,116.22105091683292,148.66238675726416,116.82033171460985,116.10816155023096,33.212358329793524,69.35833071943172,107.66392354726332,33.13983879628092,-22.46214601019204,106.24713740772758,70.18617696759395,69.10318217279672,-5.532646180554381,33.32084563947542,-15.02122352271155,70.66588847376062,77.53656700517321,87.19861407677578,33.2563925593726,-7.396028507839641,-15.02122352271155,94.02342105772256,77.53656700517321,87.19861407677578,70.35896709321693,33.505557860294665,18.8916816970408,37.55041637734372,16.180716436212915,5.878976045061755
52.40372823704698,52.57180894723724,129.69273845084766,129.5217924763006,102.26995923516418,102.3048683320121,45.51532194964362,51.30480885619987,87.05938067054507,86.85651722200652,86.85651722200652,86.67964947344903,87.1410492424509,86.94909360601687,86.37654616865139,85.78100831453963,85.97742406450169,86.67964947344903,86.37654616865139,86.16236509665812,86.25923766965641,83.75264703672094,85.97742406450169,85.29792952511214,83.12124385927746,85.1076814359706,85.57981826234773,85.87912398196687,85.23190891659479,85.57981826234773,84.6715260461411,84.75273699537254,84.33835624861705,83.84077696758162,84.61570291005458,83.85398655343643,83.92698078509635,83.4684223747892,83.78760394489306,83.20898446935544,84.05892637948266,82.6566953730682,83.97193026002421,83.752769980126,84.12668185604919,83.12124385927746,82.46775868024731,82.40302214729394,82.25881636334745,82.4277884132244,82.6795901671661,83.06474453446312,82.16638341330967,82.40302214729394,82.85671063272287,82.4277884132244,82.6795901671661,82.58329133005807,82.81395364851858,80.81509878791435,78.84541566525525,78.59029443937693,78.92817023723912
-177.00000834056831,-176.3786796921506,-177.00004932170333,-176.37862505063723,59.01743114622159,59.10092337863582,-171.8041058540212,-176.14094812789912,30.930112090336298,30.829281422713983,30.829281422713983,30.737808114254587,2.8965602835973474,2.4163546559329037,0.9098822629010734,38.90576155020062,-0.1617896123767878,30.737808114254587,0.9098822629010734,38.26225186245328,30.519546004232247,-6.681027656936604,-0.1617896123767878,-2.0537405532271613,-8.684013501328224,-4.74963201344365,138.97344923089923,137.67360959033246,140.4756946973302,138.97344923089923,155.3909017312921,154.74684221331657,158.0770785280747,130.13827169040758,155.83862063138642,130.6294715747582,129.85574774557918,43.02661616704983,84.99244248429414,124.05019623409507,41.92786412583739,-32.151875838500665,120.99622741088561,85.97821636644541,83.81926187169609,-8.684013501328224,44.943792210464466,-22.362712116254993,90.52300374960438,97.32479982323738,106.36440492558752,43.789025787868745,-11.876202301450295,-22.362712116254993,112.45646921237534,97.32479982323738,106.36440492558752,89.30846634158189,46.75384356693662,27.134014185500977,59.0899950759638,25.355818831317762,7.838963714194029
60
2.104958696236281e-07,2.1132670724455238e-07,2.1674610195532296e-07,2.1755310797288985e-07,6.490330974884273e-07,6.472121754086402e-07,2.469025730533758e-07,2.1553582030264806e-07,2.5019753593369387e-06,-1.0,2.340573473702534e-06,2.5747931431396864e-06,2.4129565190378344e-06,-1.0,1.743929942676914e-06,-1.0,2.0321613192209043e-06,1.9670769688673317e-06,1.1806438351413817e-06,1.8308832068214542e-06,1.5668974810978398e-06,-1.0,1.5062524880704586e-06,-1.0,1.7850156837084796e-06,1.5429902759933611e-06,1.6642680975564872e-06,1.3815225656799157e-06,1.402837142450153e-06,1.300508529311628e-06,1.1946231097681448e-06,1.3672483873961028e-06,1.197200731439807e-06,1.211539029100095e-06,1.127142922996427e-06,1.183877657240373e-06,1.0835508419404505e-06,1.2389331232043332e-06,1.0064452453661943e-06,1.220319973072037e-06,1.1772787047448219e-06,1.2521344388005673e-06,1.0728705319706933e-06,9.777893410500837e-07,-1.0,9.50524054132984e-07,-1.0,-1.0,1.0616952295094961e-06,9.429991223441903e-07,9.726605867399485e-07,1.0300075246050255e-06,9.716719659991213e-07,1.0050677019535215e-06,9.919885997078381e-07,8.802793445283896e-07,8.034031679926557e-07,6.451496119552758e-07,6.481290029114462e-07,6.685287985419563e-07
1.350170532532502e-05,8.814280590740964e-06,2.8525728339445777e-06,1.863195620899205e-06,2.411941011359886e-07,5.574266310759413e-07,2.1745778511217395e-08,6.817972320050103e-08,1.4538174830658335e-10,0.0,1.6280785053446323e-10,1.0212655721097974e-10,4.014434118460031e-09,0.0,8.449893229567351e-09,0.0,1.997306070533611e-10,4.988490176494054e-10,4.757209071115653e-10,4.2549088696830495e-09,1.922035863799465e-10,0.0,4.70877914438006e-09,0.0,2.2291610224378644e-10,3.1771520969670064e-09,2.504747798059981e-10,3.2074036759865976e-09,2.6517057993835635e-10,3.3447800085184554e-09,5.3476232331206575e-09,2.917415198311346e-10,1.5884726867199106e-09,4.2979317327329625e-10,1.1880371353356622e-08,3.5651137597625393e-10,6.533332541636128e-09,4.5109865842718477e-10,1.0843325126685954e-09,4.209493587037372e-10,4.747773729718574e-09,3.249391311577199e-10,5.042405382127413e-10,1.3795725450904683e-08,0.0,1.1826213786036988e-08,0.0,0.0,5.908989963998579e-10,1.4267646619714469e-08,1.643474134560563e-09,1.3109766605623463e-09,1.12691136422427e-08,8.676128260276528e-09,7.454201700340946e-09,7.886104924637038e-08,1.0191490984468032e-09,5.035858521296177e-07,1.325885818914685e-07,3.4043323715593488e-09
0.0,3.139801025390625,-0.07327164709568024,3.066047430038452,-3.1050055027008057,0.040920939296483994,-0.7881206274032593,-0.7873320579528809,2.3447768688201904,0.0,2.375910997390747,2.246671199798584,2.3537232875823975,0.0,2.3526690006256104,0.0,2.3451035022735596,-0.7785952687263489,2.3233232498168945,2.3542773723602295,2.2216238975524902,0.0,2.3537371158599854,0.0,2.3971118927001953,2.3553223609924316,2.3104286193847656,2.3582887649536133,2.3258488178253174,2.356834888458252,2.347510576248169,2.342055082321167,-0.8048856258392334,2.34547758102417,2.3533730506896973,-0.7859830260276794,2.3527703285217285,2.4444260597229004,-0.7879796028137207,2.376335620880127,2.3503572940826416,2.370081663131714,2.3615353107452393,2.3528075218200684,0.0,2.353321075439453,0.0,0.0,2.352703809738159,2.3509671688079834,-0.8148863911628723,-0.794383704662323,2.3515655994415283,2.3511478900909424,2.3529207706451416,2.3725666999816895,2.3836517333984375,2.6912717819213867,2.376157760620117,-0.7919913530349731
127.5962665266256,127.4230256085174,129.69268380933428,129.51631466458622,102.3153048610639,102.35013882583095,38.779423541122895,44.904938679370844,92.94219528192036,93.14527729651236,93.14527729651236,92.8589147853704,93.05084310104776,93.62321978368401,94.22306065697286,94.02216430291527,93.62321978368401,93.74326718853615,96.24459174562153,94.02216430291527,94.7012080498196,96.87477231920359,94.89095070496256,94.42559625643125,94.12568948016516,94.77422277204704,94.42559625643125,95.33375186885448,95.2524794479205,95.66705827016193,96.1712355139356,95.3895954955085,96.15789615448656,96.08474482847572,96.54226505002903,96.22746846137231,96.80668216336774,95.94971198858457,97.33091967273373,96.0407925611667,96.26251416200365,95.88676496519373,96.87477231920359,97.54699953731624,97.58702444585252,97.76479377938044,97.59479037093882,97.34102152251617,96.94749334329671,97.82713974612432,97.58702444585252,97.1623301134503,97.59479037093882,97.34102152251617,97.43835854837802,99.23900131926848,99.1980679955726,101.63978549177129,101.42838430677023,101.07517473422135
3.9999995421277097,-56.495035455546706,3.9999969808067712,-56.49622049336771,-89.67299353758547,37.706902841417886,-44.6354979618976,-44.16263030527927,27.549679007820444,27.24131645736188,27.24131645736188,2.9091607019555514,2.4919215210323977,1.2274894744012514,32.93654846091924,0.36719681279327704,1.2274894744012514,26.34044524168846,-4.278504774403211,0.36719681279327704,-1.0791828021884142,-5.532646180554381,-3.2024628987376507,130.3725744996957,129.52574032564084,131.37670793033595,130.3725744996957,148.1942865726865,147.52714101531635,151.0468740984073,116.22105091683292,148.66238675726416,116.82033171460985,116.10816155023096,33.212358329793524,69.35833071943172,107.66392354726332,33.1398422113755,-22.46214601019204,106.24713740772758,70.18617696759395,69.10318217279672,-5.532646180554381,33.32084905457001,-15.02122352271155,70.66588847376062,77.53656700517321,87.19861407677578,33.2563925593726,-7.396028507839641,-15.02122352271155,94.02342105772256,77.53656700517321,87.19861407677578,70.35896709321693,33.645559662807,18.8916816970408,37.7009093504212,16.180716436212915,5.878976045061755
52.40372823704698,52.57697598534435,129.69268380933428,129.5164785891263,102.31494286103788,102.35013882583095,45.607638786465515,51.32081198942521,87.05780972703596,86.85472088225481,86.85472088225481,87.14109022358593,86.94916873809774,86.37678522527233,85.77694435198347,85.97784753623023,86.37678522527233,86.25673782042018,83.75540643314562,85.97784753623023,85.29879012894756,83.12523268975275,85.10906113418295,85.57440875252509,85.87431552879117,85.2257822369093,85.57440875252509,84.66625314010184,84.74752556103583,84.33294673879439,83.82876949502074,84.61040951344782,83.84210885446977,83.9152601804806,83.45773312873813,83.77253654758402,83.19331601539943,84.05029302037175,82.66908533622261,83.95920561760047,83.73749084695268,84.1132400437626,83.12523268975275,82.45300547164008,82.41298056310382,82.2352112295759,82.40521463801751,82.658976656251,83.05251849584879,82.17286526283202,82.41298056310382,82.8376817256952,82.40521463801751,82.658976656251,82.56164646057832,82.77814979688938,80.80193701338374,78.75124101697911,78.57161387199695,78.92483027473499
-176.00000034418676,-175.38488716791375,-175.99993204229506,-175.38495546980545,58.86847155061278,58.9518749905678,-170.78918072449233,-175.1376753010943,30.80400630769035,30.6937089978784,30.6937089978784,2.7578645413203646,2.2676573822769064,0.7308809340016106,38.7355532360839,-0.3623199776846086,0.7308809340016106,30.355447294328105,-7.006354262859366,-0.3623199776846086,-2.291618326215546,-9.045675432974985,-4.9967879580892625,139.10790833490012,137.79677156144612,140.62352731172595,139.10790833490012,155.58482446220708,154.9370493213231,158.2863145431089,130.2950381922377,156.0351251738077,130.78752215215232,130.00946798303949,42.76435397839426,84.94870195284939,124.19906703724466,41.688711882238564,-32.46873172919214,121.11747692903167,85.93936625044638,83.77231798153058,-9.045675432974985,44.64326047188932,-22.733208897593165,90.50381091803665,97.3483708060631,106.43829391202873,43.51116003205429,-12.29274224175717,-22.733208897593165,112.55974167262593,97.3483708060631,106.43829391202873,89.28259358500588,46.61503363243445,26.652625867893065,58.94302989559264,24.70387385994546,7.159398311591842
60
2.104958696236281e-07,2.1135137728833797e-07,2.1674610195532296e-07,2.175770816847944e-07,6.467240041274636e-07,6.44901206214854e-07,2.470918332164729e-07,2.1557008267336641e-07,2.500690015949658e-06,-1.0,2.3392938146571396e-06,2.57488477473089e-06,2.4130731617333367e-06,-1.0,1.7423003555450123e-06,-1.0,2.032357087955461e-06,1.9658139081002446e-06,1.1812292086688103e-06,1.831134454732819e-06,1.5672463860028074e-06,-1.0,1.5067370213728282e-06,-1.0,1.782904632818827e-06,1.540982339065522e-06,1.662204226704489e-06,1.3801254681311548e-06,1.4014111684446107e-06,1.2992337588002556e-06,1.1922778639927856e-06,1.3658715261044563e-06,1.1948703786401893e-06,1.2091851431250689e-06,1.1253573575231712e-06,1.181024344987236e-06,1.0810421144924476e-06,1.2371881439321442e-06,1.0081877235279535e-06,1.2177333701401949e-06,1.1744176617867197e-06,1.249289766747097e-06,1.07355629097583e-06,9.75934767666331e-07,-1.0,9.476469813307631e-07,-1.0,-1.0,9.438422239327338e-07,9.739891311255633e-07,1.0272625559082371e-06,9.687902320365538e-07,1.0022436072176788e-06,9.891142553897225e-07,8.783454177319072e-07,8.023311011129408e-07,6.428296046578907e-07,6.452817160607083e-07,6.471590836554242e-07,6.684132927148312e-07
1.3501701687346213e-05,8.665079803904518e-06,2.8525728339445777e-06,1.8312603060621768e-06,2.4016594579734374e-07,5.575651016442862e-07,2.2337188099186278e-08,6.98714472946449e-08,1.4571503725857582e-10,0.0,1.633617130458731e-10,1.0128218402849498e-10,3.973049444994103e-09,0.0,8.649505112146016e-09,0.0,2.019309580658657e-10,5.073181874593047e-10,4.77340611482191e-10,4.2200567484940166e-09,1.916557329506574e-10,0.0,4.678101905852827e-09,0.0,2.2291979373534332e-10,3.1636671060653043e-09,2.506627128084915e-10,3.1978006909128e-09,2.6477203762809154e-10,3.3341942540232594e-09,5.330931251990023e-09,2.924668007775466e-10,1.5710630574261586e-09,4.310549139852071e-10,1.2168185570260448e-08,3.587022900930492e-10,6.521494011479945e-09,4.51249704269685e-10,1.0449044962612675e-09,4.2258418986307333e-10,4.7768544675363955e-09,3.267365267234368e-10,4.995134861296435e-10,1.4145077109617432e-08,0.0,1.1929146559452874e-08,0.0,0.0,1.3914513097290637e-08,1.5852408274952268e-09,1.3073768734273017e-09,1.1334607918911388e-08,8.702000009463973e-09,7.516034905563629e-09,8.070142598626262e-08,1.0186654852972765e-09,5.787717896055256e-07,1.900589374770334e-08,1.0346969503416403e-07,3.2254678927756686e-09
0.0,3.1397552490234375,-0.07327164709568024,3.0659873485565186,-3.10471510887146,0.04121851548552513,-0.788780689239502,-0.7871059775352478,2.3447375297546387,0.0,2.4143404960632324,2.31119441986084,2.347045660018921,0.0,2.3550126552581787,0.0,2.2086548805236816,-0.7888694405555725,2.433382034301758,2.350836753845215,2.2818472385406494,0.0,2.3537495136260986,0.0,2.396995782852173,2.3531246185302734,2.3967385292053223,2.34985613822937,2.3338301181793213,2.3595635890960693,2.3547306060791016,2.4545328617095947,-0.7801052927970886,2.345512866973877,2.3527636528015137,-0.8699373602867126,2.3573708534240723,2.4026412963867188,-0.784479558467865,2.330369472503662,2.3544154167175293,2.3607659339904785,2.353748321533203,2.3528096675872803,0.0,2.353233575820923,0.0,0.0,2.3514068126678467,-0.8010312914848328,-0.7877536416053772,2.352773904800415,2.3551878929138184,2.3532605171203613,2.3733463287353516,2.3061084747314453,2.76322865486145,-0.7908371090888977,2.3659420013427734,-0.7957419157028198
127.5962665266256,127.41818983458504,129.69268380933428,129.51134228687044,102.35942788310217,102.39509513094798,38.37584132344518,44.42077388986532,92.94370475372695,93.1469985041832,93.1469985041832,92.85881233253285,93.05068600669685,93.62287144403633,94.22702216669147,94.02160422740333,93.62287144403633,93.74567824531316,96.24148400954918,94.02160422740333,94.7001630308766,96.87036001699977,94.88936610107511,94.43110138890228,94.13058672580006,94.78045873475926,94.43110138890228,95.33916137867713,95.25784114641897,95.67263853471384,96.1834205714149,95.39504598646617,96.16995143837164,96.09663618782072,96.55268791870247,96.24257683981638,96.82255552299884,95.9581336118312,97.31818136993165,96.05367429794134,96.27783427631199,95.90020677748032,96.87036001699977,97.5614248968433,97.57661523755742,97.7885150263679,97.61751441030746,97.36182627872803,97.82010465127921,97.57661523755742,97.18157075634223,97.61751441030746,97.36182627872803,97.460092210317,99.24155581001807,99.210457958727,101.64550919029575,101.47949461232943,101.44574664764039,101.07711450794564
5.000000708320107,-57.48662865887082,5.000003269641046,-57.488677715621826,-89.8249515862399,37.86085872040456,-44.931723266201054,-44.48460883784826,27.549679007820444,27.24131645736188,27.24131645736188,2.90916048851214,2.4919215210323977,1.2274895811229571,32.93654504582466,0.36719683947370346,1.2274895811229571,26.34044524168846,-4.278505201290034,0.36719683947370346,-1.07918290891012,-5.532646180554381,-3.2024631121810625,130.3725744996957,129.52574032564084,131.37670793033595,130.3725744996957,148.1942865726865,147.52714101531635,151.0468740984073,116.22105091683292,148.66238675726416,116.82033171460985,116.10816155023096,33.212358329793524,69.35833071943172,107.66392354726332,33.13983879628092,-22.46214771773933,106.24713740772758,70.18617696759395,69.10318217279672,-5.532646180554381,33.32084905457001,-15.02122352271155,70.66588847376062,77.53656700517321,87.19861407677578,-7.396028507839641,-15.02122352271155,94.02342105772256,77.53656700517321,87.19861407677578,70.35896709321693,33.78845405043284,18.891679989493504,37.85627907856607,33.74305719811435,16.18071472866562,5.878975618174932
52.40372823704698,52.58209862722186,129.69264282819927,129.51123300384373,102.35961229820975,102.39510196113714,45.69973705723397,51.3367809717047,87.05630025522939,86.85300650477313,86.85300650477313,87.14119267642349,86.94931900225949,86.37713356492,85.77298284226487,85.97839395136383,86.37713356492,86.25432676364318,83.75851416921799,85.97839395136383,85.29984197807974,83.12964499195657,85.11063207769205,85.56890362005406,85.86942511334544,85.21954627419707,85.56890362005406,84.6608436302792,84.74216386253737,84.3273664742425,83.81658443754144,84.60495902249015,83.8300535705847,83.90336882113562,83.44731709025386,83.75742816913996,83.17744265576832,84.04186456693597,82.68182363902469,83.94632388082583,83.72217073264434,84.09978457109767,83.12964499195657,82.43858011211302,82.42338977139892,82.21148998258843,82.38248376845971,82.63818556041747,82.17989352748796,82.42338977139892,82.81843425261411,82.38248376845971,82.63818556041747,82.53991279863934,82.7428172283129,80.78954022004017,78.65708685927048,78.5205103966269,78.55425836131595,78.92289733119986
-175.00000600818353,-174.39128588897364,-175.00006064969688,-174.3912312474603,58.7146761810716,58.79794301724323,-169.7797334066778,-174.1353313800166,30.676500336264553,30.55661002576332,30.55661002576332,2.6192356068312006,2.119062348015048,0.5521214898483012,38.56255820478582,-0.5624772305688042,0.5521214898483012,30.18945662202387,-7.329865319123374,-0.5624772305688042,-2.5288220449102146,-9.404832392743643,-5.242927058322189,139.24067355198682,137.9182669664023,140.76963871845086,139.24067355198682,155.77764070247656,155.1260952971707,158.49452602976754,130.44923654293993,156.23052322558343,130.94308654068854,130.16064739012856,42.49640907234925,84.89938798704189,124.34482327413274,41.444730694896535,-32.77900331752373,121.23561188091621,85.8949700208413,83.72010118532583,-9.404832392743643,44.335403355429335,-23.098098093622756,90.47788351994728,97.3660473356351,106.50732663397004,-12.705414587446523,-23.098098093622756,112.65881356653696,97.3660473356351,106.50732663397004,89.2501979977725,46.47332428262961,26.164277587520907,58.791140148829896,52.47935209153736,24.04190217087158,6.478283309821708
63
2.104958696236281e-07,2.1137584838015755e-07,2.1674610195532296e-07,2.1760079960131407e-07,6.444493578783295e-07,6.426243430723844e-07,2.472816049703397e-07,2.156043876766489e-07,2.499456286386703e-06,-1.0,2.3380662241834216e-06,-1.0,2.5750343866093317e-06,2.4132484668371035e-06,-1.0,1.740720449561195e-06,-1.0,2.2134661321615567e-06,2.0326119738456327e-06,1.9646047348942375e-06,1.1818796110674157e-06,1.831446070355014e-06,1.5676575912948465e-06,-1.0,1.5072836276885937e-06,-1.0,1.7807632275435026e-06,1.5389434793178225e-06,1.6601098877799814e-06,1.3786926729153492e-06,1.3999496104588616e-06,1.297923063248163e-06,1.1899080618604785e-06,1.3644589671457652e-06,1.1925149010494351e-06,1.2068065871062572e-06,1.123622610066377e-06,1.1781804687416297e-06,1.2398053286233335e-06,1.0785122412926285e-06,1.0099822702613892e-06,1.2151272130722646e-06,1.1715651453414466e-06,1.2464556675695349e-06,1.0743083294073585e-06,9.741315807332285e-07,-1.0,9.447742286283756e-07,-1.0,-1.0,1.0581196647763136e-06,9.447529691897216e-07,9.753782705956837e-07,1.0245037174172467e-06,9.659066790845827e-07,9.99410190161143e-07,9.862454817266553e-07,8.76454691933759e-07,8.013287242647493e-07,6.405442718460108e-07,6.432041459447646e-07,6.462677220042679e-07,6.683814604002691e-07
1.3501701687346213e-05,8.51652384881163e-06,2.8525721518235514e-06,1.799512233446876e-06,2.3915120550555e-07,5.576608259616478e-07,2.2917648223597098e-08,7.154473280479579e-08,1.4726657393548948e-10,0.0,1.6347970199781514e-10,0.0,1.009440794841332e-10,3.932059566835733e-09,0.0,8.85981332743313e-09,0.0,1.7889963122019736e-10,2.0028395608662208e-10,5.1585841154278e-10,4.766563255209633e-10,4.184734780920962e-09,1.9185630861784375e-10,0.0,4.6471027026484535e-09,0.0,2.2281962386294651e-10,3.1504898689860283e-09,2.5057703134656606e-10,3.188316055613427e-09,2.6461877133954204e-10,3.3237326224622166e-09,5.315622164658862e-09,2.908555341019081e-10,1.5545993381493872e-09,4.3241463187904117e-10,1.2471988775075715e-08,3.581634988591986e-10,3.35989042143936e-10,6.511964745214982e-09,1.0070182465682365e-09,4.247594498352214e-10,4.806334441553872e-09,3.296034001287751e-10,4.954571752868731e-10,1.451617315240128e-08,0.0,1.2038317009910315e-08,0.0,0.0,5.943532332963741e-10,1.357949308555817e-08,1.529462778648849e-09,1.3049010760823876e-09,1.1404972077855291e-08,8.730986600369306e-09,7.580467809020774e-09,8.2573855308965e-08,1.0151759433085772e-09,6.684818458779773e-07,1.8122694456224053e-08,8.511003812827767e-08,3.0528608530033807e-09
0.0,3.139709711074829,-0.07327164709568024,3.0659279823303223,-3.1044254302978516,0.041515979915857315,-0.7889681458473206,-0.787219226360321,2.2137880325317383,0.0,2.36047625541687,0.0,2.395289421081543,2.354936361312866,0.0,2.3527705669403076,0.0,2.414271354675293,2.360856056213379,-0.7888833284378052,2.3613290786743164,2.3543081283569336,2.303802251815796,0.0,2.3523061275482178,0.0,2.3100991249084473,2.3480231761932373,2.310530424118042,2.3512449264526367,2.30924391746521,2.352847099304199,2.3522233963012695,2.3984107971191406,-0.7809950113296509,2.345543622970581,2.354825496673584,-0.8035662174224854,2.367642879486084,2.351572036743164,-0.8016722798347473,2.4069881439208984,2.351827621459961,2.2774248123168945,2.4128496646881104,2.3511013984680176,0.0,2.3532357215881348,0.0,0.0,2.336184024810791,2.3531789779663086,-0.8023742437362671,-0.8114224076271057,2.351562738418579,2.353870153427124,2.3508687019348145,2.3741447925567627,2.3604698181152344,2.850182056427002,-0.790733814239502,2.360813856124878,-0.7945581078529358
127.5962665266256,127.41264372097898,129.69267014895595,129.506301607263,102.40470520711018,102.4397099266065,37.96450001087033,43.92787670350594,92.94515958402016,93.14865824015152,93.14865824015152,93.32609289441011,92.85864840799277,93.05046744064342,93.62241382136195,94.23086073300502,94.02092120848633,93.32609289441011,93.62241382136195,93.74798684925263,96.23804159420749,94.02092120848633,94.698933596826,96.8655242430674,94.88759025189091,94.43670897421086,94.13555910351583,94.7868039804982,94.43670897421086,95.3447279828507,95.26333944870082,95.67838955399499,96.1957900440018,95.40064674158559,96.18218430717513,96.1086914717058,96.56285124018744,96.25769887863879,95.94551142224502,96.83863378830506,97.30510838786024,96.06670629887772,96.293181711377,95.91366908033442,96.8655242430674,97.57550191672271,97.56576206696627,97.81235238657123,97.64038871383784,97.38280861985831,96.97108481668994,97.81252314130049,97.56576206696627,97.20100947472008,97.64038871383784,97.38280861985831,97.48191466471519,99.24409664038932,99.22208294069436,101.65131485109026,101.51708797352117,101.46174295067657,101.07764726270089
6.000001874512503,-58.48334450407244,6.000005716493912,-58.482060428508476,-89.98361005047013,38.01969135445862,-45.23969308078234,-44.81853678637018,27.549679007820444,27.24131645736188,27.24131645736188,26.971926966307404,2.9091607019555514,2.4919215210323977,1.2274895811229571,32.93654504582466,0.36719683947370346,26.971926966307404,1.2274895811229571,26.34044353414117,-4.278504774403211,0.36719683947370346,-1.07918290891012,-5.532646180554381,-3.2024628987376507,130.3725744996957,129.52574032564084,131.37670793033595,130.3725744996957,148.1942865726865,147.52714101531635,151.0468740984073,116.22105091683292,148.66238675726416,116.82033171460985,116.10816155023096,33.212358329793524,69.35833071943172,74.09024479528154,107.66392354726332,-22.46214771773933,106.24713740772758,70.18617696759395,69.10318217279672,-5.532646180554381,33.32084905457001,-15.021225230258842,70.66588847376062,77.53656700517321,87.19861407677578,33.2563925593726,-7.396028507839641,-15.021225230258842,94.02342105772256,77.53656700517321,87.19861407677578,70.35896709321693,33.93420345713174,18.891679989493504,38.016498241021644,33.74305378301976,16.18071472866562,5.878975618174932
52.40372823704698,52.58716662758601,129.69273845084766,129.5061650034796,102.40393339573397,102.43972358698484,45.79146991288182,51.352681652092485,87.05484542493618,86.85134676880482,86.85134676880482,86.67391211454623,87.14135660096356,86.94953756831292,86.37758435740523,85.76913744576215,85.97907697028083,86.67391211454623,86.37758435740523,86.25201815970371,83.76197024493801,85.97907697028083,85.30107824231952,83.13448076588894,85.11241475706542,85.56330286493464,85.8644459054405,85.21320102845813,85.56330286493464,84.65527702610564,84.73665873006634,84.32160862477218,83.80421496495454,84.59935826737075,83.8178207017812,83.89130670706137,83.43715376876888,83.74229930012838,84.05449358671132,83.16136439046211,82.69489662109609,83.93329871007862,83.70682329757933,84.08632909843274,83.13448076588894,82.42450309223362,82.4342361118009,82.18765945257427,82.3596162951185,82.61719638909803,83.0289201922664,82.18748186765585,82.4342361118009,82.79899553423625,82.3596162951185,82.61719638909803,82.51808351405197,82.707990093735,80.77792206826197,78.56302832421024,78.48292386562433,78.53826205827977,78.92235774625544
-173.99999801180195,-173.39784853457363,-174.00009363445034,-173.3978348741953,58.556017716841374,58.639120628472924,-168.77562729679423,-173.13390270428766,30.54763857228851,30.418049393165855,30.418049393165855,30.30123266779113,2.4807349518323862,1.9706361474917355,0.3736910687139162,38.38684134310349,-0.7621586647277733,30.30123266779113,0.3736910687139162,30.021632043927486,-7.651353785619412,-0.7621586647277733,-2.7652204416130566,-9.761236786276786,-5.487911002811736,139.37170390102435,138.0380275033093,140.91400159674825,139.37170390102435,155.9692958105871,155.3139801408594,158.7016720069157,130.60085308213587,156.4247874659569,131.09606911771849,130.30921766495467,42.22287707156316,84.84443911516914,89.14638595257749,124.48739664286758,-33.082577905374116,121.3505912854042,85.84493888517095,83.66255684156847,-9.761236786276786,44.02031648373289,-23.457174798668667,90.44511227230956,97.37769280816997,106.57141429895228,42.93659085869448,-13.113921371515815,-23.457174798668667,112.7536029318384,97.37769280816997,106.57141429895228,89.21117712704422,46.32874966846795,25.669343297241564,58.634319005486404,52.01972134153052,23.37055946225644,5.796444307999552
62
2.1049585541277338e-07,2.114000210440281e-07,2.1674607353361353e-07,2.1762423330073943e-07,6.422101819225645e-07,6.403827228496084e-07,2.4747168936301023e-07,2.1563876373420499e-07,-1.0,2.5752419787750114e-06,2.4134817522281082e-06,-1.0,1.739190679472813e-06,-1.0,2.212296749348752e-06,2.0329264316387707e-06,1.9634494492493104e-06,1.18259492865036e-06,1.8318182810617145e-06,1.5681306422266061e-06,-1.0,1.5078921933309175e-06,-1.0,1.7785921500035329e-06,1.536874037810776e-06,1.657985194469802e-06,1.37722463477985e-06,1.398452695866581e-06,1.2965770110895392e-06,1.187513930744899e-06,1.3630108242068673e-06,1.1901347534148954e-06,1.2044038157910109e-06,1.1219399311812595e-06,1.1753468243114185e-06,1.2369340538498363e-06,1.0759617907751817e-06,1.2338510941845016e-06,1.0118277486981242e-06,1.2125018429287593e-06,1.1687219512168667e-06,1.2436330507625826e-06,1.0751259651442524e-06,9.723806897454779e-07,-1.0,9.419067623639421e-07,1.094974663828907e-06,-1.0,-1.0,1.056409587363305e-06,9.457306759941275e-07,9.768269819687703e-07,1.021731918626756e-06,9.630221029510722e-07,9.965681329049403e-07,9.83382847152825e-07,8.746084745325788e-07,8.003971743164584e-07,6.382948072314321e-07,6.411775643755391e-07,6.454560548263544e-07,6.684335289719456e-07
1.350170532532502e-05,8.36950039229123e-06,2.8525728339445777e-06,1.7679808479442727e-06,2.3815063343590737e-07,5.577142019319581e-07,2.3488007983019088e-08,7.319908235103867e-08,0.0,1.0052278454075747e-10,3.891427624580501e-09,0.0,9.081907670349665e-09,0.0,1.7910714578128761e-10,2.01498900898045e-10,5.24567056459091e-10,4.779888707062696e-10,4.1496512892535975e-09,1.933069676551824e-10,0.0,4.615721138634399e-09,0.0,2.234425700020637e-10,3.1379052689572973e-09,2.506809759772466e-10,3.1790412524657086e-09,2.63985056037086e-10,3.313894714196408e-09,5.301527661316641e-09,2.903809415144565e-10,1.5387902063679348e-09,4.3382519798740304e-10,1.2794334480759062e-08,3.588583874503115e-10,3.376330326432253e-10,6.5041083630035246e-09,4.5319614727645785e-10,9.705097836487653e-10,4.26376989270949e-10,4.835970734973216e-09,3.3057720449924943e-10,4.897873218112636e-10,1.4911236689840734e-08,0.0,1.2153893003130634e-08,1.1783908293594436e-09,0.0,0.0,5.958460946864363e-10,1.3261940878805945e-08,1.4760516142686697e-09,1.3023849776416796e-09,1.1480786987760894e-08,8.762773617831954e-09,7.647403599264635e-09,8.447730692751065e-08,1.0130214445069896e-09,7.748757298031705e-07,1.7273290353614357e-08,7.249330735703552e-08,2.8863975654047636e-09
0.0,3.1396644115448,-0.07327163964509964,3.065868854522705,-3.1041367053985596,0.041813068091869354,-0.790351927280426,-0.787114679813385,0.0,2.4267711639404297,2.3533878326416016,0.0,2.351238489151001,0.0,2.337623119354248,2.456880569458008,-0.7690120935440063,2.2897915840148926,2.352905511856079,2.466963291168213,0.0,2.350548505783081,0.0,2.2590980529785156,2.3522655963897705,2.3262581825256348,2.3582868576049805,2.3585116863250732,2.3548147678375244,2.354762315750122,2.3983311653137207,-0.7921605706214905,2.3610658645629883,2.353708028793335,-0.8225769400596619,2.3269338607788086,2.351372480392456,2.3431954383850098,-0.8081552386283875,2.383965492248535,2.3531270027160645,2.3438034057617188,2.331766128540039,2.3533458709716797,0.0,2.352451801300049,-0.7871720790863037,0.0,0.0,2.3439464569091797,2.3528735637664795,-0.812308132648468,-0.8033857345581055,2.352778434753418,2.356508731842041,2.352895736694336,2.374630928039551,2.391932725906372,2.9541401863098145,-0.7912702560424805,2.358273506164551,-0.7928172945976257
127.59628018700394,127.4074254564531,129.69268380933428,129.50113798425045,102.44758513471953,102.48396272223901,37.54574111285685,43.42657155427827,93.32785508321597,92.858416181561,93.0501737425091,93.62185374585,94.23459001629185,94.02010158578594,93.32785508321597,93.62185374585,93.75019300035454,96.23425083921813,94.02010158578594,94.69750608728945,96.86027865778482,94.88561632722077,94.44239852178949,94.1406202736908,94.79326533945303,94.44239852178949,95.35043802099682,95.2689948453336,95.68431132800539,96.20832344112877,95.4064045910559,96.19460159108621,96.12093117069846,96.57273452391645,96.27284823821788,95.9593630458818,96.85492378947554,95.97430066959662,97.29170755670867,96.07989539416502,96.30854963700953,95.92715187375602,96.86027865778482,97.58922376676526,97.55447176426824,97.83627170904462,96.73534083748694,97.66341328152994,97.40398220628535,96.982416100523,97.80439521618818,97.55447176426824,97.22064626858386,97.66341328152994,97.40398220628535,97.50381908138343,99.24663064057138,99.23290879052884,101.65721613453316,101.55399148560676,101.4763595555004,101.07677299848713
7.000000906270785,-59.47690480187752,7.000000906270785,-59.47537483950343,-90.14901674160033,38.183404158674655,-45.55970451887036,-45.16524060373462,26.971926966307404,2.90916048851214,2.4919215210323977,1.2274894744012514,32.93654504582466,0.36719683947370346,26.971926966307404,1.2274894744012514,26.34044524168846,-4.278505201290034,0.36719683947370346,-1.07918290891012,-5.532646180554381,-3.2024631121810625,130.3725744996957,129.52574032564084,131.37670793033595,130.3725744996957,148.1942865726865,147.52714101531635,151.0468740984073,116.22105091683292,148.66238675726416,116.82033171460985,116.10816155023096,33.212358329793524,69.35833071943172,74.09024479528154,107.66392354726332,33.13983879628092,-22.46214771773933,106.24713740772758,70.18617696759395,69.10318217279672,-5.532646180554381,33.32084905457001,-15.02122352271155,70.66588847376062,112.22002172368784,77.53656700517321,87.19861407677578,33.25638914427802,-7.396028507839641,-15.02122352271155,94.02342105772256,77.53656700517321,87.19861407677578,70.35896709321693,34.08275665648493,18.8916816970408,38.18155317740958,33.74305378301976,16.180716436212915,5.878975618174932
52.40372823704698,52.592173156247625,129.69272479046933,129.50106968235875,102.44786517247549,102.4839422316715,45.882731485476945,51.368503785304824,86.67215675592954,87.14158882739534,86.94983126644723,86.37814443291717,85.76541499266449,85.9799034231704,86.67215675592954,86.37814443291717,86.2498120086018,83.76574733954902,85.9799034231704,85.30249892166688,83.1397263511715,85.11439551192473,85.55760648716685,85.8593915654547,85.20673966950329,85.55760648716685,84.6495669879595,84.7310169938119,84.31570051114012,83.79168156782757,84.59360041790042,83.80540341787012,83.87907383825788,83.42727048503987,83.72715677073846,84.04064196307453,83.1450812194808,84.02569750917054,82.70829745224765,83.92010961479131,83.6914553719468,84.07285313520032,83.1397263511715,82.41078124219106,82.44552641449893,82.16371963953337,83.26466417146938,82.3365917274264,82.59602280267099,83.01758207824417,82.19560979276815,82.44552641449893,82.77935874037247,82.3365917274264,82.59602280267099,82.49618592757291,82.67370254410154,80.7670962184275,78.46915420425758,78.44601352334958,78.52364545345594,78.92323201046919
-173.00000367579872,-172.4046024254704,-173.00000367579872,-172.404506802822,58.39250981830044,58.47537367331103,-167.77678043257154,-172.13337561352915,30.15260092126248,2.3424242614698625,1.8224466557118464,0.19567683555165238,38.20846753783402,-0.9612624676542002,30.15260092126248,0.19567683555165238,29.85205210721441,-7.970613049125086,-0.9612624676542002,-3.000684169616665,-10.114651264500756,-5.731603614661329,139.50095840087766,138.1560395117888,141.0565749654831,139.50095840087766,156.15976246578208,155.50064921087585,158.907738814175,130.74979218717718,156.61786325341484,131.24642890210714,130.4551378263828,41.943860428873556,84.78377337496109,89.11037719527317,124.6267188415575,40.942650319198066,-33.379342794622,121.46233318022561,85.78921820192198,83.59962347855598,-10.114651264500756,43.69810572473212,-23.81023752215038,90.40536057134008,128.41388115141115,97.38321160101934,106.63045445413786,42.640082101540465,-13.517971457151674,-23.81023752215038,112.84401414588186,97.38321160101934,106.63045445413786,89.16542168979431,46.18136101636824,25.16820719519585,58.47259378631884,51.54371521298857,22.690545828489974,5.114705624580831
66
2.104958696236281e-07,2.1142386685824022e-07,2.1674610195532296e-07,2.1764749646990822e-07,6.400073289114516e-07,6.381777097885788e-07,6.379177648341283e-07,2.476620011293562e-07,2.156731682134705e-07,2.4971459424705245e-06,-1.0,2.3357690679404186e-06,-1.0,2.5755066417332273e-06,2.4137732452800265e-06,-1.0,1.7377121821482433e-06,-1.0,2.2111810267233523e-06,2.0333002339611994e-06,1.9623487332864897e-06,1.1833744792966172e-06,1.8322502910450567e-06,1.5686649703638977e-06,-1.0,1.5085619224919355e-06,-1.0,1.7763915138857556e-06,1.5347744692917331e-06,1.6558308288949775e-06,1.3757212400378194e-06,1.3969206520414446e-06,1.295195147577033e-06,1.1850960390802356e-06,1.361527665721951e-06,1.187730731544434e-06,1.201977170239843e-06,1.1203103440493578e-06,1.1725248896254925e-06,1.2340700550339534e-06,1.0733912176874583e-06,1.232261070072127e-06,1.0137230219697813e-06,1.2098580555175431e-06,1.1658894436550327e-06,1.2408230531946174e-06,1.0760089708128362e-06,9.706833452582941e-07,-1.0,9.390452078150702e-07,1.092496631827089e-06,-1.0,-1.0,1.054752829077188e-06,9.46774321164412e-07,9.783339010027703e-07,1.0189477279709536e-06,9.601374131307239e-07,9.937184586306103e-07,9.80527829597122e-07,8.72807049745461e-07,7.995372470759321e-07,6.360821771522751e-07,6.392038471858541e-07,6.447251053032232e-07,6.685694415864418e-07
1.3501703506335616e-05,8.224116754718125e-06,2.8525721518235514e-06,1.736671379148902e-06,2.3717244346244115e-07,5.577260822065e-07,8.138497378240572e-07,2.404763677077426e-08,7.483352959525291e-08,1.4673397219500117e-10,0.0,1.6419506032594455e-10,0.0,9.988086052681311e-11,3.850872509758574e-09,0.0,9.316345028764772e-09,0.0,1.7924983719552756e-10,2.0065114847422905e-10,5.332881358732777e-10,4.77493766748438e-10,4.114164564583689e-09,1.9238245718700142e-10,0.0,4.584073121094434e-09,0.0,2.24439411500299e-10,3.1257172405929623e-09,2.5093874200798894e-10,3.170006479535914e-09,2.638345097949468e-10,3.304053475261526e-09,5.288862237051717e-09,2.903353668592956e-10,1.523762782618121e-09,4.353107041499271e-10,1.3136242316136304e-08,3.590185648771893e-10,3.3925098841258716e-10,6.498041660307763e-09,4.5436365780915366e-10,9.3506513643149e-10,4.283336463295484e-10,4.865839287049312e-09,3.324697739337523e-10,4.854953661315164e-10,1.5331776737070868e-08,0.0,1.2276005101341525e-08,1.1671352773134913e-09,0.0,0.0,5.984835405037359e-10,1.2959882944585388e-08,1.4235804757234405e-09,1.300567986639578e-09,1.1561610335775185e-08,8.797771400281817e-09,7.717186001343634e-09,8.641054449753938e-08,1.0099400205021425e-09,8.997756140161073e-07,1.6457516238688186e-08,6.329514690150972e-08,2.726066261615756e-09
0.0,3.1396195888519287,-0.07327164709568024,3.065810203552246,-3.103848695755005,0.042109545320272446,-0.008886348456144333,-0.7889260053634644,-0.7872344255447388,2.414821147918701,0.0,2.306213617324829,0.0,2.345309257507324,2.355003833770752,0.0,2.352747917175293,0.0,2.3604187965393066,2.3607492446899414,-0.8052194118499756,2.3613688945770264,2.3564209938049316,2.33986496925354,0.0,2.349717140197754,0.0,2.2399098873138428,2.3566336631774902,2.4120349884033203,2.357687473297119,2.39863920211792,2.3502888679504395,2.3527841567993164,2.430316209793091,-0.7874834537506104,2.3378214836120605,2.3523201942443848,-0.8131673336029053,2.308079719543457,2.3557281494140625,2.385681629180908,-0.7960577011108398,2.3076493740081787,2.352154016494751,2.3765640258789062,2.4137790203094482,2.351794719696045,0.0,2.3541200160980225,-0.7971283793449402,0.0,0.0,2.4258792400360107,2.3526041507720947,-0.7984343767166138,-0.7861205339431763,2.352867603302002,2.3538851737976074,2.3525795936584473,2.3761584758758545,2.368483066558838,3.0771520137786865,-0.7913120985031128,2.356332302093506,-0.8003026843070984
127.5962665266256,127.40328636181606,129.69268380933428,129.4954825876177,102.49099781708412,102.52779204614299,101.61355073516927,37.11991296905241,42.91716580069496,92.94789165968815,93.15175231584553,93.15175231584553,93.32953530975179,92.85812248342668,93.04980491229392,93.62118438731133,94.23820318636278,94.0191521894913,93.32953530975179,93.62118438731133,93.7522966986189,96.23012540495945,94.0191521894913,94.69590099283451,96.85462326115206,94.88344432706471,94.44819735239481,94.14575657594666,94.79983598143458,94.44819735239481,95.35630515349386,95.27478684574976,95.6903901963667,96.22104125336332,95.41231270468798,96.20718962972654,96.1333347942312,96.58233776988949,96.2880112581753,95.97324882046443,96.87141869632111,95.98204610411541,97.27799936704446,96.09322792342488,96.32393805320957,95.94061417661011,96.85462326115206,97.60256995640347,97.54276482003084,97.8603071447339,96.7506814423628,97.68657445300546,97.4253333776308,96.99344685603256,97.79574136650977,97.54276482003084,97.24048113793359,97.68657445300546,97.4253333776308,97.52579863013253,99.24913731999678,99.24292867804124,101.66317888967858,101.59015733726197,101.48954865078768,101.07449171530435
8.000001645576358,-60.46692706169252,8.000000791802712,-60.46989136379231,-90.31615147059054,38.35197322739057,-90.31615147059054,-45.892177637099074,-45.52491495033291,27.549680715367735,27.24131645736188,27.24131645736188,26.971926966307404,2.90916048851214,2.491921734475809,1.2274895811229571,32.93654846091924,0.36719683947370346,26.971926966307404,1.2274895811229571,26.34044524168846,-4.278505201290034,0.36719683947370346,-1.07918290891012,-5.532646180554381,-3.2024631121810625,130.3725744996957,129.52574032564084,131.37670793033595,130.3725744996957,148.1942865726865,147.52714101531635,151.0468740984073,116.22105091683292,148.66238675726416,116.82033171460985,116.10816155023096,33.212358329793524,69.35833071943172,74.09024479528154,107.66392354726332,33.13983879628092,-22.46214771773933,106.24713740772758,70.18617696759395,69.10318217279672,-5.532646180554381,33.32084905457001,-15.021225230258842,70.66588847376062,112.22002172368784,77.53656700517321,87.19861407677578,33.25638914427802,-7.396028507839641,-15.021225230258842,94.02342105772256,77.53656700517321,87.19861407677578,70.35896709321693,34.23406242207364,18.891679989493504,38.35141315187863,33.74305378301976,16.18071472866562,5.878975618174932
52.40372823704698,52.597128458490474,129.69265648857763,129.49597436123793,102.49140079824515,102.52779204614299,78.38615374546359,45.97342273727637,51.38424395624712,87.05211334926817,86.84825269311081,86.84825269311081,86.67046969920455,87.14188252552965,86.95020009666241,86.37882062164499,85.76180182259355,85.98085281946503,86.67046969920455,86.37882062164499,86.24770831033743,83.76987277380772,85.98085281946503,85.30409718593266,83.14538174780428,85.11656068189161,85.55181448675069,85.85424843300967,85.20016902752175,85.55181448675069,84.64369985546247,84.72521816320656,84.30961481258963,83.778963755593,84.58769913445754,83.7928153792298,83.86667021472513,83.41766040887767,83.7120005809702,84.0267561884919,83.12858631263522,84.01796573503009,82.72200564191186,83.90677708553144,83.67606695574676,84.05938400215705,83.14538174780428,82.39743505255286,82.45722652854715,82.13969786422243,83.24930990621519,82.31343055595087,82.57467163132553,83.00655815292377,82.20426364244656,82.45722652854715,82.75952387102275,82.31343055595087,82.57467163132553,82.47420637882381,82.63999556054753,80.7570763309151,78.37553963149338,78.40984767169437,78.51045635816865,78.92550646346281
-172.0000093397955,-171.41153390128554,-171.99999567941717,-171.4116568446906,58.22412516469212,58.30683875554097,58.22412516469212,-166.7830562102264,-171.1337091266061,30.2860696478337,30.136751467293465,30.136751467293465,30.002524589724377,2.2043639402291024,1.674560467019788,0.018163960952829936,38.0275085059637,-1.1596886411097678,30.002524589724377,0.018163960952829936,29.68079194396551,-8.287444180380822,-1.1596886411097678,-3.2350855897609243,-10.464845308531064,-5.973874266503089,139.62838241003342,138.2722756710841,141.19731784352038,139.62838241003342,156.3490133473048,155.68607518646337,159.11267181003203,130.89602653730714,156.80973692757885,131.3940975919628,130.5983395725213,41.659475257496325,84.71734295509354,89.06912968287547,124.76269424755411,40.68475262142214,-33.66919553242983,121.57078292386707,85.72773283901353,83.53126011515332,-10.464845308531064,43.36890426711585,-24.157112094244063,90.35851230382296,128.5630115017492,97.38247394058898,106.68434464668927,42.33758326848436,-13.917292490560946,-24.157112094244063,112.9299652463973,97.38247394058898,106.68434464668927,89.11281557280687,46.03120955274927,24.66127397009209,58.30597132151638,51.05134395119528,22.002592099813363,4.4338920049078245
68
2.1049585541277338e-07,2.114475137204863e-07,2.1674610195532296e-07,2.1767034752429026e-07,6.378420494002057e-07,6.360101565405785e-07,6.35745323052106e-07,6.339072911032417e-07,2.4785225605228334e-07,2.1570753006017185e-07,2.4960702376120025e-06,-1.0,2.3347008664131863e-06,-1.0,2.575829057605006e-06,2.414122263871832e-06,-1.0,1.736285412334837e-06,1.952182401510072e-06,-1.0,2.2101196464063833e-06,2.0337333808129188e-06,1.961303496500477e-06,1.1842179219456739e-06,1.8327425550523913e-06,1.5692609167672344e-06,-1.0,1.5092928151716478e-06,-1.0,1.774162001311197e-06,1.5326450011343695e-06,1.6536469047423452e-06,1.3741831708102836e-06,1.3953538200439652e-06,1.2937783822053461e-06,1.182654614240164e-06,1.3600094916910166e-06,1.1853028354380513e-06,1.1995274462606176e-06,1.118734758165374e-06,1.1697153468048782e-06,1.2312143553572241e-06,1.0708010904636467e-06,1.2307245924603194e-06,1.01566661214747e-06,1.2071960782122915e-06,1.163068191090133e-06,1.238026584360341e-06,1.0769564369184081e-06,9.690407978268922e-07,-1.0,9.361909860672313e-07,1.0899966582655907e-06,-1.0,-1.0,1.0531506404731772e-06,9.478833362663863e-07,9.798983455766574e-07,1.0161518275708659e-06,9.572532917445642e-07,9.908617357723415e-07,9.77680997493735e-07,8.710515544407826e-07,7.98749908881291e-07,6.339074047900795e-07,6.372849270519509e-07,6.440759534598328e-07,6.687889140266634e-07
1.350170532532502e-05,8.079542567429598e-06,2.852573061318253e-06,1.7057002423825907e-06,2.362101128028371e-07,5.576972057497187e-07,8.149704626703169e-07,1.9338078800501535e-06,2.459756665018631e-08,7.644808874829323e-08,1.4807777226621965e-10,0.0,1.6449080986191689e-10,0.0,1.0016190654660306e-10,3.810532334114214e-09,0.0,9.563919434185664e-09,2.841118895702266e-09,0.0,1.7948767472297789e-10,2.0075836826283222e-10,5.42060951680412e-10,4.780476015042723e-10,4.0786503063827695e-09,1.9312150489891877e-10,0.0,4.55218529538115e-09,0.0,2.2287420520239465e-10,3.1142803891270887e-09,2.5107108059252425e-10,3.1612081841103645e-09,2.632958018278231e-10,3.2944229566567174e-09,5.277630332756189e-09,2.8946153807218877e-10,1.509493086082614e-09,4.369974104800889e-10,1.3499470874478448e-08,3.591376918077316e-10,3.4058089681821e-10,6.49396270091529e-09,4.552884458330908e-10,9.010467372227993e-10,4.302171952019762e-10,4.895892580236705e-09,3.3473646077197827e-10,4.796215646862834e-10,1.5781925100100125e-08,0.0,1.2405072524757088e-08,1.156285844849947e-09,0.0,0.0,5.990479778894553e-10,1.2672204618979777e-08,1.3733993942111056e-09,1.2995662324044588e-09,1.1648212172588046e-08,8.835687737018816e-09,7.789593858831267e-09,8.836785525545565e-08,1.006827066163396e-09,8.931785941967973e-07,1.5674892495098902e-08,5.6294975792070545e-08,2.5713069451427373e-09
0.0,3.1395745277404785,-0.07327165454626083,3.0657522678375244,-3.103562355041504,0.0424051471054554,-0.008896419778466225,3.1368343830108643,-0.788902759552002,-0.7871854305267334,2.212742328643799,0.0,2.414830446243286,0.0,2.4616589546203613,2.3482553958892822,0.0,2.350679636001587,2.3529584407806396,0.0,2.344822406768799,2.3608946800231934,-0.80079185962677,2.3166160583496094,2.354356050491333,2.2884507179260254,0.0,2.350290536880493,0.0,2.3613808155059814,2.3586997985839844,2.41207218170166,2.3549704551696777,2.374016046524048,2.349195718765259,2.3500099182128906,2.3983240127563477,-0.7957899570465088,2.3224868774414062,2.351801872253418,-0.7954828143119812,2.3190665245056152,2.354973316192627,2.3352060317993164,-0.7875658273696899,2.3761281967163086,2.3544235229492188,2.4027979373931885,2.3615355491638184,2.353302478790283,0.0,2.351747989654541,-0.7883142828941345,0.0,0.0,2.3938114643096924,2.3539886474609375,-0.8020031452178955,-0.7889117002487183,2.3507778644561768,2.352385997772217,2.350510358810425,2.376373291015625,2.328516960144043,-0.08184924721717834,-0.790867805480957,2.3554739952087402,-0.7968928813934326
127.59628018700394,127.39738507837318,129.69268380933428,129.49175330433087,102.53400068809853,102.57118423794007,101.65434745508175,101.68836179714842,36.68736391910467,42.40031172582176,92.94916207487378,93.15320031594958,93.15320031594958,93.33113357401757,92.85776731358985,93.04936094999788,93.6204194061243,94.24168658283949,93.77187202078017,94.01807301960244,93.33113357401757,93.6204194061243,93.75430477423488,96.22567895180977,94.01807301960244,94.69411831346113,96.84856488335825,94.88106742123355,94.4540781452702,94.15097484047254,94.80652273663203,94.4540781452702,95.36232255015264,95.28072911032767,95.69663981945726,96.23393665051631,95.41837108248177,96.21994842309613,96.14590917249319,96.5916541479174,96.30317427813273,95.98714825542541,96.8881185088418,95.98953882163492,97.26399747924594,96.1067107168465,96.33934695997712,95.95408330965338,96.84856488335825,97.61553365544816,97.53066172482157,97.88442454269321,96.76624744348126,97.70987222826437,97.44686213389468,97.0041429322728,97.78656159226527,97.53066172482157,97.26051408276923,97.70987222826437,97.44686213389468,97.54783965058415,99.25164399942217,99.25212211266408,101.66920311652653,101.62554454735181,101.50128291578177,101.07081707353089
9.000001104221463,-61.462966718166314,8.99999939667417,-61.45971554812139,-90.4913868039364,38.52536440966052,-90.48885280375431,38.52536099456593,-46.237447114737805,-45.89758031673255,27.549679007820444,27.24131645736188,27.24131645736188,26.971926966307404,2.90916048851214,2.4919215210323977,1.2274894744012514,32.93654846091924,25.46800298088793,0.36719683947370346,26.971926966307404,1.2274894744012514,26.34044524168846,-4.278505201290034,0.36719683947370346,-1.0791828021884142,-5.532646180554381,-3.2024631121810625,130.3725744996957,129.52574032564084,131.37670793033595,130.3725744996957,148.1942865726865,147.52714101531635,151.0468740984073,116.22105091683292,148.66238675726416,116.82033171460985,116.10816155023096,33.212358329793524,69.35833071943172,74.09024479528154,107.66392354726332,33.13983879628092,-22.46214771773933,106.24713740772758,70.18617696759395,69.10318217279672,-5.532646180554381,33.32084905457001,-15.02122352271155,70.66588847376062,112.22002172368784,77.53656700517321,87.19861407677578,33.25638914427802,-7.396028507839641,-15.02122352271155,94.02342105772256,77.53656700517321,87.19861407677578,70.35896709321693,34.3880661123845,18.8916816970408,38.52604742857752,33.74305378301976,16.18071472866562,5.878975618174932
52.40372823704698,52.6020188739362,129.69264282819927,129.49109760617054,102.53449246171877,102.57119106812925,78.34591710106304,78.31164321180792,46.06343780034798,51.39985435359518,87.05084293408255,86.84681152319592,86.84681152319592,86.66887143493877,87.14223769536649,86.95064405895846,86.3795924330212,85.75831842611684,86.22813981836535,85.9819319893539,86.66887143493877,86.3795924330212,86.24570023472145,83.77433288733573,85.9819319893539,85.3058866954952,83.15144012559809,85.11893075753362,85.54592686368613,85.8490301684838,85.19347544213514,85.54592686368613,84.63768928899286,84.71928272881783,84.30336518949908,83.76606835844002,84.58163392647457,83.78005658586021,83.85409583646315,83.40835086103894,83.69683756101277,84.01286358372009,83.11187966992537,84.01046618732141,82.73600752971039,83.89328746192068,83.66065804897922,84.04592169930295,83.15144012559809,82.38447135350818,82.46933645394559,82.11558046626311,83.23375756547507,82.2901259505028,82.55314287506164,82.9958689068727,82.21343658650189,82.46933645394559,82.7394909261871,82.2901259505028,82.55314287506164,82.45216535837217,82.60688963364048,80.74788972648142,78.28225973799852,78.37446046160453,78.49872209317456,78.92919476561462
-171.00000134341394,-170.41862930164078,-170.9999603622789,-170.41868394315415,58.05096620885395,58.13344757327103,58.050952548475614,58.13342708270352,-165.7943316863537,-170.1349169038968,30.15346835528707,29.994133702329016,29.994133702329016,29.85106855997393,2.066615886699459,1.5270446026467914,-0.15876119721225407,37.844049624857156,28.497372877801592,-1.3573363864433654,29.85106855997393,-0.15876119721225407,29.50793010135624,-8.60165081144798,-1.3573363864433654,-3.468296635998897,-10.811591814577808,-6.2145876352140865,139.75394860773494,138.38666767930346,141.33618924972507,139.75394860773494,156.53698015326356,155.87020342610856,159.3164436737302,131.0394878306341,157.0003675073139,131.5390342061505,130.73876826185676,41.36983425555276,84.6450795536748,89.02257511349266,124.89529554010075,40.42242213087488,-33.95206098671674,121.6758722144369,85.66041449455389,83.45739161927963,-10.811591814577808,43.03283846938371,-24.497620930031292,90.30443769616397,128.70906826696077,97.37535688347383,106.73296876339059,42.02921730293121,-14.31161382549777,-24.497620930031292,113.01135378054718,97.37535688347383,106.73296876339059,89.05324949305519,45.87833967384063,24.14896538611153,58.134485762024866,50.542641707096486,21.307461549866364,3.754822644794109
64
2.104958696236281e-07,2.1147081952221924e-07,2.1674610195532296e-07,2.1769305647012516e-07,6.357152528835286e-07,6.338809157568903e-07,6.336114779514901e-07,6.317711154224526e-07,2.4804231202324445e-07,2.1574186348516378e-07,2.4950479655672098e-06,-1.0,2.333686552447034e-06,2.5762085442693206e-06,2.414529262750875e-06,-1.0,1.734911620587809e-06,1.9512408471200615e-06,-1.0,2.034224962699227e-06,1.960313738891273e-06,1.1851243471028283e-06,1.8332942772758543e-06,1.5699176856287522e-06,-1.0,1.510084189249028e-06,-1.0,1.7719039533403702e-06,1.5304862017728738e-06,1.6514341041329317e-06,1.3726101997235673e-06,1.3937524272478186e-06,1.292326601287641e-06,1.1801903383457102e-06,1.3584565294877393e-06,1.197054530166497e-06,1.1172144240845228e-06,1.166919219031115e-06,1.2283678643143503e-06,1.0681918638510979e-06,1.2292427982174559e-06,1.0176576097364887e-06,1.2045169341945439e-06,1.1602596714510582e-06,1.2352448948149686e-06,1.0779679087136174e-06,9.674541843196494e-07,-1.0,9.333450634585461e-07,1.0874755389522761e-06,-1.0,-1.0,1.0516035899854614e-06,9.490565844316734e-07,9.81518951448379e-07,1.0133446721738437e-06,9.543707619741326e-07,9.879986464511603e-07,9.748434877110412e-07,7.980358986969804e-07,6.317715133263846e-07,6.354228503369086e-07,6.435093951040471e-07,6.690916620755161e-07
1.3501703506335616e-05,7.93682465882739e-06,2.8525726065709023e-06,1.6749060023357742e-06,2.3527398695932789e-07,5.576299599852064e-07,8.161277378349041e-07,1.943939651027904e-06,2.513753116772932e-08,7.80425963853304e-08,1.4698471606511276e-10,0.0,1.6471481123492282e-10,9.894828012502188e-11,3.770709522399329e-09,0.0,9.826055524797539e-09,2.8579576483167557e-09,0.0,2.0086521335116458e-10,5.511303080574237e-10,4.78223960431734e-10,4.043160473088392e-09,1.929441606485227e-10,0.0,4.520017693465661e-09,0.0,2.232262985568667e-10,3.1034670389118446e-09,2.5111301926727947e-10,3.152694993957539e-09,2.632642437383481e-10,3.2849774012078115e-09,5.267708491629719e-09,2.8899513337954374e-10,4.387595009536227e-10,1.3886374716776118e-08,3.595994335636732e-10,3.4189853725941077e-10,6.4917133890673995e-09,4.564197353396082e-10,8.687339736468402e-10,4.321424051934031e-10,4.926154151263518e-09,3.3666058829595613e-10,4.745894788271698e-10,1.6263461688481584e-08,0.0,1.2541208960215044e-08,1.1461166460335903e-09,0.0,0.0,5.996215191039767e-10,1.2398110982303479e-08,1.3247762886692271e-09,1.299340635085855e-09,1.1740084460143407e-08,8.876503976296135e-09,7.864763063025748e-09,1.0028530228467503e-09,7.816054790055205e-07,1.4924088631573795e-08,5.0789971339781914e-08,2.4223343331186697e-09
0.0,3.1395299434661865,-0.07327163964509964,3.0656940937042236,-3.1032772064208984,0.04269958660006523,-0.00890682265162468,3.136829376220703,-0.7881325483322144,-0.7871434092521667,2.3447935581207275,0.0,2.4149203300476074,2.3608715534210205,2.352773666381836,0.0,2.353508472442627,2.358668327331543,0.0,2.345327854156494,-0.8048879504203796,2.316789150238037,2.3546996116638184,2.349555015563965,0.0,2.3494455814361572,0.0,2.3966336250305176,2.3479714393615723,2.3265910148620605,2.3476407527923584,2.309656858444214,2.3627209663391113,2.3499999046325684,2.398437976837158,2.407332420349121,2.352318286895752,-0.8376450538635254,2.3378307819366455,2.3512113094329834,2.3095998764038086,-0.8121452331542969,2.3611526489257812,2.3544211387634277,2.4105730056762695,2.361640691757202,2.351816415786743,0.0,2.3539295196533203,-0.7982485890388489,0.0,0.0,2.360413074493408,2.3533992767333984,-0.7941012978553772,-0.7794451713562012,2.35198712348938,2.35506010055542,2.352839708328247,2.360588312149048,-0.2000960409641266,-0.7910343408584595,2.353954315185547,-0.7972235083580017
127.5962665266256,127.39310937995275,129.69268380933428,129.48631647375154,102.57726310630139,102.61410514668444,101.69441334475304,101.72844134719806,36.248490113985504,41.8764088957251,92.95037101835688,93.15457318397274,93.15457318397274,92.85733701167213,93.04884868581011,93.61953831172137,94.2450538661003,93.77368885109938,94.01685724593018,93.61953831172137,93.75620356682415,96.22089098920159,94.01685724593018,94.692144388791,96.84210352440343,94.8785061002948,94.46005456079396,94.1562682370793,94.8133187748562,94.46005456079396,95.368483380784,95.28680797868898,95.70306019727707,96.24700963258772,95.42457972443731,96.15865430548443,96.60066316743264,96.31833729809016,96.00107501114307,96.90503005722675,95.9967856523443,97.24970872350227,96.120350604619,96.3547490365555,95.96754561250748,96.84210352440343,97.6280943733318,97.51815564845128,97.9086170727334,96.78200468989648,97.73330660730669,97.46856847507699,97.01449066886538,97.7768763840222,97.51815564845128,97.28073144271247,97.73330660730669,97.46856847507699,97.56993531254915,99.26046860382984,101.67528881507701,101.66009164417373,101.51154185991513,101.06574224297756
10.00000227041386,-62.45481263848971,10.000004831734799,-62.45407497805935,-90.66714806184834,38.70354355453864,-90.6646277220446,38.70354355453864,-46.5957759140696,-46.284080231296066,27.549679007820444,27.24131645736188,27.24131645736188,2.90916048851214,2.4919215210323977,1.2274895811229571,32.93654504582466,25.46800298088793,0.36719683947370346,1.2274895811229571,26.34044524168846,-4.278505201290034,0.36719683947370346,-1.07918290891012,-5.532646180554381,-3.2024631121810625,130.3725744996957,129.52574032564084,131.37670793033595,130.3725744996957,148.1942865726865,147.52714101531635,151.0468740984073,116.22105091683292,148.66238675726416,116.10816155023096,33.212358329793524,69.35833071943172,74.09024479528154,107.66392354726332,33.13983538118633,-22.46214601019204,106.24713740772758,70.18617696759395,69.10318217279672,-5.532646180554381,33.32084905457001,-15.02122352271155,70.66588847376062,112.22002172368784,77.53656700517321,87.19861407677578,33.2563925593726,-7.396028507839641,-15.02122352271155,94.02342105772256,77.53656700517321,87.19861407677578,70.35896709321693,18.8916816970408,38.70542185656039,33.74305378301976,16.18071472866562,5.878976045061755
52.40372823704698,52.606851232773984,129.69272479046933,129.48613888883312,102.57712650251798,102.6141119768736,78.3061107585802,78.27155683156911,46.152684467137945,51.415348637727355,87.04963399059946,86.84543865517276,86.84543865517276,87.14266116709503,86.95115632314622,86.38046669723497,85.75495114285603,86.22630932766778,85.98313410264782,86.38046669723497,86.24380827232136,83.77911401975474,85.98313410264782,85.30785378997616,83.15789465436374,85.12149890866154,85.5399436179732,85.84372994168785,85.18668623410014,85.5399436179732,84.63152162817234,84.71319020007817,84.29693798149009,83.75300220655778,84.57541845432985,83.8413507034719,83.39934867171286,83.68166771086617,83.99892999781326,83.09497495172958,84.00321935661204,82.75029628545407,83.87965440433733,83.64525597240083,84.03246622663802,83.15789465436374,82.37190380543535,82.48184253031589,82.09138110603377,83.21799348887069,82.26669840164965,82.53144336406851,82.9855075099018,82.22312862493413,82.48184253031589,82.71926673605469,82.26669840164965,82.53144336406851,82.43006969640719,80.7395364051265,78.18941697661054,78.33992019497177,78.48845631885203,78.93426276597877
-170.00000700741072,-169.4259159472928,-170.00004798854573,-169.42587496615778,57.87303295078595,57.955206956690375,57.87302612059678,57.95524793782539,-164.81048391754837,-169.13695796426623,30.019729836243638,29.850279673124792,29.850279673124792,1.9292396515927575,1.379965123328735,-0.335014402167205,37.658152366216925,28.320916648141605,-1.5541075196856744,-0.335014402167205,29.333541711467475,-8.913044258350737,-1.5541075196856744,-3.700193938038701,-11.154675631682133,-6.453617789181499,139.87762967322553,138.49920187606858,141.47314820296216,139.87762967322553,156.72366288365833,156.05302026943312,159.51901342413444,131.1801077652663,157.18970035110664,130.87636925287586,41.07507744192086,84.56690803862402,88.9706588456114,125.02439977579232,40.15577837586675,-34.227850365023514,121.7775464104217,85.58719486665134,83.37798383998907,-11.154675631682133,42.69005518060287,-24.831608642708453,90.24301380495805,128.8519831451541,97.36175114664717,106.77623118159345,41.715120808664416,-14.700682744962851,-24.831608642708453,113.0880841256831,97.36175114664717,106.77623118159345,88.98661416751254,23.631720282908343,57.95814393803348,50.017690442962234,20.605961848518326,3.078310550194329
61
2.104958696236281e-07,2.1149384110685787e-07,2.1674610195532296e-07,2.1771548119886575e-07,6.336281899166352e-07,6.31791351679567e-07,6.315174232440768e-07,6.296744459177717e-07,2.4823199851198297e-07,2.1577608322331798e-07,2.4940798084571725e-06,2.576645329099847e-06,2.4149935597961303e-06,-1.0,1.733590920593997e-06,1.9503563635225873e-06,-1.0,2.034775434367475e-06,1.9593803699535783e-06,1.1860934137075674e-06,1.8339054577154457e-06,1.570634935887938e-06,-1.0,1.5109357036635629e-06,-1.0,1.7696178247206262e-06,1.5282985259545967e-06,1.64919276812725e-06,1.3710027815250214e-06,1.3921168147135177e-06,1.2908399185107555e-06,1.1777036661442253e-06,1.3568691201726324e-06,1.1945595588258584e-06,1.1157501376146683e-06,1.1641378705462557e-06,1.0655642199708382e-06,1.2278163694645627e-06,1.0196946504947846e-06,1.2018208508379757e-06,1.1574645668588346e-06,1.2324786666795262e-06,1.0790423630169244e-06,9.659247552917805e-07,-1.0,9.30508463170554e-07,1.084933387573983e-06,-1.0,-1.0,1.0501132692297688e-06,9.502934972260846e-07,9.83194581749558e-07,1.010527171274589e-06,9.514907333141309e-07,9.85129872788093e-07,9.720164371174178e-07,7.973959554874455e-07,6.296756396295677e-07,6.336193223432929e-07,6.430262260437303e-07,6.694772309856489e-07
1.3501701687346213e-05,7.795581950631458e-06,2.852572379197227e-06,1.6443806316601695e-06,2.3435644891378615e-07,5.57524742816895e-07,8.172927437044564e-07,1.953897253770265e-06,2.5668217773500146e-08,7.961697434666348e-08,1.49537479621209e-10,9.847081483549402e-11,3.7309106915017765e-09,0.0,1.0104175274250338e-08,2.874515958595225e-09,0.0,2.0274991407998044e-10,5.600822583495813e-10,4.780810747284647e-10,4.0076195695348815e-09,1.937281862707252e-10,0.0,4.4876733440446515e-09,0.0,2.2310880920528575e-10,3.09315817403899e-09,2.529371434523142e-10,3.144457361159425e-09,2.6291110954979047e-10,3.2758633583540586e-09,5.259137125790403e-09,2.8843058497152185e-10,4.4042808289290747e-10,1.4299773809511862e-08,3.590327757319045e-10,6.491203574654492e-09,4.569362943573907e-10,8.372270654533054e-10,4.3434270069475645e-10,4.9565991311339985e-09,3.382506497118243e-10,4.695157596046329e-10,1.6780891343159965e-08,0.0,1.2685116068666957e-08,1.1365559604570308e-09,0.0,0.0,6.005848596224439e-10,1.2136300853171633e-08,1.2780786429189561e-09,1.2995857723296922e-09,1.1837647306833787e-08,8.92064822011207e-09,7.942991153697676e-09,9.987544125067416e-10,6.873992788314354e-07,1.4204155185382206e-08,4.634878081333227e-08,2.279282984574138e-09
0.0,3.1394855976104736,-0.07327164709568024,3.065636396408081,-3.102994203567505,0.04299261048436165,-0.008917875587940216,3.136824369430542,-0.7886192798614502,-0.7871593236923218,2.174152374267578,2.376643180847168,2.3548853397369385,0.0,2.3535258769989014,2.3550965785980225,0.0,2.226430892944336,-0.7978580594062805,2.387502431869507,2.357619047164917,2.4214115142822266,0.0,2.3523924350738525,0.0,2.3769054412841797,2.3481948375701904,2.241887092590332,2.357713460922241,2.3828728199005127,2.3555760383605957,2.3518223762512207,2.3346219062805176,2.3994340896606445,2.3533365726470947,-0.7879905700683594,2.35469126701355,2.344761371612549,-0.8142412900924683,2.3917267322540283,2.355902671813965,2.3281283378601074,2.3466057777404785,2.352813959121704,0.0,2.3526556491851807,-0.8024163246154785,0.0,0.0,2.3525772094726562,2.3538637161254883,-0.8027093410491943,-0.7983737587928772,2.3554739952087402,2.3504374027252197,2.349980115890503,2.3523573875427246,-0.29826727509498596,-0.7899767756462097,2.3547396659851074,-0.8062667846679688
127.5962665266256,127.38832824753374,129.69268380933428,129.48055179409204,102.61896141118432,102.65651379124104,101.73324297018458,101.76804961419495,35.80360574239672,41.34583297080934,92.95151165994827,92.8568657286194,93.0482612895415,93.61855476448088,94.24829137576688,93.77540322858106,94.01551852885285,93.61855476448088,93.7579930763867,96.2157888378916,94.01551852885285,94.68999970939161,96.83525967485507,94.8757467038701,94.46613342915528,94.16165042614527,94.82022409610707,94.46613342915528,95.37478764538793,95.29303711121204,95.70965132982613,96.2602465391992,95.43095229093294,96.17157019320493,96.60936482843523,96.33349348785842,96.92213968109763,96.0037797660544,97.23515359038097,96.13412709617492,96.37016477351222,95.98098059460489,96.83525967485507,97.64024527986525,97.50526708148747,97.93287790466529,96.79796684198679,97.75685709956488,97.49043874079938,97.02449689599943,97.7666925719697,97.50526708148747,97.30114687814164,97.75685709956488,97.49043874079938,97.5920856160275,99.26796815153851,101.68141549476252,101.69374398621439,101.52031182280942,101.05928088402273
11.000001729058964,-63.446979577704106,11.000003436606256,-63.44946576656199,-90.85106456562927,38.88648334126826,-90.8510782260076,38.88647992617368,-46.96768995966055,-46.68442152421261,27.549680715367735,2.9091607019555514,2.4919215210323977,1.2274895811229571,32.93654504582466,25.46800298088793,0.36719683947370346,1.2274895811229571,26.34044524168846,-4.278505201290034,0.36719683947370346,-1.07918290891012,-5.532646180554381,-3.2024631121810625,130.3725744996957,129.52574032564084,131.37670793033595,130.3725744996957,148.1942865726865,147.52714101531635,151.0468740984073,116.22105091683292,148.66238675726416,116.10816155023096,33.212358329793524,69.35833071943172,107.66392354726332,33.13983538118633,-22.46214601019204,106.24713740772758,70.18617696759395,69.10318217279672,-5.532646180554381,33.32084905457001,-15.02122352271155,70.66588847376062,112.22002172368784,77.53656700517321,87.19861407677578,33.25638914427802,-7.396028507839641,-15.02122352271155,94.02342105772256,77.53656700517321,87.19861407677578,70.35896709321693,18.8916816970408,38.889488624503066,33.74305378301976,16.18071472866562,5.878975618174932
52.40372823704698,52.61161870481465,129.69268380933428,129.48124847338738,102.61922095837278,102.65652062143022,78.26678252933927,78.2319485645722,46.24107394518708,51.43068582750862,87.04849334900807,87.14315294071527,86.95174371941484,86.38145024447545,85.75171363318944,86.22460178037528,85.98448648010348,86.38145024447545,86.24201193256964,83.78421617106474,85.98448648010348,85.31000529956472,83.16474533410127,85.12425147489705,85.53387840999022,85.83835458281106,85.17977408266009,85.53387840999022,84.62520370319007,84.70696106755513,84.29035367913019,83.73975846975713,84.5690527180234,83.82843481575141,83.3906401805211,83.66650469090874,83.0778653278587,83.99622524290194,82.76485824876453,83.86587108259225,83.62984706563329,84.01901758416227,83.16474533410127,82.3597528989019,82.49473792746886,82.06712710429105,83.20203133678037,82.24314790939144,82.50956626815696,82.97550811295689,82.23331243698662,82.49473792746886,82.6988581308147,82.24314790939144,82.50956626815696,82.407926223118,80.73203685741782,78.09710696997782,78.30626102274195,78.4796931861469,78.94071729474443
-168.99999901102913,-168.43336651748487,-169.00006731292083,-168.4333391967282,57.69033222067728,57.772294490717435,57.69035271124479,57.77230815109577,-163.83140362078373,-168.13981864733609,29.884908732216754,1.792296279724706,1.2333884099666153,-0.5105103765989969,37.4699055225022,28.143075597627398,-1.749902682928612,-0.5105103765989969,29.15770532147467,-9.221433275792338,-1.749902682928612,-3.930651777710924,-11.493881608885184,-6.690835381697919,139.99937096499184,138.60983728024445,141.60815372209663,139.99937096499184,156.90899323659747,156.23447107492368,159.72034008010974,131.31783169969046,157.37772179857876,131.01107424368683,40.77533117510027,84.48278059861697,125.14997963387218,39.88495112999199,-34.49649878055304,121.87570988917312,85.50801931379256,83.29298213576826,-11.493881608885184,42.340711495124225,-25.158924968113805,90.17411768680013,128.99168783443756,97.34153378670392,106.81402261827112,41.39544746494031,-15.08425421591972,-25.158924968113805,113.1600606591567,97.34153378670392,106.81402261827112,88.91280031315222,23.109996283156917,57.7769936608664,49.476606272008404,19.89892286375341,2.4051597624398413
58
2.1049585541277338e-07,2.1151660689611163e-07,2.1674610195532296e-07,2.1773746539111016e-07,6.315815426205518e-07,6.297423738033103e-07,6.29464011581149e-07,6.276186468312517e-07,2.48421059723114e-07,2.1581016085292504e-07,2.577138729975559e-06,2.415515155007597e-06,-1.0,1.7323239944744273e-06,1.9495289507176494e-06,-1.0,2.035384341070312e-06,1.9585036170610692e-06,1.1871245533257024e-06,1.83457586899749e-06,1.571412440171116e-06,-1.0,1.511846789981064e-06,-1.0,1.7673041838861536e-06,1.5260822010532138e-06,1.6469234651594888e-06,1.3693614846488344e-06,1.3904469824410626e-06,1.289318902308878e-06,1.1751949386962224e-06,1.3552474911193713e-06,1.1920427596123773e-06,1.1143429219373502e-06,1.1613720971581643e-06,1.0629186135702184e-06,1.0217762564934674e-06,1.1991086239504511e-06,1.1546843552423525e-06,1.2297293778829044e-06,1.0801791177073028e-06,9.644534202379873e-07,-1.0,9.276819810111192e-07,1.0823708862517378e-06,-1.0,-1.0,9.515927104075672e-07,9.849242132986546e-07,1.00769989330729e-06,9.486143426329363e-07,9.82256551651517e-07,9.69200982581242e-07,7.968307045302936e-07,6.276208068811684e-07,6.318763325907639e-07,6.426271283999085e-07,6.699452796965488e-07
1.3501703506335616e-05,7.6556598287425e-06,2.852573061318253e-06,1.6142918184414157e-06,2.3346716204741824e-07,5.573830890170939e-07,8.185070896615798e-07,1.9636722754512448e-06,2.6189422186462252e-08,8.117162053622451e-08,9.793807431712764e-11,3.6914409307087226e-09,0.0,1.0399478611589075e-08,2.8909470373150725e-09,0.0,2.0115936694153902e-10,5.692514237765067e-10,4.778339390831832e-10,3.972083995051889e-09,1.934467031006193e-10,0.0,4.454972835077342e-09,0.0,2.2343810135438957e-10,3.0832265629499034e-09,2.5137281145504176e-10,3.136434445494274e-09,2.6248023199393344e-10,3.2669937866103282e-09,5.251892698510119e-09,2.8830143827818233e-10,4.417213539387177e-10,1.4741203813173342e-08,3.5863789715762096e-10,6.492562043547423e-09,8.086942226981364e-10,4.3635270396968906e-10,4.987225299402098e-09,3.401500470179286e-10,4.6508641382558835e-10,1.7338255275944903e-08,0.0,1.283672634855293e-08,1.1278258327251933e-09,0.0,0.0,1.1886170270258845e-08,1.233352642238117e-09,1.3010283961278901e-09,1.1941753363942098e-08,8.967556475170113e-09,8.023971709292255e-09,9.945405610167768e-10,6.080456387280719e-07,1.3514160457361868e-08,4.269023889946766e-08,2.140965849051213e-09
0.0,3.1394407749176025,-0.07327165454626083,3.065579652786255,-3.102713108062744,0.04328390955924988,-0.008929146453738213,3.13681960105896,-0.7884733080863953,-0.786933422088623,2.3609564304351807,2.353471279144287,0.0,2.350252628326416,2.3529810905456543,0.0,2.4006235599517822,-0.7797751426696777,2.33541202545166,2.357999563217163,2.333650588989258,0.0,2.3553922176361084,0.0,2.326253890991211,2.3559138774871826,2.361443281173706,2.35636305809021,2.34198260307312,2.3506736755371094,2.352203369140625,2.3028311729431152,2.36100435256958,2.35420823097229,-0.8138380646705627,2.354698896408081,-0.8510608077049255,2.3611669540405273,2.3513081073760986,2.3453168869018555,2.415595054626465,2.3538107872009277,0.0,2.353625774383545,-0.8130110502243042,0.0,0.0,2.353433609008789,-0.814355731010437,-0.8133002519607544,2.352870464324951,2.3554024696350098,2.355210304260254,2.3771276473999023,-0.3792470693588257,-0.7908211946487427,2.3536837100982666,-0.7939406633377075
127.59628018700394,127.3824816056042,129.69268380933428,129.47738258631716,102.66173205576693,102.69838285085322,101.77196331258938,101.80715244719327,35.35310695531019,40.80897668695175,92.85631248329663,93.04760559138117,93.61747559459202,94.25140594202841,93.77700832303601,94.0140500381813,93.61747559459202,93.75968013311169,96.21037249787977,94.0140500381813,94.6876774450738,96.8280333347132,94.87280289233783,94.4723010899758,94.16710774729212,94.82723870038468,94.4723010899758,95.38125583453193,95.29941650789684,95.71641321710445,96.27366103072912,95.43746829140113,96.18464317527634,96.61774547054684,96.3486428474375,96.93945421064362,97.22033207988204,96.14806068208175,96.3855668500906,95.99440191632397,96.8280333347132,97.65197954485934,97.49200968430847,97.95720703848887,96.81414072994139,97.78052370503899,97.51247293106184,97.75601698629697,97.49200968430847,97.32174672867839,97.78052370503899,97.51247293106184,97.61426324026253,99.27460026522259,101.68757632539386,101.72646059233875,101.52757231389715,101.05146031742306
12.000000333930423,-64.44221327185583,11.999995211288544,-64.43711112054584,-91.03561627700302,39.07413937361977,-91.03813661680674,39.07414278871436,-47.35359906286085,-47.099317950250445,2.9091607019555514,2.4919215210323977,1.2274895811229571,32.93654846091924,25.46800298088793,0.36719683947370346,1.2274895811229571,26.34044353414117,-4.278505201290034,0.36719683947370346,-1.07918290891012,-5.532646607441205,-3.2024628987376507,130.3725744996957,129.52574032564084,131.37670793033595,130.3725744996957,148.1942865726865,147.52714101531635,151.0468740984073,116.22105091683292,148.66238675726416,116.10816155023096,33.212358329793524,69.35833071943172,107.66392354726332,-22.46214771773933,106.24713740772758,70.18617696759395,69.10318217279672,-5.532646607441205,33.32084905457001,-15.02122352271155,70.66588847376062,112.22002172368784,77.53656700517321,87.19861407677578,-7.396029361613287,-15.02122352271155,94.02342105772256,77.53656700517321,87.19861407677578,70.35896709321693,18.891679989493504,39.07822041164886,33.74305719811435,16.18071472866562,5.878975618174932
52.40372823704698,52.61631445986904,129.69264282819927,129.4764400202117,102.66078948966147,102.6983896810424,78.22795973409691,78.19284573157388,46.328520857130755,51.44586250784439,87.1436925256597,86.95239941757515,86.38252941436431,85.74859906692792,86.22299668592032,85.98595497077503,86.38252941436431,86.24033170603381,83.78963251107656,85.98595497077503,85.31232756388252,83.17197167424314,85.1272021166185,85.52770391898054,85.83289726166421,85.17276630857165,85.52770391898054,84.61874917442441,84.7005885010595,84.28359179185189,83.72633714803806,84.5625367175552,83.81535500349084,83.3822595384095,83.651368991708,83.0605576285019,82.7796729290743,83.85193749668542,83.61443815886574,84.00560309263237,83.17197167424314,82.34803912447533,82.50799532464787,82.04279797046746,83.18586427901495,82.21948130391735,82.4875320778945,82.24398119247019,82.50799532464787,82.67825828027794,82.21948130391735,82.4875320778945,82.3857417686938,80.72540474373375,78.0054116803704,78.27354441661758,78.47243269505918,78.9485378613441
-168.0000046750259,-167.44098101221704,-167.99990905237752,-167.44102199335208,57.50299379212217,57.58465553383884,57.50299379212217,57.58465553383884,-162.85695419227636,-167.14347163234964,1.6558455352505415,1.0873802031311932,-0.685166050999892,37.27939447107762,27.96393168852901,-1.9446255064718576,-0.685166050999892,28.980499478553273,-9.526637717533418,-1.9446255064718576,-4.159549772931446,-11.829008255606446,-6.926116188697818,140.1191451622772,138.71851925031768,141.74115116561512,140.1191451622772,157.0929575517026,156.41452852182357,159.9203963208994,131.4525913320148,157.56437720821688,131.1428285927764,40.47074571925272,84.3926221015728,125.27192583131358,-34.757937931413615,121.97032166955614,85.42281270389665,83.20233186510384,-11.829008255606446,41.984984997866206,-25.479431594916655,90.09762639828516,129.12810037254104,97.31457503004988,106.84623379039691,-15.46209686571024,-25.479431594916655,113.22718092813041,97.31457503004988,106.84623379039691,88.83169181675832,22.584252717078943,57.59106225128031,48.91953945839675,19.187191539028692,1.7361554331200804
61
2.104958696236281e-07,2.1153896057057864e-07,2.1674610195532296e-07,2.1775925063138857e-07,6.295769594544254e-07,6.277351189964975e-07,6.274524366745027e-07,6.25604400283919e-07,2.486094103915093e-07,2.1584413900654909e-07,-1.0,2.4160940483852755e-06,-1.0,1.7311117517238017e-06,1.9487586087052478e-06,-1.0,2.206423914685729e-06,2.036051228060387e-06,1.9576839349610964e-06,1.1882168564625317e-06,1.8353049426877988e-06,1.5722498574177735e-06,-1.0,1.5128168797673425e-06,-1.0,1.7649637129579787e-06,1.6337536408173037e-06,1.5238379091897514e-06,1.644626649976999e-06,1.3676861954081687e-06,1.3887436125514796e-06,1.2877634389951709e-06,1.17266472443589e-06,1.3535918697016314e-06,1.1895045872734045e-06,1.1129935728604323e-06,1.1586232631088933e-06,1.0602553857097519e-06,1.2251332464074949e-06,1.0239015182378353e-06,1.1963809356529964e-06,1.151919832409476e-06,1.2269979379198048e-06,1.0813773769768886e-06,9.630413160266471e-07,-1.0,9.248668675354565e-07,1.0797888307934045e-06,-1.0,-1.0,9.529533144814195e-07,9.867063681667787e-07,1.0048637477666489e-06,9.457421583647374e-07,9.793789104151074e-07,9.663981472840533e-07,7.963407142597134e-07,6.256079245758883e-07,6.301957569121441e-07,6.423126706067706e-07,6.704951260871894e-07
1.3501703506335616e-05,7.518006896134466e-06,2.8525732886919286e-06,1.5843984328967053e-06,2.325985946072251e-07,5.572068175752065e-07,8.197624765671208e-07,1.9732583496079315e-06,2.670161869389176e-08,8.270656337572291e-08,0.0,3.6524123725456548e-09,0.0,1.0714242826281861e-08,2.9068227824780024e-09,0.0,1.8082312036593606e-10,2.010223931758759e-10,5.794982271822846e-10,4.777367390573772e-10,3.936601267184869e-09,1.9398156692052027e-10,0.0,4.422198607301198e-09,0.0,2.2347128314503806e-10,2.1939497441003653e-10,3.0742199896849343e-09,2.517801245272011e-10,3.1287605839480648e-09,2.6247651274680095e-10,3.258481928725132e-09,5.245985423840693e-09,2.8787527917017997e-10,4.436022105203108e-10,1.5215242399335693e-08,3.587409813654574e-10,6.495796789351971e-09,4.582972334965518e-10,7.776851385088435e-10,4.39044134381561e-10,5.017887882985406e-09,3.422694072607868e-10,4.598726399684949e-10,1.7941445662472688e-08,0.0,1.2996524745290117e-08,1.118825920798372e-09,0.0,0.0,1.1646548614407948e-08,1.1897977048036523e-09,1.3021937972368391e-09,1.2051597941820091e-08,9.017935731492344e-09,8.108254512251278e-09,9.893347252543094e-10,5.416707722361025e-07,1.285307416054593e-08,3.96244352884878e-08,2.0086883267822486e-09
0.0,3.1393964290618896,-0.07327163964509964,3.0655221939086914,-3.1024346351623535,0.04357318580150604,-0.008940736763179302,3.136814594268799,-0.7886911630630493,-0.7870680689811707,0.0,2.3496999740600586,0.0,2.352942943572998,2.3550784587860107,0.0,2.282472610473633,2.3056819438934326,-0.8371070027351379,2.3796448707580566,2.3562350273132324,2.289407253265381,0.0,2.355994701385498,0.0,2.361299991607666,2.3258771896362305,2.3546409606933594,2.3111929893493652,2.355027198791504,2.3020200729370117,2.3571858406066895,2.3499746322631836,2.382650375366211,2.3840250968933105,2.35334849357605,-0.8460988402366638,2.3543567657470703,2.3503470420837402,-0.8011458516120911,2.3009819984436035,2.348011016845703,2.3187577724456787,2.4238264560699463,2.3529069423675537,0.0,2.3544869422912598,-0.808788537979126,0.0,0.0,2.354269027709961,-0.8144611120223999,-0.7863354086875916,2.3542542457580566,2.3538973331451416,2.3507776260375977,2.3606879711151123,-0.4456546902656555,-0.7927071452140808,2.3535728454589844,-0.80552738904953
127.5962665266256,127.37976319031453,129.69268380933428,129.4721096802779,102.70235802095017,102.73967134438595,101.81054022102161,101.84571569524716,34.897301111238555,40.26628400644839,93.33672066875864,93.04687476113999,93.61628714167644,94.2543907346957,93.7785109646534,94.0124586041047,93.33672066875864,93.61628714167644,93.7612510766208,96.20463513897695,94.0124586041047,94.68517076564841,96.82043133416697,94.86967466569797,94.47855071306635,94.17264020051982,94.508425960496,94.83436941787818,94.47855071306635,95.3878674576485,95.30593250836502,95.72333902892284,96.28725310717743,95.44413455603106,96.19789374226616,96.62580509376745,96.36376488625991,96.95696681567553,96.0169688613417,97.20527151276217,96.16213770196114,96.40094843610147,96.00779591728636,96.82043133416697,97.66325618717903,97.47840394748181,97.98158398363665,96.8305126933819,97.8042995935398,97.53467787605355,97.74487694776069,97.47840394748181,97.3425173339444,97.8042995935398,97.53467787605355,97.63648184563259,99.28035811469292,101.69375764659273,101.75817999084428,101.53328918223245,101.04228737336774
12.999997231254588,-65.4302616070007,12.999995523707295,-65.43106756932276,-91.2296346305664,39.266463840269,-91.22836421538076,39.26646042517441,-47.7539608463449,-47.52948326417785,26.97193038140199,2.491921734475809,1.2274895811229571,32.93654504582466,25.468004688435222,0.36719683947370346,26.97193038140199,1.2274895811229571,26.34044524168846,-4.278505201290034,0.36719683947370346,-1.07918290891012,-5.532646180554381,-3.2024628987376507,130.3725744996957,129.52574032564084,32.97694902985987,131.37670793033595,130.3725744996957,148.1942865726865,147.52714101531635,151.0468740984073,116.22105091683292,148.66238675726416,116.10816155023096,33.212358329793524,69.35833071943172,107.66392354726332,33.13983879628092,-22.46214601019204,106.24713740772758,70.18617696759395,69.10318217279672,-5.532646180554381,33.32084563947542,-15.02122352271155,70.66588847376062,112.22002172368784,77.53656700517321,87.19861407677578,-7.396028507839641,-15.02122352271155,94.02342105772256,77.53656700517321,87.19861407677578,70.35896709321693,18.8916816970408,39.27155574629524,33.74305378301976,16.18071472866562,5.878975618174932
52.40372823704698,52.62096240359923,129.69267014895595,129.47174085006273,102.70178428505989,102.73967134438595,78.18968335398817,78.15428931370916,46.41495690107727,51.46087526364008,86.66327751000851,86.95313707800553,86.3837178672799,85.7456211044498,86.22149404430293,85.98755323504082,86.66327751000851,86.3837178672799,86.23875393233554,83.7953630397902,85.98755323504082,85.31483424330791,83.17957367478937,85.13033717344753,85.5214474657008,85.82736480843651,85.49157904846034,85.16563559107816,85.5214474657008,84.61213755130784,84.69407250059132,84.27665914984432,83.71274507158972,84.55587045292528,83.80211126669018,83.37419991518888,83.63624012269642,83.04303136309164,83.98302931742548,82.79473349619417,83.8378673069952,83.59905657285486,83.99220909166998,83.17957367478937,82.33674199158813,82.52160106147453,82.01842102531968,83.16949231557443,82.19570541541654,82.46532713290279,82.25512123100648,82.52160106147453,82.65748767501194,82.19570541541654,82.46532713290279,82.36351633313458,80.71964689426342,77.91442673043666,78.24182501811205,78.46671582672388,78.9577176355886
-167.00001033902268,-166.44877309186762,-166.99995569750934,-166.44885505413768,57.31098351417477,57.39233106718962,57.31098351417477,57.39233106718962,-161.88701268862118,-166.1479169193069,29.232711043845164,0.942004856011055,-0.8588990095326009,37.08669434402405,27.78356517556919,-2.1381804743887365,29.232711043845164,-0.8588990095326009,28.802009560067916,-9.828487682618377,-2.1381804743887365,-4.386768395389791,-12.159857496359985,-7.159337693662958,140.23691128394654,138.82523412590996,37.41061948050649,141.87211321276095,140.23691128394654,157.27551484783868,156.5931379686194,160.11914116536843,131.58434568110434,157.74963925926428,131.2715639982528,40.16147475363454,84.29639156635649,125.39015640584651,39.33124476945198,-35.012133666659395,122.0612997893007,85.33152722563943,83.10599887704998,-12.159857496359985,41.62304644355806,-25.793007287259233,90.01341699600808,129.26116611795123,97.28075876346915,106.8727485847549,-15.833988713186388,-25.793007287259233,113.28936297033421,97.28075876346915,106.8727485847549,88.74318622549329,22.054976235652777,57.40039069041024,48.34669832289695,18.471647261199816,1.0720655316298493
62
2.1049585541277338e-07,2.1156105844966078e-07,2.1674610195532296e-07,2.1778075165457267e-07,6.276146109485126e-07,6.257702125367359e-07,6.254837217056775e-07,6.236329568309884e-07,2.487968231434934e-07,2.158778897864977e-07,-1.0,2.330180222998024e-06,-1.0,-1.0,1.7299547607763088e-06,1.9480464743537595e-06,-1.0,2.2056397028791253e-06,2.0367758679640247e-06,1.956922005774686e-06,1.1893697546838666e-06,1.8360924514126964e-06,1.5731462781332084e-06,-1.0,1.5138456319618854e-06,-1.0,1.7625967529966147e-06,1.6325823253282579e-06,1.5215659914247226e-06,1.642303004700807e-06,1.3659772548635374e-06,1.2861740970038227e-06,1.1701134781105793e-06,1.3519027106667636e-06,1.1869456102431286e-06,1.111703227252292e-06,1.155892164206307e-06,1.057575559570978e-06,1.2238784847795614e-06,1.0260689577989979e-06,1.1936381270061247e-06,1.1491721352285822e-06,1.224285369971767e-06,1.0826364587046555e-06,9.616898068998125e-07,-1.0,9.220645438290376e-07,1.0771873348858207e-06,-1.0,-1.0,1.0459914392413339e-06,9.543743999529397e-07,9.885400231723906e-07,1.0020190757131786e-06,9.428755447515869e-07,9.76498313320917e-07,9.636089544073911e-07,7.959265531098936e-07,6.236380727386859e-07,6.285795848270936e-07,6.420833074116672e-07,6.711260311931255e-07
1.350170532532502e-05,7.381593150057597e-06,2.8525728339445777e-06,1.554836671857629e-06,2.3176126262569596e-07,5.569976906372176e-07,8.210432724808925e-07,1.9826477455353597e-06,2.7204603014752138e-08,8.422247788075765e-08,0.0,1.6529164148515463e-10,0.0,0.0,1.1049537285146016e-08,2.9225151187972642e-09,0.0,1.8022508485593391e-10,2.0155764557383549e-10,5.878112996349216e-10,4.780431606121738e-10,3.901178935450389e-09,1.937742050150959e-10,0.0,4.389455465769743e-09,0.0,2.2366429541786914e-10,2.1972192121300083e-10,3.065592890649782e-09,2.518985853239286e-10,3.12142955927186e-09,3.250153035594394e-09,5.241391765054004e-09,2.8757618508734595e-10,4.4552275757503423e-10,1.5724973323472113e-08,3.5748962123882677e-10,6.50080567154987e-09,4.5897216582879707e-10,7.497930054611857e-10,4.4078860006457887e-10,5.04861974448545e-09,3.4406849591661626e-10,4.5384790370306405e-10,1.8593437900449317e-08,0.0,1.3165393220049282e-08,1.1104566155495377e-09,0.0,0.0,6.027033871980336e-10,1.1417122358636789e-08,1.1474632355401582e-09,1.3046369540248293e-09,1.2168116292343711e-08,9.07143693495982e-09,8.1956255115756e-09,9.843031945067082e-10,4.861683464696398e-07,1.2219694589532537e-08,3.701800821431789e-08,1.8810388802137368e-09
0.0,3.1393516063690186,-0.07327164709568024,3.065465211868286,-3.102158784866333,0.04386015608906746,-0.008952866308391094,3.136809825897217,-0.787935197353363,-0.7869978547096252,0.0,2.415426254272461,0.0,0.0,2.3522796630859375,2.356534481048584,0.0,2.3604698181152344,2.2664217948913574,-0.7843526005744934,2.299515962600708,2.35111927986145,2.323155403137207,0.0,2.353867769241333,0.0,2.3613781929016113,2.4022300243377686,2.35595440864563,2.3614022731781006,2.347642421722412,2.3674139976501465,2.3519155979156494,2.390477180480957,2.3228940963745117,2.3533616065979004,-0.8279650807380676,2.352003574371338,2.3939342498779297,-0.8007155656814575,2.3463356494903564,2.354459047317505,2.3937504291534424,2.3696532249450684,2.353412389755249,0.0,2.3527488708496094,-0.7891807556152344,0.0,0.0,2.3354387283325195,2.3537323474884033,-0.803226113319397,-0.7984588146209717,2.3536465167999268,2.3536136150360107,2.352639675140381,2.3853213787078857,-0.5000051856040955,-0.7921388149261475,2.3539700508117676,-0.7974629998207092
127.59628018700394,127.3743263597352,129.69268380933428,129.4673285478589,102.74256734459404,102.78035195108255,101.84783988407905,101.88371203759995,34.43654338001867,39.71820572178447,93.1593201654459,93.1593201654459,93.33790912167423,93.6149962359233,94.25724575376877,93.77989066286575,94.01072373605551,93.33790912167423,93.6149962359233,93.76271956729234,96.19859725175067,94.01072373605551,94.68250016168294,96.81246050340556,94.86635519376134,94.48490961918364,94.17826144620675,94.51167030035175,94.84160258820921,94.48490961918364,95.39462934492681,95.73042876528132,96.30101593835501,95.4509579150119,96.21130823379606,96.63353003771874,96.37886643451482,96.97469115657171,96.02316384291889,97.18996505883217,96.17635132562394,96.41632319192317,96.0211557673029,96.81246050340556,97.67409569739185,97.46444987100747,98.00600190991945,96.84708956249753,97.82817793487816,97.557033085207,97.05231625648891,97.73327928655,97.46444987100747,97.36348601469635,97.82817793487816,97.557033085207,97.65872094157014,99.28522803957114,101.69995262816992,101.78884754021765,101.53746925800449,101.03177571223509
13.999996689899692,-66.42369896140072,13.9999949823524,-66.42453907466863,-91.42434966342512,39.46340892989173,-91.426835852283,39.46340892989173,-48.16927391392211,-47.97493454146774,27.24131645736188,27.24131645736188,26.971926966307404,1.2274894744012514,32.93654504582466,25.46800298088793,0.36719683947370346,26.971926966307404,1.2274894744012514,26.34044524168846,-4.278505201290034,0.36719683947370346,-1.0791828021884142,-5.532646180554381,-3.2024631121810625,130.3725744996957,129.52574032564084,32.97694902985987,131.37670793033595,130.3725744996957,148.1942865726865,151.0468740984073,116.22105091683292,148.66238675726416,116.10816155023096,33.212358329793524,69.35833071943172,107.66392354726332,33.13983538118633,-22.46214601019204,106.24713740772758,70.18617696759395,69.10318217279672,-5.532646180554381,33.32084905457001,-15.02122352271155,70.66588847376062,112.22002172368784,77.53656700517321,87.19861407677578,33.25638914427802,-7.396028507839641,-15.02122352271155,94.02342105772256,77.53656700517321,87.19861407677578,70.35896709321693,18.891679989493504,39.46946047749636,33.74305378301976,16.18071472866562,5.878975618174932
52.40372823704698,52.62553180015397,129.69265648857763,129.46708266104878,102.74215753324384,102.78035195108255,78.15197387958052,78.11629297135639,46.50030352985116,51.47569335904442,86.84067801332125,86.84067801332125,86.66210271747127,86.38500877303302,85.7427729155659,86.22011434609058,85.98928127290083,86.66210271747127,86.38500877303302,86.23727861147482,83.80140775720567,85.98928127290083,85.31751167746256,83.1875376753616,85.13364981519499,85.51510221996186,85.82175039293875,85.48833470860458,85.15839559055794,85.51510221996186,84.60537566402952,84.26956258329668,83.69898224041215,84.54904026375526,83.7886899449711,83.36646814104843,83.62113857444152,83.02531385238463,83.97683433584827,82.81003995012416,83.8236536833324,83.58368864722235,83.97884924165342,83.1875376753616,82.32591614175367,82.53555513794886,81.99400309903689,83.1529154464588,82.17182707407817,82.44297192374934,82.94768192227826,82.26672572240633,82.53555513794886,82.63652582444917,82.17182707407817,82.44297192374934,82.34127723719702,80.7147769693852,77.82426823339249,78.21115746873869,78.46253575095184,78.96822246653207
-166.00000234264112,-165.45671543567997,-165.9999613615061,-165.45681105832836,57.114383349105125,57.19539280775606,57.114383349105125,57.195382562472304,-160.92142884565646,-165.1531135270729,29.263761083812042,29.263761083812042,29.075333240084316,-1.0316276100922004,36.891900763989874,27.602063143659855,-2.3304729245262212,29.075333240084316,-1.0316276100922004,28.622319235835928,-10.126807293676086,-2.3304729245262212,-4.612190251209599,-12.48624576981186,-7.390381648943333,140.3526010281082,138.92992726550793,37.20343252222332,142.0009988823991,140.3526010281082,157.45659682311407,160.31654729276013,131.7129991243107,157.933466970586,131.39721215822433,39.84767537259665,84.19402752126551,125.50461671595758,39.04864227744812,-35.25903134477702,122.14857594651514,85.23408774694003,83.00392169990414,-12.48624576981186,41.2550973227803,-26.09953593192565,89.92136653656381,129.39080310839807,97.23996204355666,106.89345771831837,40.40450312958735,-16.199721437578475,-26.09953593192565,113.34648384236303,97.23996204355666,106.89345771831837,88.6471810865196,21.522653489856786,57.205019959391194,47.75831850703537,17.753186492595344,0.4136368964662069
66
2.1049585541277338e-07,2.1158284368993918e-07,2.1674607353361353e-07,2.178018263521153e-07,8.752380153964623e-07,6.256963729356357e-07,6.238491891963349e-07,6.235586624825373e-07,6.217052259671618e-07,2.489831558705191e-07,2.1591142740362557e-07,2.490756514816894e-06,-1.0,2.3294433049159124e-06,-1.0,-1.0,1.7288535900661373e-06,1.947392547663185e-06,-1.0,2.204912561865058e-06,2.0375580334075494e-06,1.9023011645913357e-06,1.9562173747544875e-06,1.1905824521818431e-06,1.836937940424832e-06,1.5741014749437454e-06,-1.0,1.5149323644436663e-06,-1.0,1.7602037587494124e-06,1.6314672848238843e-06,1.5192667888186406e-06,1.6399524156440748e-06,1.3642351177622913e-06,1.2845508763348334e-06,1.167541995528154e-06,1.3501801277016057e-06,1.1843662832689006e-06,1.1104726809207932e-06,1.15318005100562e-06,1.0548792488407344e-06,1.2226822718730546e-06,1.0282775519954157e-06,1.1908809938177e-06,1.1464424005680485e-06,1.2215930382808438e-06,1.083955339709064e-06,9.6039957497851e-07,-1.0,9.19275521482632e-07,1.074567080650013e-06,-1.0,-1.0,1.0447370186739136e-06,9.558548299537506e-07,9.904240414471133e-07,9.991666729547433e-07,9.40015183914511e-07,9.736153288031346e-07,9.608346545064705e-07,8.737293910598964e-07,7.955887326716038e-07,6.217122745511006e-07,6.270295216381783e-07,6.419393798751116e-07,6.718371992064931e-07
1.3501703506335616e-05,7.247067514981609e-06,2.8525737434392795e-06,1.52568520661589e-06,6.224865387594036e-07,2.309482169948751e-07,5.56757413505693e-07,8.223779559557443e-07,1.9918336420232663e-06,2.7698872528958418e-08,8.571944931645703e-08,1.4777228052320623e-10,0.0,1.6577220152136363e-10,0.0,0.0,1.1407902178461882e-08,2.937612819664537e-09,0.0,1.8025102244134672e-10,2.006823179856454e-10,2.3531995796410854e-10,5.970405281274793e-10,4.770442374457673e-10,3.865711750705714e-09,1.9376608650922833e-10,0.0,4.356285998596832e-09,0.0,2.241655472356996e-10,2.2023717571872936e-10,3.0575464382565087e-09,2.5237370526731695e-10,3.11432057920058e-09,3.2422111662100406e-09,5.238104172633484e-09,2.870894910689259e-10,4.4800993470595074e-10,1.627488011024525e-08,3.562314332405947e-10,6.5076419808463015e-09,4.59329324575819e-10,7.230287479842445e-10,4.430616151740452e-10,5.07957054196595e-09,3.4584812791393915e-10,4.485868898562728e-10,1.9304463805269734e-08,0.0,1.334310884004708e-08,1.1028609137042622e-09,0.0,0.0,6.032105925868336e-10,1.1196857663264836e-08,1.107131164523878e-09,1.3076859595173573e-09,1.2291267559305652e-08,9.12809827724459e-09,8.286141550684079e-09,2.2013831824096997e-07,9.799476785588013e-10,4.3964911355942604e-07,1.161313178954515e-08,3.4775112567331234e-08,1.7589097955905686e-09
0.0,3.1393065452575684,-0.07327163219451904,3.065408229827881,0.023470379412174225,-3.10188627243042,0.04414447024464607,-0.008965203538537025,3.1368048191070557,-0.7888937592506409,-0.7868614792823792,2.3207669258117676,0.0,2.2661173343658447,0.0,0.0,2.3523833751678467,2.359498977661133,0.0,2.3605196475982666,2.3610105514526367,2.3603806495666504,-0.7974628210067749,2.379401922225952,2.3507933616638184,2.341398239135742,0.0,2.3548617362976074,0.0,2.4117746353149414,2.4391226768493652,2.35152006149292,2.311336040496826,2.350864887237549,2.34761381149292,2.351940631866455,2.3665714263916016,2.414111614227295,2.352536201477051,-0.8079534769058228,2.351402759552002,2.362733840942383,-0.805242657661438,2.3611414432525635,2.3526206016540527,2.360858201980591,2.361823558807373,2.352931022644043,0.0,2.3546714782714844,-0.7924755811691284,0.0,0.0,2.385399580001831,2.3544278144836426,-0.805821418762207,-0.7833963632583618,2.353736162185669,2.355412244796753,2.3551886081695557,2.4847259521484375,2.4189608097076416,-0.5444054007530212,-0.7940216064453125,2.352785348892212,-0.8042586445808411
127.59628018700394,127.36972281223463,129.69268380933428,129.4637495287338,99.10021187533383,102.78120572472879,102.82037002942965,101.88552886791918,101.92109366292743,33.9712025918657,39.16526775752609,92.95545267909937,93.1603242032539,93.1603242032539,93.3390087821306,93.61360970752179,94.2599505086801,93.7811542478622,94.0088795849796,93.3390087821306,93.61360970752179,93.87092342412369,93.76407877493718,96.19226566639007,94.0088795849796,94.67965197279905,96.80413450280732,94.8628581369063,94.49135048757095,94.1839441635962,94.5147575458566,94.84894504156698,94.49135048757095,95.4015346661777,95.7376960865582,96.31494952426183,95.45793153815448,96.22489348005521,96.6409203024007,96.3939270016347,96.99259991257549,96.02907878674013,97.17444003884873,96.19070155307013,96.43165696660985,96.03447463618443,96.80413450280732,97.68446392455192,97.45017477564214,98.03045398714809,96.86386450709908,97.85214506867574,97.57954538871135,97.06082667219474,97.72122400266493,97.45017477564214,97.38461861998836,97.85214506867574,97.57954538871135,97.68096686769688,98.75586788832763,99.28920320966807,101.70614760974713,101.81840859894545,101.54009205064578,101.01995948497097
14.99999529477115,-67.41579076853425,15.00000212496032,-67.4128606173803,19.057754331615072,-91.62858597998684,39.66491658588003,-91.6260656401831,39.66491658588003,-48.600091510915256,-48.43638553688839,27.549679007820444,27.24131645736188,27.24131645736188,26.971926966307404,1.2274894744012514,32.93654846091924,25.468004688435222,0.36719683947370346,26.971926966307404,1.2274894744012514,32.88565330631889,26.34044524168846,-4.278505201290034,0.36719683947370346,-1.07918290891012,-5.532646180554381,-3.2024628987376507,130.3725744996957,129.52574032564084,32.97694902985987,131.37670793033595,130.3725744996957,148.1942865726865,151.0468740984073,116.22105091683292,148.66238675726416,116.10816155023096,33.212358329793524,69.35833071943172,107.66392354726332,33.13983879628092,-22.46214601019204,106.24713740772758,70.18617696759395,69.10318217279672,-5.532646180554381,33.32084905457001,-15.02122352271155,70.66588847376062,112.22002172368784,77.53656700517321,87.19861407677578,33.2563925593726,-7.396028507839641,-15.02122352271155,94.02342105772256,77.53656700517321,87.19861407677578,70.35896709321693,19.056999595711787,18.891679989493504,39.671862888265935,33.74305378301976,16.18071472866562,5.878976045061755
52.40372823704698,52.630036309911596,129.69265648857763,129.46258839657492,99.10021187533383,102.78189557383497,102.820383689808,78.11485863163068,78.07890451583974,46.584492441560734,51.49031337896283,87.04455232985697,86.83968080570244,86.83968080570244,86.66099622682573,86.38639530143455,85.74004767008707,86.21885076109413,85.99112542397673,86.66099622682573,86.38639530143455,86.12908841502183,86.23592623401916,83.80773934256626,85.99112542397673,85.32035303615729,83.19586367595984,85.1371537022392,85.50865452138537,85.81605401517096,85.48524746309974,85.15105313720018,85.50865452138537,84.59847034277864,84.26230209220896,83.68504865450532,84.54206664061267,83.77511835909029,83.35909153674481,83.60607800732164,83.00740509638085,83.97091939202704,82.8255649701076,83.8093034558862,83.56834121215732,83.96552354258273,83.19586367595984,82.31553425421524,82.54983023331418,81.96955102180824,83.13613367166808,82.1478599402806,82.42046645043415,82.93917150657242,82.2787810062914,82.54983023331418,82.61538638896798,82.1478599402806,82.42046645043415,82.31903814125945,81.99683762754245,80.71079496909908,77.73501815150793,78.18159641001087,78.45991295831055,78.98005235417453
-165.0000080066379,-164.46482170403237,-165.00008996890793,-164.46475340214067,20.995508027451663,56.91322744785908,56.993874906484,56.91323769314283,56.99387149138942,-159.96010704073387,-164.15904779526923,29.33592544748781,29.11467512970359,29.11467512970359,28.91697530417757,-1.2032714378733844,36.69509227815054,27.419512677712927,-2.5214095821134586,28.91697530417757,-1.2032714378733844,36.25948330345464,28.441508760580057,-10.421436895034693,-2.5214095821134586,-4.835699654061804,-12.807985245759896,-7.6191306606625835,140.4662143947622,139.03257134835488,36.99403941283824,142.1277535330162,140.4662143947622,157.6362034775287,160.51254640118285,131.8384970201205,158.11581936104702,131.51973209155602,39.529514915773696,84.08546849459732,125.61521113899842,38.762399294616635,-35.4986036450098,122.23208183930771,85.13045328666342,82.89607984309882,-12.807985245759896,40.881342541208035,-26.398915076078357,89.82134524635815,129.51694304198986,97.19205509671819,106.90825190806062,40.06413772777269,-16.559103793589742,-26.398915076078357,113.39844792156848,97.19205509671819,106.90825190806062,88.54356028662133,20.99437421604944,20.987788206142255,57.00500811483113,47.15470736932467,17.03271764837489,-0.238406072112429
64
2.104958696236281e-07,2.1160430208055914e-07,2.1674610195532296e-07,2.1782268788683723e-07,8.764253607296268e-07,8.749676680963603e-07,6.238225296328892e-07,6.219726174094831e-07,6.216784527168784e-07,6.198222308739787e-07,2.4916829488574876e-07,2.15944737647078e-07,2.4900646167225204e-06,-1.0,2.328762775505311e-06,-1.0,1.7278086943406379e-06,1.9467972833808744e-06,-1.0,2.038397042269935e-06,1.9555714061425533e-06,1.1918541531485971e-06,1.8378407276031794e-06,1.5751149931020336e-06,-1.0,1.516076395091659e-06,-1.0,1.757785071276885e-06,1.630408860364696e-06,1.5169409834925318e-06,1.6375760196751799e-06,1.362460011478106e-06,1.282894231735554e-06,1.1649506177491276e-06,1.348424348179833e-06,1.181767174784909e-06,1.1093028433606378e-06,1.1504881740620476e-06,1.052167363013723e-06,1.2215457445563516e-06,1.030525595524523e-06,1.1881102182087488e-06,1.143731765296252e-06,1.218921738654899e-06,1.0853329968085745e-06,9.591716434442787e-07,-1.0,9.165012215817114e-07,1.0719286365201697e-06,-1.0,-1.0,1.0435441026857006e-06,9.57393467615475e-07,9.92357058748894e-07,9.963075626728823e-07,9.371620990350493e-07,9.707308663564618e-07,9.580761570759933e-07,8.734581342650927e-07,7.953273097882629e-07,6.198313826644153e-07,6.255474431782204e-07,6.418810585273604e-07,6.726276069457526e-07
1.3501701687346213e-05,7.114389063644921e-06,2.8525728339445777e-06,1.4967979495850159e-06,2.929020013198169e-07,6.227132871572394e-07,2.3016686157006916e-07,5.56488259917387e-07,8.237444717451581e-07,2.000809899982414e-06,2.818434019502547e-08,8.719817401470209e-08,1.492508477918264e-10,0.0,1.653631537257283e-10,0.0,1.1791749798817364e-08,2.95291613383597e-09,0.0,2.0374503473252759e-10,6.064214130852008e-10,4.76341799338087e-10,3.830404882165794e-09,1.9398616046828465e-10,0.0,4.323305269338107e-09,0.0,2.2429295920556314e-10,2.201926696532297e-10,3.049986929681836e-09,2.532782872322059e-10,3.1076168305332885e-09,3.2345901512798036e-09,5.236150624199354e-09,2.870438886581894e-10,4.49138781721814e-10,1.686976247583516e-08,3.553717597970518e-10,6.5163083817765255e-09,4.5952017191375205e-10,6.973950306132792e-10,4.4536169196973674e-10,5.1104573906002315e-09,3.478431154224637e-10,4.434766442962257e-10,2.0080824114643292e-08,0.0,1.3530847553511194e-08,1.095831758668453e-09,0.0,0.0,6.032697119628949e-10,1.0985603537960742e-08,1.0680757389636142e-09,1.3117175123866787e-09,1.2421205397572521e-08,9.188344307631269e-09,8.380212079828198e-09,2.2167201052525343e-07,9.723984950582576e-10,4.005409266483184e-07,1.1031977997788545e-08,3.2824029716493897e-08,1.641234814719894e-09
0.0,3.139261245727539,-0.07327164709568024,3.0653510093688965,-3.121474027633667,0.023482130840420723,-3.1016170978546143,0.04442582279443741,-0.008978073485195637,3.1368000507354736,-0.7884929180145264,-0.7868449091911316,2.494438886642456,0.0,2.399869918823242,0.0,2.3542511463165283,2.3508646488189697,0.0,2.1742281913757324,-0.7882674932479858,2.3357105255126953,2.3529508113861084,2.386289119720459,0.0,2.3518261909484863,0.0,2.3110239505767822,2.2722349166870117,2.3588223457336426,2.2614567279815674,2.3634352684020996,2.3608834743499756,2.3544771671295166,2.398298978805542,2.3610687255859375,2.3542282581329346,-0.8305661082267761,2.3529696464538574,2.31888484954834,-0.8056085109710693,2.3611044883728027,2.353119373321533,2.3781816959381104,2.3378567695617676,2.353402853012085,0.0,2.3528385162353516,-0.7925087213516235,0.0,0.0,2.3681442737579346,2.3537650108337402,-0.7830352187156677,-0.805654764175415,2.3503708839416504,2.3489153385162354,2.3530702590942383,2.486163854598999,2.343466281890869,-0.5805628895759583,-0.7932513952255249,2.3531761169433594,-0.8005542755126953
127.5962665266256,127.36500998170732,129.69268380933428,129.45840832080285,99.08838198769136,99.10304640383939,102.82032221810546,102.85971191904892,101.92190645543866,101.95784691085127,33.50160318076523,38.607616962740394,92.95627913198894,93.16124627879185,93.16124627879185,93.6121275564719,94.26253232018637,93.7823153800211,94.00690566030947,93.6121275564719,93.76532186936612,96.18562672251682,94.00690566030947,94.6766330291859,96.7954601625614,94.85917666494366,94.4978801484175,94.18971567344485,94.51768769701053,94.85640360814064,94.4978801484175,95.40859708177949,95.74513416256436,96.32906069508708,95.46506225564798,96.23862899047612,96.64794856705664,96.40894658761955,97.01071357425435,96.03471369280538,97.1587101131902,96.2051952144889,96.44696342053984,96.04774569374177,96.7954601625614,97.69436086865927,97.43557866138583,98.05491972475508,96.88083752718656,97.87620099493252,97.60219429599911,97.06894093692871,97.70874524705131,97.43557866138583,97.4059288101988,97.87620099493252,97.60219429599911,97.70321279382361,98.75630502043451,99.29228362498375,101.71232893094599,101.84681535570354,101.54115072996713,101.00683869157538
15.999999876058132,-68.40750008507425,15.999999876058132,-68.40661899067132,-71.22858677834296,19.24991487372421,-91.836093957161,39.870935581815125,-91.83362142868145,39.870932166720536,-49.04705567510631,-48.91465245804561,27.549679007820444,27.24131645736188,27.24131645736188,1.227489687844663,32.93654504582466,25.46800298088793,0.36719681279327704,1.227489687844663,26.340446949235755,-4.278505201290034,0.36719681279327704,-1.07918290891012,-5.532646180554381,-3.2024628987376507,130.3725744996957,129.52574032564084,32.97694902985987,131.37670793033595,130.3725744996957,148.1942865726865,151.0468740984073,116.22105091683292,148.66238675726416,116.10816155023096,33.212358329793524,69.35833071943172,107.66392354726332,33.13983879628092,-22.46214601019204,106.24713740772758,70.18617696759395,69.10318217279672,-5.532646180554381,33.32084905457001,-15.02122352271155,70.66588847376062,112.22002172368784,77.53656700517321,87.19861407677578,33.2563925593726,-7.396028507839641,-15.02122352271155,94.02342105772256,77.53656700517321,87.19861407677578,70.35896709321693,19.249315524624542,18.8916816970408,39.8787083370906,33.74305378301976,16.18071472866562,5.878976045061755
52.40372823704698,52.634465687588346,129.69267014895595,129.4579848490743,99.0877809310444,99.10304640383939,102.82093693513076,102.8597187492381,78.07837859127365,78.04215809810506,46.66748948526015,51.504728493206144,87.0437258769674,86.83875873016449,86.83875873016449,86.38789111286277,85.7374658585808,86.21768962893523,85.99309934864687,86.38789111286277,86.23468313959022,83.81437828643952,85.99309934864687,85.32337197977044,83.20454484639492,85.14082834401268,85.50212486053884,85.81028933551147,85.48231048175663,85.1436014008157,85.50212486053884,84.59140792717685,84.25487084639198,83.67094431386926,84.53494275330836,83.76136918829106,83.35204961171053,83.59105159114762,82.9892846045128,83.96529131615095,82.84129489576614,83.79480979446743,83.55303475822733,83.9522524850254,83.20454484639492,82.3056373101079,82.5644263475705,81.94507845401209,83.1191606515806,82.12380401402382,82.39780388276805,82.93106407202762,82.29125976190501,82.5644263475705,82.59407619875753,82.12380401402382,82.39780388276805,82.29678538494356,81.99123004223387,80.7077145537834,77.6467857678097,78.1531896532528,78.45885427898921,78.99316631738095
-164.00000001025631,-163.47309189692487,-164.0000546517697,-163.47305091578983,20.706304157614984,20.803342362700647,56.707584112328334,56.78784225017057,56.70760460289584,56.787852495454324,-159.0028970096916,-163.1657060635176,29.1965554374737,28.964738817043468,28.964738817043468,-1.3737517856181392,36.496371339343604,27.236000862640317,-2.710901441247826,-1.3737517856181392,28.259668634306806,-10.712218538569648,-2.710901441247826,-5.0571873209196845,-13.124911999664013,-7.845474592020344,140.5776694216385,139.13313905369415,36.78253919009421,142.2523361834772,140.5776694216385,157.8142801695693,160.7071384906365,131.96079838739877,158.29664178913393,131.63905549635615,39.20716413789494,83.97067350521692,125.721857712699,38.47267291530845,-35.730833491884816,122.31176282616508,85.0205623731071,82.78242549530981,-13.124911999664013,40.50199724980011,-26.69105421971085,89.71323701217518,129.63950395645656,97.13692180973786,106.91700821057658,39.71905266524155,-16.911951366112604,-26.69105421971085,113.44516641549137,97.13692180973786,106.91700821057658,88.4322350333393,20.802449315466667,20.450892648696943,56.80040296805422,46.536203004128744,16.31115597388723,-0.8833710970810805
63
2.104958696236281e-07,2.1162541941066593e-07,2.1674610195532296e-07,2.1784320836104598e-07,8.762192464928376e-07,8.747567790123867e-07,6.21994274752069e-07,6.201416908879764e-07,6.198438882165647e-07,6.179849378895597e-07,2.4935198439379747e-07,2.1597777788429084e-07,-1.0,-1.0,1.7268208694076748e-06,1.946260908880504e-06,-1.0,2.2036290374671808e-06,2.0392928945511812e-06,1.9549840999388834e-06,1.1931838344025891e-06,1.8388008129477385e-06,1.576186036800209e-06,-1.0,1.51727738284535e-06,-1.0,1.7553416000737343e-06,1.6294081888190703e-06,1.5145891438805847e-06,1.6351740441677975e-06,1.3606522770714946e-06,1.28120439057966e-06,1.1623397995208506e-06,1.346636054222472e-06,1.1791489669121802e-06,1.1081942830060143e-06,1.1478174428702914e-06,1.049440129463619e-06,1.2204695849504787e-06,1.03281206520478e-06,1.1853264823002974e-06,1.1410412525947322e-06,1.2162728353359853e-06,1.0867685205084854e-06,9.580071491654962e-07,-1.0,9.137428378380719e-07,1.0692724572436418e-06,-1.0,-1.0,1.0424133733977214e-06,9.589890623828978e-07,9.943379382093553e-07,9.934424269886222e-07,9.34317426981579e-07,9.678457217887626e-07,9.55334826358012e-07,8.732467904337682e-07,7.951429097374785e-07,6.179965339470073e-07,6.241351684366236e-07,6.419084570552513e-07,6.734965722898778e-07
1.3501701687346213e-05,6.9835309659538325e-06,2.8525721518235514e-06,1.468299046791799e-06,2.9195851425356523e-07,6.22890695467504e-07,2.2942137434256438e-07,5.561915372709336e-07,8.251689678218099e-07,2.0095699255762156e-06,2.866137194246221e-08,8.865897171972392e-08,0.0,0.0,1.2204216304212423e-08,2.9675875090617865e-09,0.0,1.8111440125423428e-10,2.0048650239967714e-10,6.159621146473171e-10,4.75807948596696e-10,3.7950727005409135e-09,1.9389581606965578e-10,0.0,4.290133137629937e-09,0.0,2.2466631333095677e-10,2.1982109188467547e-10,3.0432445452532875e-09,2.530511633569432e-10,3.101114032233454e-09,3.2272269301358847e-09,5.235536892911341e-09,2.86562273910107e-10,4.511136186824416e-10,1.7515430883463523e-08,3.5363176276170805e-10,6.526735152334595e-09,4.597166536335351e-10,6.733688606708199e-10,4.4798809106794124e-10,5.1413699964086845e-09,3.4974290130662666e-10,4.384047014305281e-10,2.0931594235662487e-08,0.0,1.3728675973823101e-08,1.0896380464586741e-09,0.0,0.0,6.034266974985769e-10,1.0782438941703276e-08,1.0308258691082983e-09,1.3167098522615106e-09,1.2558377449067848e-08,9.251610144644928e-09,8.477723412170235e-09,2.2288392642622057e-07,9.658970290260527e-10,3.6757174370904977e-07,1.0475940115384219e-08,3.111108171083288e-08,1.52844570333599e-09
0.0,3.1392154693603516,-0.07327164709568024,3.065293550491333,-3.1214756965637207,0.023491298779845238,-3.101351499557495,0.04470387473702431,-0.00899115763604641,3.1367950439453125,-0.7890558242797852,-0.7868662476539612,0.0,0.0,2.353156089782715,2.3482656478881836,0.0,2.4705007076263428,2.306166648864746,-0.7920491099357605,2.379307270050049,2.352952480316162,2.334920883178711,0.0,2.3512637615203857,0.0,2.411818504333496,2.2966833114624023,2.3533530235290527,2.327136754989624,2.3575103282928467,2.3517675399780273,2.354769706726074,2.3587865829467773,2.3610167503356934,2.3550498485565186,-0.7729769945144653,2.355712413787842,2.352566957473755,-0.8332652449607849,2.323840618133545,2.354443073272705,2.3859314918518066,2.393861770629883,2.3525986671447754,0.0,2.3516035079956055,-0.8105148673057556,0.0,0.0,2.3506832122802734,2.3512816429138184,-0.7747095227241516,-0.8166818022727966,2.3553519248962402,2.355785608291626,2.3531460762023926,2.4873392581939697,2.352018356323242,-0.610042929649353,-0.7924237251281738,2.353145122528076,-0.7912192940711975
127.5962665266256,127.36054303799013,129.69268380933428,129.45385941481564,99.08970704439035,99.10525938513047,102.85928844732038,102.89832980861618,101.95728000515015,101.99392397004728,33.02811739202702,38.045915865776884,93.34095538604406,93.61052929220612,94.26497752790922,93.78336039896412,94.00481562242345,93.34095538604406,93.61052929220612,93.76645568076835,96.17870774088759,94.00481562242345,94.6734433308435,96.78643748266782,94.85532443825177,94.5045054319124,94.19555548518522,94.5204744141919,94.86396462755184,94.5045054319124,95.41580293135385,95.75273616311058,96.34332896026324,95.47233640711404,96.25254208581543,96.65462849206492,96.42393202265856,97.02902531141916,96.04005490073634,97.14278211204572,96.21982547969107,96.46223572352399,96.06097577016408,96.78643748266782,97.70377286933555,97.42068201880603,98.0793991227404,96.89801545294914,97.90033205327018,97.62499346744862,97.07664539031249,97.69583618952,97.42068201880603,97.4274097551385,97.90033205327018,97.62499346744862,97.72545871995034,98.75665336008218,99.29445562513982,101.71848976157735,101.87401316897854,101.54065212615772,100.9924611433725
16.999999334703237,-69.40020660923307,17.000001042250528,-69.39822585437376,-71.4195861882932,19.442463029068747,-92.04316480222828,40.081394200710726,-92.04188755685348,40.081394200710726,-49.51062744426424,-49.409916304952404,26.971926966307404,1.2274895811229571,32.93654846091924,25.468004688435222,0.36719683947370346,26.971926966307404,1.2274895811229571,26.34044524168846,-4.278504774403211,0.36719683947370346,-1.0791828021884142,-5.532646607441205,-3.2024628987376507,130.3725744996957,129.52574032564084,32.97694902985987,131.37670793033595,130.3725744996957,148.1942865726865,151.0468740984073,116.22105091683292,148.66238675726416,116.10816155023096,33.212358329793524,69.35833071943172,107.66392354726332,33.13983538118633,-22.46214601019204,106.24713740772758,70.18617696759395,69.10318217279672,-5.532646607441205,33.32084905457001,-15.02122352271155,70.66588847376062,112.22002172368784,77.53656700517321,87.19861407677578,33.25638914427802,-7.396029361613287,-15.02122352271155,94.02342105772256,77.53656700517321,87.19861407677578,70.35896709321693,19.442012236583526,18.891679989493504,40.089918276794904,33.74305719811435,16.18071472866562,5.878975618174932
52.40372823704698,52.638830178467984,129.69265648857763,129.45362718838385,99.08993244063295,99.10525938513047,102.85926795675287,102.89832980861618,78.0425815698336,78.00607420871988,46.74920928358476,51.51893187158518,86.65904962291228,86.38947571675021,85.73502065085793,86.21664460999222,85.99518938653289,86.65904962291228,86.38947571675021,86.23354932818799,83.82130409825791,85.99518938653289,85.32655484792366,83.21356752628851,85.14468057070457,85.49549957704393,85.80444952377111,85.47953059476444,85.1360403814045,85.49549957704393,84.58420207760248,84.24726884584575,83.6566760486931,84.52766177165311,83.7474629231409,83.34536968670226,83.57608664667612,82.97097286734801,83.95995693840918,82.85722972709978,83.78017952926527,83.53777611562151,83.93902923879226,83.21356752628851,82.29623213962078,82.5793229901503,81.92059905602676,83.10198272581802,82.09967295568616,82.37501154150772,82.92335961864384,82.30416198924716,82.5793229901503,82.57260208400702,82.09967295568616,82.37501154150772,82.274546289006,81.98685189097588,80.70554255362734,77.55967353513536,78.1259918399778,78.45935288279861,79.00754386558384
-163.0000056742531,-162.4815123539791,-163.00006031576646,-162.4814167313307,20.514056530593926,20.610797622450693,56.49754555006669,56.577428027504574,56.497562625539615,56.577397291653305,-158.0497031298813,-162.17306101106132,28.597619564249868,-1.5429883986037167,36.29583015512286,27.05161819844853,-2.898854586828237,28.597619564249868,-1.5429883986037167,28.076891064569974,-10.99899598370368,-2.898854586828237,-5.2765388461146445,-13.436856130568604,-8.069297329800722,140.68697976911537,139.2315484192557,36.56903772192337,142.37471951302552,140.68697976911537,157.99078591810076,160.90025525922943,132.07980760349707,158.47593425484678,131.75508674997633,38.88082111444632,83.8495947418001,125.82447447478927,38.1796134036853,-35.95569014955081,122.38750962406051,84.90436036475766,82.66291084521292,-13.436856130568604,40.11729025989373,-26.97586627791121,89.59692572079904,129.75843121028484,97.0744324090214,106.9196241730287,39.36945626276362,-17.258088277775922,-26.97586627791121,113.48650955053745,97.0744324090214,106.9196241730287,88.31308921345759,20.61012484881745,19.912480789255884,56.59125574547926,45.90318790204113,15.589428667312204,-1.5205821764749015
66
2.104958696236281e-07,2.1164619568025955e-07,2.1674610195532296e-07,2.1786330250961328e-07,8.760730452195276e-07,8.746054618313792e-07,6.202127451615524e-07,6.18357262283098e-07,6.180560490065545e-07,6.161942565086065e-07,2.4953416755124636e-07,2.1601049127184524e-07,2.4888504412956536e-06,-1.0,2.327572701688041e-06,-1.0,1.725890456327761e-06,1.9457836515357485e-06,-1.0,2.203073563578073e-06,1.9544556835171534e-06,1.1945709275096306e-06,1.8398174006506451e-06,1.5773142649777583e-06,-1.0,1.5185340771495248e-06,-1.0,1.752873913574149e-06,1.6284651565001695e-06,1.5122113836696371e-06,1.6327470575561165e-06,1.3588120282292948e-06,1.2794813528671511e-06,1.1597102229643497e-06,1.3448149047690094e-06,-1.0,1.176512114398065e-06,1.1071480230384623e-06,1.1451691079855664e-06,1.0466984576851246e-06,1.219454247802787e-06,1.0351357104809722e-06,1.1825303545265342e-06,1.1383722267055418e-06,1.2136473515056423e-06,1.0882611150009325e-06,9.569068879500264e-07,-1.0,9.110013934332528e-07,1.066599111254618e-06,-1.0,-1.0,-1.0,1.04134562661784e-06,9.606407047613175e-07,9.963652018996072e-07,9.90571948022989e-07,9.314821909356397e-07,9.649608045947389e-07,9.526116855340661e-07,8.730951321922475e-07,7.950354756758315e-07,6.162085242067405e-07,6.227943458725349e-07,6.420214049285278e-07,6.744426173099782e-07
1.3501701687346213e-05,6.854677849332802e-06,2.8525721518235514e-06,1.4402143051484018e-06,2.9106195142958313e-07,6.230176268218202e-07,2.2870732152568962e-07,5.558703151109512e-07,8.266380291388487e-07,2.0181084892101353e-06,2.9130070799965324e-08,9.010244639284792e-08,1.4768773703988103e-10,0.0,1.653233938636589e-10,0.0,1.2648044389607094e-08,2.98170554913213e-09,0.0,1.8084436725906983e-10,6.258638052258902e-10,4.757436111724189e-10,3.759910160994195e-09,1.9437176868031258e-10,0.0,4.256883734399253e-09,0.0,2.247363267704472e-10,2.2004233157790765e-10,3.0368023651305975e-09,2.5327406838471234e-10,3.095279366149839e-09,3.2203564259702944e-09,5.236305167244382e-09,2.8846736110921256e-10,0.0,4.533486364088901e-10,1.8219607156311213e-08,3.5191927150179936e-10,6.539015995343789e-09,4.6132933584353e-10,6.492819615289136e-10,4.502354045143875e-10,5.172336781100739e-09,3.5147904031695987e-10,4.329815395109904e-10,2.187012704268909e-08,0.0,1.3937445864087294e-08,1.083342970886747e-09,0.0,0.0,0.0,6.034785449138269e-10,1.0586994392269844e-08,9.951536261709748e-10,1.3212337890422532e-09,1.2703554652659932e-08,9.318853244622005e-09,8.578775023693197e-09,2.2375277808350802e-07,9.591567540212509e-10,3.39586080144727e-07,9.94322402192438e-09,2.9595012662753106e-08,1.4203994647132845e-09
0.0,3.139169454574585,-0.07327164709568024,3.0652363300323486,-3.1214797496795654,0.023497872054576874,-3.1010899543762207,0.04497828334569931,-0.009004641324281693,3.1367902755737305,-0.7884401679039001,-0.7868868708610535,2.344729423522949,0.0,2.4158804416656494,0.0,2.3549439907073975,2.3522891998291016,0.0,2.2655744552612305,-0.8226942420005798,2.2927141189575195,2.351428747177124,2.4305639266967773,0.0,2.353628635406494,0.0,2.345752000808716,2.437633991241455,2.359368324279785,2.377058506011963,2.349944591522217,2.3636960983276367,2.351231575012207,2.484600305557251,0.0,2.3838319778442383,2.352750539779663,-0.800510048866272,2.353774070739746,2.27205753326416,-0.814747154712677,2.3611161708831787,2.3526315689086914,2.3609113693237305,2.337526321411133,2.3523974418640137,0.0,2.3517942428588867,-0.7817826867103577,0.0,0.0,0.0,2.385580539703369,2.352574586868286,-0.8199730515480042,-0.7917036414146423,2.3521876335144043,2.3538999557495117,2.3527963161468506,2.488182306289673,2.351938486099243,-0.6340862512588501,-0.7913758754730225,2.3529701232910156,-0.7857975363731384
127.5962665266256,127.35664983016322,129.69268380933428,129.4506765466624,99.09187904454642,99.10685081920708,102.89694328021466,102.93620320756389,101.99308385677936,102.02929751975877,32.551069659636646,37.48020544777058,92.9577203019038,93.16286503362514,93.16286503362514,93.34179549931197,94.26728613184869,93.78428930469124,94.00259581094319,93.34179549931197,93.76747337895468,96.17150872150239,94.00259581094319,94.67010336833937,96.77708695369407,94.8512877964523,94.51120584748818,94.20147725919563,94.52309720683319,94.87162809980059,94.51120584748818,95.42315904508995,95.76050891838605,96.35777481035781,95.47977448312018,96.0450955803438,96.26661227550565,96.66095324723634,96.43884232561669,97.0475351240699,96.0450955803438,97.12666286560449,96.23459234867664,96.47745338499477,96.07413071450553,96.77708695369407,97.71268626620241,97.4054985082811,98.10387852072573,96.91539145419766,97.9245382436887,97.64792241249235,97.08394003234606,97.08394003234606,97.68253098101681,97.4054985082811,97.44905462461826,97.9245382436887,97.64792241249235,97.74767049513122,98.75689241670314,99.29572604032543,101.72461644126284,101.89994739725707,101.53858940902838,100.97685416111902
18.000002208442925,-70.39199788804311,18.00000391599022,-70.3868752461656,-71.6097932962997,19.635304882547597,-92.25734587422153,40.296227555769725,-92.25606179865757,40.296224140675136,-49.991588875049025,-49.92344407769981,27.549679007820444,27.24131645736188,27.24131645736188,26.971926966307404,32.93654504582466,25.46800298088793,0.36719681279327704,26.971926966307404,26.34044524168846,-4.278505201290034,0.36719681279327704,-1.07918290891012,-5.532646180554381,-3.2024631121810625,130.3725744996957,129.52574032564084,32.97694902985987,131.37670793033595,130.3725744996957,148.1942865726865,151.0468740984073,116.22105091683292,148.66238675726416,33.13983879628092,116.10816155023096,33.212358329793524,69.35833071943172,107.66392354726332,33.13983879628092,-22.46214601019204,106.24713740772758,70.18617696759395,69.10318217279672,-5.532646180554381,33.32084905457001,-15.02122352271155,70.66588847376062,112.22002172368784,77.53656700517321,87.19861407677578,33.2563925593726,33.2563925593726,-7.396028507839641,-15.02122352271155,94.02342105772256,77.53656700517321,87.19861407677578,70.35896709321693,19.63500606177141,18.8916816970408,40.30544148096007,33.74305719811435,16.18071472866562,5.878975618174932
52.40372823704698,52.64313319764509,129.69262916782094,129.4492422069367,99.09146923319621,99.1068439890179,102.89683399718794,102.93620320756389,78.00747439749973,77.97070065900839,46.82961085539957,51.53290302353244,87.04228470705253,86.8371399753312,86.8371399753312,86.6582026794552,85.73271887710764,86.2157157042651,85.99740919801314,86.6582026794552,86.2325247998125,83.82850311764311,85.99740919801314,85.32990164061697,83.22292488545143,85.14871038231487,85.48879233127897,85.79853457994989,85.47690780212315,85.12837690915575,85.48879233127897,84.57684596386638,84.23949609057028,83.64223019859851,84.52023052583614,83.95490259842336,83.73339273345067,83.33905176171999,83.56116268333963,82.9524767150756,83.95490259842336,82.87334214335185,83.7654126602797,83.52255162396156,83.92586746426164,83.22292488545143,82.28731191256475,82.59450650067524,81.8961264882306,83.08461355475868,82.07546676526763,82.35208259646397,82.91605814642111,82.91605814642111,82.31747402793953,82.59450650067524,82.55095038433807,82.07546676526763,82.35208259646397,82.25232768363594,81.98371000395768,80.70427896863089,77.47380439688996,78.10005761169926,78.46140876973878,79.02315084783731
-161.99999767787153,-161.4900967355734,-162.00005231938488,-161.48998745254667,20.3215288658169,20.417945523688093,56.283193723344176,56.36260491772933,56.28315615730374,56.36257076678348,-157.10036147676288,-161.18109897752203,28.91566732295151,28.66256783306752,28.66256783306752,28.43676348665419,36.0935609330421,26.866451770049483,-3.085184495263712,28.43676348665419,27.893249475903133,-11.2816309191061,-3.085184495263712,-5.493650923035486,-13.743665666764638,-8.290498128713464,140.79404981454448,139.32779944503952,36.353630630974095,142.49483521976936,140.79404981454448,158.1656797419881,161.09185572582663,132.19547002690206,158.65361479591547,37.883384684287265,131.86778487128154,38.55066001525166,83.72218439302269,125.9229794629992,37.883384684287265,-36.17317361800777,122.45928125185901,84.78179945029096,82.537529062619,-13.743665666764638,39.72746062810984,-27.253284656335033,89.4722952590138,129.87360186006958,97.0044639511638,106.91596319163357,39.015553426013994,39.015553426013994,-17.597362556870674,-27.253284656335033,113.52238853424753,97.0044639511638,106.91596319163357,88.18602720432784,20.417503268939335,19.373071722196006,56.37765182447087,45.25611285554705,14.86845609664046,-2.1494107994881184
65
2.104958696236281e-07,2.1166660246763058e-07,2.1674610195532296e-07,2.1788315507365041e-07,8.759864158491837e-07,8.745141713006888e-07,6.184786229823658e-07,6.166205253066437e-07,6.163160719552252e-07,6.144513804429153e-07,2.4971458856271056e-07,2.1604292044230533e-07,-1.0,2.3270636120287236e-06,-1.0,1.7250179098482477e-06,1.945365738720284e-06,-1.0,2.2025762973498786e-06,1.953986156877363e-06,1.1960145229750196e-06,1.8408899222777109e-06,1.5784988818268175e-06,-1.0,1.5198464780041832e-06,-1.0,1.7503821254649665e-06,1.6275809002763708e-06,1.5098083849807153e-06,1.6302955145874876e-06,1.3569397196988575e-06,1.2777259144058917e-06,1.1570623428269755e-06,1.342961809314147e-06,-1.0,1.1738571856767521e-06,1.1061646318921703e-06,1.1425444199630874e-06,1.043942916112428e-06,1.218500642607978e-06,1.037495394484722e-06,1.1797227443821612e-06,1.1357254834365449e-06,1.2110464240322472e-06,1.0898097571043763e-06,9.558717692925711e-07,-1.0,9.082782526093069e-07,1.0639092806741246e-06,-1.0,-1.0,-1.0,1.0403417718407582e-06,9.62347144195519e-07,9.984377129512723e-07,9.876969215838471e-07,9.286575277656084e-07,9.6207713795593e-07,9.499080988462083e-07,8.730035006010439e-07,7.950052349769976e-07,6.144684334685735e-07,6.215267944753577e-07,6.422199021471897e-07,6.75464889354771e-07
1.3501701687346213e-05,6.7278715505381115e-06,2.852572379197227e-06,1.4124699418971431e-06,2.9018531222391175e-07,6.230943085938634e-07,2.280281705679954e-07,5.555264692702622e-07,8.281549526145682e-07,2.0264185423002345e-06,2.9590434991177972e-08,9.15290669922797e-08,0.0,1.65258542961233e-10,0.0,1.3127773534904463e-08,2.9956508384998415e-09,0.0,1.8003462609605947e-10,6.348807035649884e-10,4.741079751013899e-10,3.7248795159428028e-09,1.9378358639965398e-10,0.0,4.223636107525408e-09,0.0,2.2507726238352177e-10,2.192143133683544e-10,3.0309996734700917e-09,2.5385146762424426e-10,3.089536626532663e-09,3.2138165462214374e-09,5.23832488497078e-09,2.8623961534357534e-10,0.0,4.561709066042141e-10,1.8990663264162322e-08,3.5004446563569047e-10,6.553117160024158e-09,4.6093148742265555e-10,6.267056318343123e-10,4.5281467464519665e-10,5.203204977988207e-09,3.534304793273435e-10,4.2772693720216637e-10,2.2910462860181724e-08,0.0,1.4157635064293572e-08,1.0786437298904161e-09,0.0,0.0,0.0,6.032408461642547e-10,1.0398736982608625e-08,9.60234336488952e-10,1.3275965882186824e-09,1.2856209430367471e-08,9.389464317166585e-09,8.6832008250326e-09,2.2429189527883864e-07,9.520609856039641e-10,3.156604577725375e-07,9.43373024142602e-09,2.824304345949713e-08,1.3170177171062392e-09
0.0,3.13912296295166,-0.07327164709568024,3.065178632736206,-3.1214873790740967,0.02350185438990593,-3.100832939147949,0.04524867236614227,-0.009018542245030403,3.1367857456207275,-0.7892628312110901,-0.7870473861694336,0.0,2.4003143310546875,0.0,2.3522486686706543,2.351783037185669,0.0,2.3448615074157715,-0.7908996343612671,2.3459291458129883,2.352644443511963,2.3697757720947266,0.0,2.3476343154907227,0.0,2.376980781555176,2.347911834716797,2.356231212615967,2.327237606048584,2.3556442260742188,2.3543472290039062,2.350947141647339,2.3586955070495605,0.0,2.4136781692504883,2.3538663387298584,-0.8087455630302429,2.3544626235961914,2.422877550125122,-0.8152946829795837,2.3758749961853027,2.3534483909606934,2.39398455619812,2.3294734954833984,2.3528549671173096,0.0,2.354802370071411,-0.8207711577415466,0.0,0.0,0.0,2.3856723308563232,2.355135202407837,-0.8128078579902649,-0.8082953691482544,2.354823350906372,2.352583169937134,2.357419967651367,2.4888389110565186,2.3608357906341553,-0.6540495753288269,-0.7902971506118774,2.3527333736419678,-0.8066559433937073
127.5962665266256,127.35225118833773,129.69268380933428,129.44653745202538,99.09221372381575,99.10781387588005,102.93444101875804,102.97327064418955,102.02720065168359,102.06394023922908,32.070808323241785,36.91147267105654,93.16355488273132,93.16355488273132,93.34255365030984,94.26944447162641,93.78510209720247,94.00025988624705,93.34255365030984,93.76838179411428,96.16402966436124,94.00025988624705,94.66658582091681,96.76740857564016,94.84710089049108,94.51800871590152,94.20746050490855,94.52555607493439,94.87939402488689,94.51800871590152,95.4306654229878,95.76845242839077,96.37239141518164,95.48736282328807,96.04984939200614,96.28083955954679,96.66689551181425,96.45369115687231,97.06622935182821,96.04984939200614,97.11037286443401,96.24948899125643,96.49260957476304,96.08723101733361,96.76740857564016,97.72108739888154,97.39004179018936,98.12833742814354,96.93295870074293,97.94880590580975,97.67099479150866,97.09081803284026,97.09081803284026,97.6688227913526,97.39004179018936,97.47086341863812,97.94880590580975,97.67099479150866,97.76986177974459,98.75704951105405,99.29608121016228,101.73069530962415,101.92457705940414,101.53497623895744,100.96003823538244
18.99999483689886,-71.38270316677512,18.999991421804275,-71.37844112873303,-71.8082512728236,19.828341396417787,-92.47619879560708,40.51535026962748,-92.47614415409372,40.51535026962748,-50.49059566562099,-50.45518796496364,27.24131645736188,27.24131645736188,26.971926966307404,32.93654846091924,25.46800298088793,0.36719683947370346,26.971926966307404,26.34044524168846,-4.278505201290034,0.36719683947370346,-1.07918290891012,-5.532646180554381,-3.2024631121810625,130.3725744996957,129.52574032564084,32.97694902985987,131.37670793033595,130.3725744996957,148.1942865726865,151.0468740984073,116.22105091683292,148.66238675726416,33.13983879628092,116.10816155023096,33.212358329793524,69.35833071943172,107.66392354726332,33.13983879628092,-22.46214601019204,106.24713740772758,70.18617696759395,69.10318217279672,-5.532646180554381,33.32084905457001,-15.02122352271155,70.66588847376062,112.22002172368784,77.53656700517321,87.19861407677578,33.2563925593726,33.2563925593726,-7.396028507839641,-15.02122352271155,94.02342105772256,77.53656700517321,87.19861407677578,70.35896709321693,19.828189424708757,18.891679989493504,40.52519940241064,33.74305719811435,16.18071472866562,5.878975618174932
52.40372823704698,52.64734742436299,129.69262916782094,129.44499382927296,99.09237081816666,99.10781387588005,102.93362139605763,102.97327747437873,77.97311171578541,77.93606476972725,46.90864297428578,51.54664536414251,86.83644329603585,86.83644329603585,86.6574513586465,85.73055370714074,86.21490291175387,85.99974512270929,86.6574513586465,86.23163004503122,83.8359753445951,85.99974512270929,85.33342601822869,83.23259643331617,85.15291094865442,85.4819962930548,85.79253767385862,85.47444893402195,85.12060415388027,85.4819962930548,84.56934641615771,84.23155258056556,83.62762725415303,84.51264218566827,83.9501556169502,83.71915861922037,83.33310949714208,83.54631385208403,82.93377565712811,83.9501556169502,82.88963897471149,83.7505160176999,83.5073954341933,83.91277399162273,83.23259643331617,82.2789176100748,82.60996321876698,81.8716675808128,83.06703947802423,82.05121276352492,82.32902387782602,82.90919380630524,82.90919380630524,82.33118221760374,82.60996321876698,82.52914842050738,82.05121276352492,82.32902387782602,82.23014322921175,81.98181121136842,80.70393062898322,77.38926714553271,78.07543477974137,78.4650287699989,79.03996677357388
-161.00001700224664,-160.49883138132944,-160.99994870035493,-160.49883138132944,20.12884239914167,20.224893641892265,56.06449789630954,56.1434514680203,56.06449106612037,56.14343780764196,-156.15477642768798,-160.18979264214306,28.51047488817697,28.51047488817697,28.275229512783387,35.8896627108443,26.680597200091558,-3.26980087999116,28.275229512783387,27.708846321143835,-11.55997478816246,-3.26980087999116,-5.708414268655489,-14.045191197864021,-8.508967705731845,140.89885223716917,139.42183748953224,36.13643403046227,142.61265598295208,140.89885223716917,158.3389206600963,161.28192623004975,132.30771735572205,158.8296560915834,37.584160926938175,131.9770815583801,38.21689257617523,83.58840147774964,126.01729071505873,37.584160926938175,-36.38327365197195,122.52698208691218,84.65284547876111,82.40622550601466,-14.045191197864021,39.33276448654231,-27.523246175732496,89.33922268341445,129.9849749246758,96.92689349275996,106.90592964374282,38.657569551235284,38.657569551235284,-17.929622231687823,-27.523246175732496,113.55267359302736,96.92689349275996,106.90592964374282,88.05095338330167,20.22468361357529,18.833198202272563,56.1596458465424,44.595473053361324,14.149168875146417,-2.769242996147371
63
2.104958696236281e-07,2.1168663977277902e-07,2.1674610195532296e-07,2.179026807880291e-07,6.167931019263051e-07,6.1493216207964e-07,6.146247528704407e-07,6.127569918135123e-07,2.498931905847712e-07,2.1607498013054283e-07,-1.0,2.3266122752829688e-06,-1.0,1.7242039120901609e-06,1.9450073978077853e-06,-1.0,2.2021370114089223e-06,1.9535759747668635e-06,1.1975137113040546e-06,1.8420180367684225e-06,1.5797395462868735e-06,-1.0,1.5212132211672724e-06,-1.0,1.7478673726145644e-06,1.6267553064608364e-06,1.5073806025611702e-06,1.6278198700092616e-06,1.3550358062275336e-06,1.275937847822206e-06,1.1543967275429168e-06,1.3410768815447227e-06,-1.0,1.1711846354955924e-06,1.1052450190618401e-06,1.1399442882975563e-06,1.0411740731797181e-06,1.2176094514870783e-06,1.039889752973977e-06,1.1769041066145292e-06,1.1331025007166318e-06,1.2084711897841771e-06,1.091413196263602e-06,9.549025890009943e-07,-1.0,1.2200262062833644e-06,9.055745522346115e-07,1.0612034202495124e-06,-1.0,-1.0,-1.0,1.0394023775006644e-06,9.641069027566118e-07,1.0005543344959733e-06,9.848181434790604e-07,9.258442332793493e-07,9.591954039933626e-07,9.472249757891404e-07,7.950521876409766e-07,6.127771712272079e-07,6.203340490174014e-07,6.425036644941429e-07,6.765619104953657e-07
1.3501703506335616e-05,6.603139354410814e-06,2.8525726065709023e-06,1.3851047242496861e-06,2.2738713312264736e-07,5.551619324251078e-07,8.297304248117143e-07,2.034495309999329e-06,3.0042404119967614e-08,9.293933800336163e-08,0.0,1.651237757638313e-10,0.0,1.3647402319350022e-08,3.0088458391475115e-09,0.0,1.800215532199445e-10,6.444734190758084e-10,4.732729208534181e-10,3.6899923117061917e-09,1.936550364511902e-10,0.0,4.1904177905394135e-09,0.0,2.2540243282964667e-10,2.1926840898522926e-10,3.025928618782814e-09,2.5429272576538153e-10,3.0843390064205778e-09,3.207686338768667e-09,5.241596934268955e-09,2.860955361505546e-10,0.0,4.5764159128935944e-10,1.9837017362078768e-08,3.483570376605627e-10,6.5689813588676316e-09,4.5969508755128174e-10,6.048562761762355e-10,4.55450038794325e-10,5.234124245134808e-09,3.551786920130695e-10,4.2270387190512793e-10,2.4069869652976195e-08,0.0,2.768650586570942e-10,1.4390385771889669e-08,1.073135247331436e-09,0.0,0.0,0.0,6.02639382840664e-10,1.0217261703360236e-08,9.268989464850108e-10,1.3340740734335554e-09,1.3017531941272864e-08,9.463566819079006e-09,8.792179428951385e-09,9.447391757788637e-10,2.9513665822378243e-07,8.945928442471995e-09,2.7029663840494322e-08,1.2182406194938267e-09
0.0,3.139075756072998,-0.07327163964509964,3.0651204586029053,-3.1005806922912598,0.04551471024751663,-0.00903275515884161,3.1367809772491455,-0.7885286808013916,-0.7869968414306641,0.0,2.40049147605896,0.0,2.353391408920288,2.347937822341919,0.0,2.3204920291900635,-0.8021267056465149,2.351795196533203,2.3510916233062744,2.3514297008514404,0.0,2.35182523727417,0.0,2.3613576889038086,2.3928205966949463,2.3504831790924072,2.3116884231567383,2.358301877975464,2.356449842453003,2.3535990715026855,2.342824697494507,0.0,2.3760247230529785,2.3532826900482178,-0.8404145836830139,2.356851100921631,2.341932535171509,-0.7826611995697021,2.3317644596099854,2.352120876312256,2.3356642723083496,2.3868343830108643,2.3530473709106445,0.0,2.287984609603882,2.3539061546325684,-0.8076623678207397,0.0,0.0,0.0,2.352479934692383,2.355604887008667,-0.8098670244216919,-0.7973019480705261,2.351771593093872,2.3523879051208496,2.350377082824707,2.3349320888519287,-0.6703993082046509,-0.7934057116508484,2.352890729904175,-0.8183225989341736
127.5962665266256,127.34808477294402,129.69268380933428,129.44160605544462,102.97001947414464,103.00951845811481,102.05963722005197,102.09779748694483,31.58767830739552,36.33962532808098,93.16416959975662,93.16416959975662,93.34321617865933,94.27146620762075,93.78580560668698,93.99780784833501,93.34321617865933,93.76917409605801,96.15627739965326,93.99780784833501,94.66291117914334,96.75741600888443,94.84272956942226,94.52489354658489,94.21353254308069,94.52785784868468,94.88727606318909,94.52489354658489,95.43831523485821,95.77656669312475,96.38716511435638,95.49509459742852,96.0542958451558,96.29523759831719,96.67246894617698,96.46847851642538,97.0851148248833,96.0542958451558,97.0939052783451,96.26451540743047,96.50770429282876,96.10024935789166,96.75741600888443,97.7289762673729,97.37431869471999,96.04225422164907,98.15276901480468,96.95072402277414,97.97310771887666,97.69417645355168,97.09725207103841,97.09725207103841,97.65473894128402,97.37431869471999,97.49282930700888,97.97310771887666,97.69417645355168,97.79200525303378,99.29552796483951,101.73671270628294,101.9478406837172,101.5298126159449,100.94204751710863
19.99999600309126,-72.37298497377859,19.999994295543964,-72.37074467173082,-92.69835752855091,40.73870770077066,-92.69958696260151,40.73870087058149,-51.00839230659965,-51.00694089140103,27.24131645736188,27.24131645736188,26.971926966307404,32.93654504582466,25.46800298088793,0.36719683947370346,26.971926966307404,26.34044524168846,-4.278505201290034,0.36719683947370346,-1.07918290891012,-5.532646180554381,-3.2024628987376507,130.3725744996957,129.52574032564084,32.97694902985987,131.37670793033595,130.3725744996957,148.1942865726865,151.0468740984073,116.22105091683292,148.66238675726416,33.13983879628092,116.10816155023096,33.212358329793524,69.35833071943172,107.66393037745249,33.13983879628092,-22.46214771773933,106.24713740772758,70.18617696759395,69.10318217279672,-5.532646180554381,33.32084905457001,-15.02122352271155,115.82424424681187,70.66588847376062,112.22002172368784,77.53656700517321,87.19861407677578,33.2563925593726,33.2563925593726,-7.396029361613287,-15.02122352271155,94.02342105772256,77.53656700517321,87.19861407677578,70.35896709321693,18.891679989493504,40.74909983359283,33.74305378301976,16.180716436212915,5.878975618174932
52.40372823704698,52.651479688810845,129.69262916782094,129.44077277236588,102.96957551184857,103.00951845811481,77.93952084544728,77.90220752201151,46.98628856477049,51.56015206322621,86.83583540919972,86.83583540919972,86.656788830297,85.72853880133559,86.21419940226934,86.00219716062132,86.656788830297,86.23083091289833,83.84372760930306,86.00219716062132,85.33709382981299,83.24258216988274,85.15727543953406,85.47511146237144,85.78647246587565,85.47214033008248,85.11272894576724,85.47511146237144,84.56168294390895,84.22344514602075,83.61284672478912,84.5049104115278,83.94570916380053,83.70476741063915,83.32753606277934,83.53151966234178,82.91489018407303,83.94570916380053,82.90609290042205,83.73548960152587,83.4922938859384,83.89975565106468,83.24258216988274,82.27103557177261,82.62568631423635,83.95775078730726,81.84723599415166,83.04927415599303,82.02690412026884,82.30582855540466,82.90274610772875,82.90274610772875,82.34526606767231,82.62568631423635,82.50717570194746,82.02690412026884,82.30582855540466,82.20799975592256,80.70447704411683,77.30619155465784,78.0521711554283,78.47019239301142,79.0579574918477
-160.00000900586508,-159.5077026308689,-159.99996802473007,-159.50772995162558,55.84163565388119,55.92010769725547,55.84162882369203,55.92009062178254,-155.21281137887317,-159.1991420049244,28.357801377206965,28.357801377206965,28.113080821887287,35.684234526272405,26.494134743297504,-3.4526236997312454,28.113080821887287,27.52376697765671,-11.833905501241345,-3.4526236997312454,-5.920733260326275,-14.341298681404291,-8.724607876886548,141.0013597162327,139.51363523197722,35.91754695813087,142.72811350068199,141.0013597162327,158.51045403091203,161.47039847000707,132.416467627687,159.0040308210938,37.2821094712727,132.08289484900192,37.87970662741921,83.44820501484597,126.1073126083195,37.2821094712727,-36.58601074201085,122.59053016694997,84.51743697846561,82.26898651502161,-14.341298681404291,38.933464797474194,-27.785697902137528,131.18721116200314,89.19759871097423,130.09245478145513,96.84160492059401,106.88938692557305,38.295723204480936,38.295723204480936,-18.254737528633136,-27.785697902137528,113.57728276460692,96.84160492059401,106.88938692557305,87.9077721277307,18.293379323862485,55.937312943774735,43.92181491061755,13.432463465158639,-3.379521038818245
65
2.104958696236281e-07,2.117063360174143e-07,2.1674610195532296e-07,2.1792189386360405e-07,6.151570914880722e-07,6.132931389402074e-07,6.129826601863897e-07,6.111120569585182e-07,2.5006980308717175e-07,2.161066419148483e-07,-1.0,2.3262186914507765e-06,-1.0,-1.0,1.9447088561719283e-06,2.201756160502555e-06,1.9532255919330055e-06,1.1990672419415205e-06,1.5810352351763868e-06,-1.0,1.5226340792651172e-06,-1.0,1.7453296550229425e-06,1.625989398235106e-06,-1.0,1.6253210333161405e-06,1.353100287815323e-06,1.2741178352371207e-06,1.5049288322188659e-06,1.151713945546362e-06,1.7234485767403385e-06,1.3391603488344117e-06,-1.0,1.1684950322887744e-06,1.104389525607985e-06,1.1373700772310258e-06,1.038392611008021e-06,1.216781015500601e-06,1.0423174217066844e-06,1.1740750096578267e-06,1.1919162261619931e-06,1.1305044154141797e-06,1.2059227856298094e-06,1.0930707503575832e-06,9.540001428831602e-07,-1.0,1.2173189816166996e-06,9.028914291775436e-07,1.05848209841497e-06,-1.0,-1.0,-1.0,1.0385283530922607e-06,9.659190709498944e-07,1.0027134749179822e-06,9.819362958296551e-07,9.230437854057527e-07,9.56316512201738e-07,9.445639079785906e-07,7.951763336677686e-07,6.1113541960367e-07,6.192177579578129e-07,7.762234872643603e-07,6.428722372220363e-07,6.777326007068041e-07
1.3501701687346213e-05,6.480459433078067e-06,2.8525726065709023e-06,1.35810421397764e-06,2.2678351285776444e-07,5.547794330595934e-07,8.313651278513134e-07,2.042333335339208e-06,3.0486500435245034e-08,9.433354364318802e-08,0.0,1.6478521325247186e-10,0.0,0.0,3.021912053924325e-09,1.7970813726009283e-10,6.539866426180652e-10,4.722011670565962e-10,1.9350458735356568e-10,0.0,4.157172828200828e-09,0.0,2.2577832659020913e-10,2.1892278267987564e-10,0.0,2.546219068921829e-10,3.079428045893451e-09,3.201765741422946e-09,1.9784911209352884e-10,5.246374890077732e-09,2.6221066984355446e-10,2.8620428249581664e-10,0.0,4.59862092849761e-10,2.077294958269249e-08,3.4574118568109213e-10,6.587021150750161e-09,4.602416503463047e-10,5.845953165994899e-10,4.578536993982141e-10,1.3158991230000083e-08,5.264966684848105e-09,3.580344909437372e-10,4.1722131305377275e-10,2.5371894807335593e-08,0.0,2.768597573421516e-10,1.4636402312362407e-08,1.068394483993984e-09,0.0,0.0,0.0,6.027290888610537e-10,1.0042714215785509e-08,8.948016771981315e-10,1.3421024291915273e-09,1.3187361425082145e-08,9.541400558532587e-09,8.904904369444466e-09,9.369647280266236e-10,2.774145571038389e-07,8.47933723235883e-09,1.0581027165557089e-09,2.5933985625670175e-08,1.1234372321311525e-09
0.0,3.1390275955200195,-0.07327163964509964,3.065061330795288,-3.1003334522247314,0.04577607288956642,-0.009047233499586582,3.1367764472961426,-0.7888728976249695,-0.7868970632553101,0.0,2.3604183197021484,0.0,0.0,2.348705291748047,2.3604238033294678,-0.7969778180122375,2.36942195892334,2.333514451980591,0.0,2.351270914077759,0.0,2.345771312713623,2.350017786026001,0.0,2.3615212440490723,2.349963665008545,2.353210926055908,2.318080425262451,2.351907253265381,2.3990306854248047,2.3822975158691406,0.0,2.3837430477142334,2.3529796600341797,-0.8211897611618042,2.351996898651123,2.304865837097168,-0.8247483372688293,2.3689210414886475,2.3537299633026123,2.3521156311035156,2.2676053047180176,2.3697376251220703,2.3535361289978027,0.0,2.332247018814087,2.351728916168213,-0.788000762462616,0.0,0.0,0.0,2.403718948364258,2.3539533615112305,-0.8059133887290955,-0.8115887641906738,2.3536195755004883,2.351046085357666,2.3531436920166016,2.343972682952881,-0.6839075684547424,-0.7928917407989502,2.3443374633789062,2.353440284729004,-0.8240838050842285
127.5962665266256,127.34473798025071,129.69268380933428,129.43574575313676,103.00511981628932,103.04489883801548,102.0931119771742,102.13086243271687,31.102065517785952,35.765148362274964,93.16470918470104,93.16470918470104,93.34380357492795,94.27333767945332,93.78638617276644,93.34380357492795,93.76985028478583,96.14827241794602,94.65907944301897,96.74712974399439,94.83819432381338,94.53186716972748,94.21967288314454,94.52999569789489,94.89526055432883,94.53186716972748,95.44612214107953,95.78483805220964,94.89526055432883,96.40210273807119,94.27333767945332,95.5029834659199,96.05842810960367,96.30978590124931,96.6776598899462,96.48318391370842,97.10419154323515,96.05842810960367,97.07730791866197,96.27967159719871,96.18530570362583,96.5227307090028,96.11318573617966,96.74712974399439,97.73632555091983,97.3583497124405,96.05574384525985,98.17716645051996,96.9686805901021,97.99745051307859,97.71747422881059,97.10325580731886,97.10325580731886,97.64029309118945,97.3583497124405,97.5149386293522,97.99745051307859,97.71747422881059,97.81410091499876,99.29405947416795,101.74266863123918,101.96969045887207,99.52308254722766,101.5231190305583,100.92290932705426
20.999997169283652,-73.36412055442831,20.999998876830947,-73.36624474326018,-92.92648584682934,40.96618715107793,-92.92648584682934,40.96618032088876,-51.54583940182045,-51.57922536648347,27.24131645736188,27.24131645736188,26.971926966307404,32.93654846091924,25.46800298088793,26.971926966307404,26.340446949235755,-4.278505201290034,-1.07918290891012,-5.532646180554381,-3.2024631121810625,130.3725744996957,129.52574032564084,32.97694902985987,131.37670793033595,130.3725744996957,148.1942865726865,151.0468740984073,131.37670793033595,116.22105091683292,32.93654846091924,148.66238675726416,33.13983879628092,116.10816155023096,33.212358329793524,69.35833071943172,107.66392354726332,33.13983879628092,-22.46214601019204,106.24713740772758,115.9729238046647,70.18617696759395,69.10318217279672,-5.532646180554381,33.32084905457001,-15.02122352271155,115.82424424681187,70.66588847376062,112.22002172368784,77.53656700517321,87.19861407677578,33.2563925593726,33.2563925593726,-7.396028507839641,-15.02122352271155,94.02342105772256,77.53656700517321,87.19861407677578,70.35896709321693,18.8916816970408,40.977060812236594,33.74305719811435,33.50680436981819,16.18071472866562,5.878975618174932
52.40372823704698,52.65555389665076,129.69267014895595,129.43652439470213,103.00467585399328,103.04490566820465,77.90672227705288,77.86914257623947,47.0624759098674,51.57340263021604,86.83529582425528,86.83529582425528,86.65620143402839,85.72666732950302,86.2136188361899,86.65620143402839,86.2301547241705,83.85173259101032,85.34092556593737,83.25287526496194,85.16180385495379,85.46813783922886,85.7803321258118,85.47000931106145,85.1047444546275,85.46813783922886,84.5538828678768,84.21516012655752,85.1047444546275,83.59790227088513,85.72666732950302,84.49702154303644,83.94157689935267,83.69021910770702,83.32234511901014,83.51682109524792,82.89580663553201,83.94157689935267,82.92269709029435,83.72033341175761,83.8146993053305,83.47727429995354,83.88681927277668,83.25287526496194,82.26367262784733,82.64165529651584,83.94426116369648,81.82283855843637,83.03132441885424,82.00254766568858,82.28253078014573,82.89674920163748,82.89674920163748,82.35971191776689,82.64165529651584,82.48505954941496,82.00254766568858,82.28253078014573,82.18590409395757,80.7059387045992,77.22465958653541,78.03030771989509,80.47692246172868,78.47688597839803,79.0770888517129
-159.0000010094835,-158.51673780494843,-159.00005565099687,-158.51669682381342,55.61462748662665,55.692594096002345,55.61464797719416,55.6926043412861,-154.27435704729177,-158.20910608473105,28.204612186954627,28.204612186954627,27.950392546046753,35.477378832163986,26.30716343741028,27.950392546046753,27.33810023790096,-12.103293284748526,-6.1305050183234675,-14.631854928696633,-8.93732387330284,141.10151761022178,139.60313803086106,35.69708894229037,142.84118045220237,141.10151761022178,158.68026619405688,161.65724512494194,142.84118045220237,132.52167986166188,35.477378832163986,159.1766843429334,36.97741131730385,132.1851701016337,37.53932073503704,83.30156768355496,126.19294952013313,36.97741131730385,-36.781374642840724,122.6498845108374,131.74656267389216,84.37554662864777,82.12579159907229,-14.631854928696633,38.52982793828312,-28.040602269509694,131.28169999898108,89.04731405866644,130.19597312851585,96.74846163088255,106.86621892390836,37.93025344237189,37.93025344237189,-18.572583796754266,-28.040602269509694,113.59608627539197,96.74846163088255,106.86621892390836,87.75640147534487,17.75414442662644,55.7107350784379,43.235739483962696,40.365629107926225,12.719252550704969,-3.9797040618958404
65
2.104958696236281e-07,2.1172567699068168e-07,2.1674610195532296e-07,2.1794066640268284e-07,6.135712737886934e-07,6.117042516962101e-07,6.113913286753814e-07,6.095176559028914e-07,2.50244283961365e-07,2.1613792000607646e-07,2.4871055757103022e-06,-1.0,2.3258833152794978e-06,-1.0,-1.0,1.944470113812713e-06,2.201433972004452e-06,1.9529347810021136e-06,1.2006746601400664e-06,1.5823853800611687e-06,-1.0,1.524108029116178e-06,-1.0,1.7427699958716403e-06,1.6252831755991792e-06,-1.0,1.622799118194962e-06,1.2722659903374733e-06,1.50245318764064e-06,1.1490147926451755e-06,1.7227526996066445e-06,1.3372125522437273e-06,-1.0,1.165789285551e-06,1.1035990610253066e-06,1.1348230373187107e-06,1.0355990980315255e-06,1.2160160167695722e-06,1.0447771501276293e-06,1.1712365903804312e-06,1.1892020665982272e-06,1.1279321370238904e-06,1.2034025758111966e-06,1.0947811688311049e-06,9.531652267469326e-07,-1.0,1.2145959544795915e-06,9.00230247680156e-07,1.0557461109783617e-06,1.139673258876428e-06,-1.0,-1.0,-1.0,1.0377202670497354e-06,9.677823982201517e-07,1.0049142247225973e-06,9.79052401817171e-07,9.20256866265845e-07,9.534415994494339e-07,9.419258049092605e-07,7.953774456836982e-07,6.095443154663371e-07,6.181794560689013e-07,6.433250518966815e-07,6.789754820601956e-07
1.3501703506335616e-05,6.359911822073627e-06,2.8525721518235514e-06,1.3315955129655777e-06,2.2622141671035934e-07,5.543810743802169e-07,8.330583227689203e-07,2.0499278434726875e-06,3.0922628013740905e-08,9.571257919560594e-08,1.489320888836687e-10,0.0,1.6459807128388348e-10,0.0,0.0,3.0344871060350442e-09,1.7945155084131414e-10,6.636497462686464e-10,4.712589207755968e-10,1.9327882350150816e-10,0.0,4.12402423322078e-09,0.0,2.2642855646015647e-10,2.1866176924678626e-10,0.0,2.55218790545797e-10,3.196352071910269e-09,1.9825079078383823e-10,5.252398072030928e-09,2.6188179402808487e-10,2.8656554906802967e-10,0.0,4.6216358517980893e-10,2.181220182251309e-08,3.4305902563147583e-10,6.606549973753317e-09,4.59104892991391e-10,5.657160295768904e-10,4.6067966108509495e-10,1.3071279170162597e-08,5.295552885087318e-09,3.5884886728787535e-10,4.123511254672252e-10,2.684162225818909e-08,0.0,2.783820396423664e-10,1.4896511579820526e-08,1.0645649917151445e-09,4.787699126040934e-10,0.0,0.0,0.0,6.020418608088107e-10,9.874089990091761e-09,8.640893001121697e-10,1.3504434237532337e-09,1.3366599382891309e-08,9.623430941019251e-09,9.021626112826198e-09,9.292035474395277e-10,2.6200916636298643e-07,8.032860598916614e-09,2.4939611265040185e-08,1.0323204513440487e-09
0.0,3.1389787197113037,-0.07327164709568024,3.065002202987671,-3.1000916957855225,0.046032343059778214,-0.009062121622264385,3.1367719173431396,-0.788493812084198,-0.7868325114250183,2.480938196182251,0.0,2.3603739738464355,0.0,0.0,2.344656229019165,2.3604254722595215,-0.7871533632278442,2.3789401054382324,2.3591904640197754,0.0,2.3518261909484863,0.0,2.3958468437194824,2.343527317047119,0.0,2.3784005641937256,2.362356662750244,2.2618885040283203,2.351229190826416,2.360231637954712,2.4293410778045654,0.0,2.3837547302246094,2.3540844917297363,-0.8163660168647766,2.353498935699463,2.3494887351989746,-0.8532928228378296,2.331861972808838,2.353696823120117,2.354461431503296,2.3862457275390625,2.3949954509735107,2.3536839485168457,0.0,2.258899688720703,2.3521668910980225,-0.7991200685501099,2.3385636806488037,0.0,0.0,0.0,2.4039134979248047,2.3529319763183594,-0.7901442050933838,-0.8099581599235535,2.3524386882781982,2.3510775566101074,2.355020523071289,2.394906759262085,-0.6952913403511047,-0.7910944223403931,2.3532392978668213,-0.8189401030540466
127.5962665266256,127.34042130069527,129.69268380933428,129.43174326228313,103.03884046022168,103.07937763294571,102.12398443222266,102.16307360484264,30.61427048273657,35.18872820765008,92.9597966794115,93.16515997718626,93.16515997718626,93.34429534854819,94.2750725475025,93.78684379544083,93.34429534854819,93.77041036029777,96.14001471923947,94.65509061254367,96.73653612059171,94.83350881404274,94.53891592495093,94.22588152510008,94.53196279237585,94.90334066811695,94.53891592495093,95.7932938264021,94.90334066811695,96.4172042863261,94.2750725475025,95.51102259857299,96.06225301553887,96.32448446834317,96.68246151293272,96.49780051853224,97.12345950688376,96.06225301553887,97.06056029481711,96.29495756056122,96.1994783461536,96.53766833271762,96.1260469823868,96.73653612059171,97.74314890990067,97.34214850372922,96.06937007265402,98.20150241453271,96.986835232916,96.4700221391778,98.02182745822637,97.7408881172854,97.10882241149241,97.10882241149241,97.62549207125804,97.34214850372922,97.53720504604645,98.02182745822637,97.7408881172854,97.83611461469371,99.29168939852596,101.74853576373623,101.9900922339229,101.51488865260843,100.90267147654352
22.000001750570636,-74.35563179548238,22.000000043023345,-74.35577522945495,-93.15680665583135,41.19771690356303,-93.1593201654459,41.19770665827927,-52.103637045673295,-52.172078956251404,27.549679007820444,27.24131645736188,27.24131645736188,26.971926966307404,32.93654846091924,25.46800298088793,26.971926966307404,26.340446949235755,-4.278505201290034,-1.07918290891012,-5.532646180554381,-3.2024631121810625,130.3725744996957,129.52574032564084,32.97694902985987,131.37670793033595,130.3725744996957,151.0468740984073,131.37670793033595,116.22105091683292,32.93654846091924,148.66238675726416,33.13983879628092,116.10816155023096,33.212358329793524,69.35833071943172,107.66392354726332,33.13983879628092,-22.46214601019204,106.24713740772758,115.9729238046647,70.18617696759395,69.10318217279672,-5.532646180554381,33.32084905457001,-15.02122352271155,115.82424424681187,70.66588847376062,112.22002172368784,116.27573341132805,77.53656700517321,87.19861407677578,33.2563925593726,33.2563925593726,-7.396028507839641,-15.02122352271155,94.02342105772256,77.53656700517321,87.19861407677578,70.35896709321693,18.891679989493504,41.2089969609773,33.74305378301976,16.18071472866562,5.878975618174932
52.40372823704698,52.659549557315216,129.69262916782094,129.43257654536188,103.03888827154587,103.07937763294571,77.87477065211556,77.83693140411368,47.137177688819826,51.58639706511198,87.04020832954484,86.8348382015809,86.8348382015809,86.65571649059731,85.72493246145383,86.21315438332634,86.65571649059731,86.22959464865856,83.85999028971686,85.34491439641266,83.26346888836463,85.16649619491358,85.46108225381623,85.77413031404542,85.4680353863913,85.0966575106502,85.46108225381623,84.20671118255422,85.0966575106502,83.5828075528194,85.72493246145383,84.48897558019416,83.93775199341746,83.67552054061316,83.31753666583445,83.50221132061326,82.87654550207257,83.93775199341746,82.93944471413923,83.70504744839512,83.80052666280274,83.46233667623872,83.87395802656954,83.26346888836463,82.25685609905567,82.65785650522712,83.93062810611313,81.79850259442361,83.01316977604034,83.52998286977852,81.9781707205408,82.25911689167094,82.89118259746391,82.89118259746391,82.37450610750913,82.65785650522712,82.46279313272072,81.9781707205408,82.25911689167094,82.16389039426262,80.70831561043038,77.14480784494879,78.00990594484426,78.4851163563479,79.09733353241282
-158.00000667348027,-157.52589592243302,-157.9999793527236,-157.5259232431897,55.3836578096535,55.4610984944631,55.383647564369745,55.46107117370642,-153.33929048953868,-157.21967122118465,28.347100178324848,28.050985864595408,28.050985864595408,27.787248355079118,35.26920149645117,26.119777197530983,27.787248355079118,27.151938309430385,-12.368020317920818,-6.337636054432805,-14.916740411430572,-9.14702007233234,141.19928493800134,139.6903185654271,35.475165850872905,142.95181585637823,141.19928493800134,161.84242521371934,142.95181585637823,132.62324477461996,35.26920149645117,159.3475756759671,36.6702508801392,132.28382535400536,37.195956880176745,83.14844850274162,126.27411948822956,36.6702508801392,-36.969399505407424,122.70494949592603,131.8414203410853,84.22713344817257,81.97661343741004,-14.916740411430572,38.12214077691423,-28.28791829671398,131.3726234772123,88.88825944346436,130.29542068283124,132.80735935388682,96.64734751040967,106.83630952553288,37.56139932152911,37.56139932152911,-18.88305346057178,-28.28791829671398,113.60897484235578,96.64734751040967,106.83630952553288,87.59673897330666,17.21601089739406,55.47999762789653,42.53788881117874,12.010412957320106,-4.569297516995565
64
2.104958838344828e-07,2.117446626925812e-07,2.1674610195532296e-07,2.1795909788124845e-07,6.120364446360327e-07,6.101666372160253e-07,6.098510425545101e-07,6.079745276110771e-07,2.504164910988038e-07,2.1616877177166316e-07,2.4868129457900068e-06,-1.0,2.325606374142808e-06,-1.0,1.9442913981038146e-06,2.201169991167262e-06,1.9527039967215387e-06,1.202334487970802e-06,1.5837891851333552e-06,-1.0,1.5256342749125906e-06,-1.0,1.7401889635948464e-06,1.6246370933004073e-06,-1.0,1.6202550341404276e-06,1.270382654183777e-06,1.4999544646343566e-06,1.1462996098998701e-06,1.335234060206858e-06,-1.0,1.1630677363427822e-06,1.1028739663743181e-06,1.1323041917421506e-06,1.0327943300580955e-06,1.2153151374150184e-06,1.0472676876815967e-06,1.1683893035296933e-06,1.1864723319376935e-06,1.1253871434746543e-06,1.2009113561362028e-06,1.0965430874421145e-06,9.52398522713338e-07,-1.0,1.211857920679904e-06,8.975921446108259e-07,1.052995912687038e-06,1.1369617141099297e-06,-1.0,-1.0,-1.0,1.036978801494115e-06,9.69695520325331e-07,1.0071548786072526e-06,9.761672572494717e-07,9.174850106319354e-07,9.505715752311517e-07,9.393121445100405e-07,7.956554100019275e-07,6.080045977796544e-07,6.172203370624629e-07,7.74464695041388e-07,6.438615969273087e-07,6.802890766266501e-07
1.3501703506335616e-05,6.241634309844812e-06,2.8525728339445777e-06,1.3054983583060675e-06,2.2570128521692823e-07,5.539697554013401e-07,8.348229698640353e-07,2.0572738321789075e-06,3.135058790348921e-08,9.707599701869185e-08,1.4789924840385993e-10,0.0,1.6436714489476145e-10,0.0,3.046637164771937e-09,1.7935601615004515e-10,6.731682988814214e-10,4.704266420851866e-10,1.931389492781932e-10,0.0,4.0909360343732715e-09,0.0,2.2676226174578318e-10,2.1836669972241651e-10,0.0,2.557968836747193e-10,3.1913687248419365e-09,1.971978275117081e-10,5.259666036039334e-09,2.859192049786685e-10,0.0,4.6440515322210274e-10,2.297352885705095e-08,3.4023159289908733e-10,6.628168236488818e-09,4.587500657127208e-10,5.45510081551015e-10,4.632121908265674e-10,1.2992511955189912e-08,5.326199481459071e-09,3.6048913854003217e-10,4.069372339099431e-10,2.851808034165515e-08,0.0,2.7924684786739817e-10,1.5171790934687124e-08,1.0611581613417798e-09,4.814015852616649e-10,0.0,0.0,0.0,6.005481112403288e-10,9.711354387320625e-09,8.350585223304563e-10,1.3593798309230465e-09,1.355550072190681e-08,9.709084203279872e-09,9.143015233803453e-09,9.20554965588849e-10,2.4856973368514446e-07,7.605682306177641e-09,1.0532635874582752e-09,2.403238319459433e-08,9.450865645632689e-10
0.0,3.1389291286468506,-0.07327164709568024,3.0649423599243164,-3.099855661392212,0.046283163130283356,-0.0090771010145545,3.1367673873901367,-0.7884830236434937,-0.786952555179596,2.4568915367126465,0.0,2.360475540161133,0.0,2.3534939289093018,2.3044846057891846,-0.7968023419380188,2.403939962387085,2.3697144985198975,0.0,2.3507213592529297,0.0,2.326981782913208,2.343705892562866,0.0,2.3118996620178223,2.3617587089538574,2.325876235961914,2.356820583343506,2.342953681945801,0.0,2.330563545227051,2.3536834716796875,-0.8167254328727722,2.349886417388916,2.378901958465576,-0.7947375178337097,2.3386738300323486,2.3539137840270996,2.3526172637939453,2.353039503097534,2.3619577884674072,2.3535475730895996,0.0,2.463501453399658,2.352795124053955,-0.7951773405075073,2.383356809616089,0.0,0.0,0.0,2.3420891761779785,2.352602243423462,-0.8168075680732727,-0.7989041209220886,2.3523473739624023,2.3544275760650635,2.3528733253479004,2.360867500305176,-0.7048493027687073,-0.7882625460624695,2.36826753616333,2.3527896404266357,-0.785779595375061
127.5962665266256,127.33648711173333,129.69268380933428,129.4276724695378,103.07300506645008,103.11292752214881,102.15618877415928,102.194424173133,30.124703013597564,34.610453656665534,92.96014501905917,93.16554246777979,93.16554246777979,93.34469832970922,93.78719896527767,93.34469832970922,93.770861152783,96.13150430353363,94.65096517828499,96.72566245943304,94.82866620992121,94.54606713301193,94.23215846894732,94.53377279250591,94.91153006493181,94.54606713301193,95.8019066949455,94.91153006493181,96.43246975912108,95.51921882557701,96.06577056296143,96.33934695997712,96.68687381513654,96.51231467051852,97.14290505545078,96.06577056296143,97.04367606718884,96.31035280695042,96.21380125284311,96.55252399416239,96.1387989455672,96.72566245943304,97.74941902355874,97.3257287289645,96.0831329038316,98.22577007665377,97.00516746064831,96.48551983840457,98.04622489394164,97.76440445859775,97.11393139299159,97.11393139299159,97.61036320224646,97.3257287289645,97.55960806652409,98.04622489394164,97.76440445859775,97.85806001249696,99.28841773791353,101.75431410377406,102.00900502773466,99.54491183181501,101.50516246323033,100.8813544561439
23.000002916763034,-75.3461526591068,23.000004624310325,-75.3461526591068,-93.39065184244507,41.433194505388386,-93.39186761611732,41.43319792048297,-52.68288148351998,-52.787680491050075,27.549679007820444,27.24131645736188,27.24131645736188,26.971926966307404,25.46800298088793,26.971926966307404,26.340446949235755,-4.278505201290034,-1.07918290891012,-5.532646180554381,-3.2024628987376507,130.3725744996957,129.52574032564084,32.976952444954456,131.37670793033595,130.3725744996957,151.0468740984073,131.37670793033595,116.22105091683292,148.66238675726416,33.13983879628092,116.10816155023096,33.212358329793524,69.35833071943172,107.66392354726332,33.13983879628092,-22.46214601019204,106.24713740772758,115.9729238046647,70.18617696759395,69.10318217279672,-5.532646180554381,33.32084563947542,-15.02122352271155,115.82424424681187,70.66588847376062,112.22002172368784,116.27573341132805,77.53656700517321,87.19861407677578,33.2563925593726,33.2563925593726,-7.396029361613287,-15.02122352271155,94.02342105772256,77.53656700517321,87.19861407677578,70.35896709321693,18.8916816970408,41.44481265716658,33.74305378301976,33.50680436981819,16.18071472866562,5.878975618174932
52.40372823704698,52.66346667080422,129.69264282819927,129.42854673375157,103.07216495318217,103.11293435233797,77.84367963101366,77.80558083582333,47.21037682615486,51.59913878300864,87.039853159708,86.83445571098737,86.83445571098737,86.65530667924712,86.21280604367867,86.65530667924712,86.22914385617334,83.8685007054227,85.34903983067134,83.2743425495233,85.17133879903513,85.4539378759444,85.76784654000902,85.46623221645042,85.08846811383536,85.4539378759444,84.19809148382167,85.08846811383536,83.56754208002442,84.48079301356849,83.93424127618407,83.66065804897922,83.3131311938198,83.48769033843782,82.85710678369472,83.93424127618407,82.95632211157833,83.68965220200592,83.78620375611321,83.44748101479395,83.86120606338913,83.2743425495233,82.25057915520841,82.674283110181,83.91686527493556,81.77423493230256,82.99483071811886,83.5144783403626,81.95378011501468,82.23560055035858,82.88607361596475,82.88607361596475,82.38964180670988,82.674283110181,82.44039011224308,81.95378011501468,82.23560055035858,82.14194499645937,80.7115872710428,77.06673195254638,77.99099998122166,80.45509317714132,78.494842545726,79.11864372262326
-156.99999867709872,-156.53520430407934,-157.00010796012543,-156.53513600218764,55.14872320786716,55.22560723225941,55.148716377677985,55.225600402070235,-152.4075024225872,-156.2308237539069,28.203903554828237,27.896983881831837,27.896983881831837,27.623719965970675,25.932066523666105,27.623719965970675,26.96537339979878,-12.627972195089626,-6.542033734213668,-15.195847554126681,-9.353605973968547,141.29462071843636,139.77512219416198,35.251900627283526,143.05995141131788,141.29462071843636,162.02588409482587,143.05995141131788,132.72110772504791,159.5166774994383,36.36081257488636,132.37879230422521,36.849830213797176,82.9888338120276,126.35074055033876,36.36081257488636,-37.15010582027845,122.75564315994586,131.93260336650496,84.07217011628332,81.82144519984568,-15.195847554126681,37.71069701150183,-28.527628908277453,131.45991329480506,88.7203392427196,130.39074280288793,132.90684788933723,96.53815327614868,106.79953578704153,37.18941355895187,37.18941355895187,-19.18604406724813,-28.527628908277453,113.61583918247165,96.53815327614868,106.79953578704153,87.42870948953517,16.679511490920607,55.24518938460983,41.82897323193936,39.312652994531206,11.306810411481353,-5.147839299131387
67
2.104958696236281e-07,2.1176325049054867e-07,2.1674610195532296e-07,2.1797714566673676e-07,6.105537977418862e-07,6.08681034464098e-07,6.083631660658284e-07,6.064834110475203e-07,3.0089727260929067e-06,2.505863108126505e-07,2.1619915457904426e-07,-1.0,2.3253871859196806e-06,-1.0,1.944172709045233e-06,2.2009653548593633e-06,1.95253278434393e-06,1.2040461569995387e-06,1.5852461956455954e-06,-1.0,1.527212134533329e-06,-1.0,1.7375867855662364e-06,1.624051606086141e-06,-1.0,1.6176893495867262e-06,1.268468167836545e-06,1.4974331179473666e-06,1.14356919311831e-06,1.3332249864106416e-06,-1.0,1.1603311804719851e-06,1.1022151511497214e-06,1.299524797104823e-06,1.1298146773697226e-06,1.0299788755219197e-06,1.2146784911237773e-06,1.0497880111870472e-06,1.1655339449134772e-06,1.183727817988256e-06,1.1228705716348486e-06,1.1984506045337184e-06,1.0983559377564234e-06,9.517004855297273e-07,-1.0,1.0705384738685098e-06,1.2091051075913128e-06,8.949783705247683e-07,1.0502321856620256e-06,1.1342345942466636e-06,-1.0,-1.0,-1.0,1.0363044111727504e-06,9.716571867102175e-07,1.0094344133904087e-06,9.732817716212594e-07,9.147290711553069e-07,9.477072353547555e-07,9.367240636493079e-07,7.960098855619435e-07,6.065172328817425e-07,6.163420493976446e-07,7.736954330539447e-07,6.444810196626349e-07,6.816719633206958e-07,6.285272888817417e-07
1.3501703506335616e-05,6.125622803665465e-06,2.8525721518235514e-06,1.2798401485270006e-06,2.2522416998072003e-07,5.535476361728797e-07,8.366482688870747e-07,2.064366753984359e-06,9.969609493509779e-08,3.1770984065815355e-08,9.842470660714753e-08,0.0,1.6437032290816944e-10,0.0,3.0582103516252346e-09,1.790510240073928e-10,6.827264864561755e-10,4.687567556338479e-10,1.9398140038706657e-10,0.0,4.057899349874106e-09,0.0,2.2704441104970385e-10,2.1793235271960754e-10,0.0,2.5681579085556905e-10,3.1868614414065632e-09,1.9789495042665806e-10,5.268275149461488e-09,2.865179760114245e-10,0.0,4.668109787608898e-10,2.42805562322701e-08,3.6264100056193627e-10,3.3736158311370446e-10,6.651534878443499e-09,4.5797970971150903e-10,5.275145875671683e-10,4.660458130523182e-10,1.2922916958757469e-08,5.3565942792488386e-09,3.6223343768959637e-10,4.027544409090922e-10,3.044658214435003e-08,0.0,6.062041979504329e-09,2.7882873787632434e-10,1.546336925173364e-08,1.0583133258634803e-09,4.83849071919451e-10,0.0,0.0,0.0,5.994601481873474e-10,9.554085522722744e-09,8.064405809804498e-10,1.3696628275994271e-09,1.3755077965527107e-08,9.799123290576972e-09,9.268795508887706e-09,9.120495469971956e-10,2.3675994498262298e-07,7.197166418393408e-09,1.050253439771609e-09,2.3200930954203614e-08,8.622626501697539e-10,3.331992237676218e-09
0.0,3.138878107070923,-0.07327164709568024,3.0648815631866455,-3.099625825881958,0.04652819782495499,-0.009092509746551514,3.136763095855713,-0.004623237997293472,-0.788467288017273,-0.7868045568466187,0.0,2.4167158603668213,0.0,2.348869800567627,2.320042610168457,-0.7991569638252258,2.3866782188415527,2.465430974960327,0.0,2.3494725227355957,0.0,2.3612771034240723,2.3468191623687744,0.0,2.412095308303833,2.3522560596466064,2.454740047454834,2.3548312187194824,2.4214861392974854,0.0,2.3462140560150146,2.353903293609619,2.345424175262451,-0.7534066438674927,2.3532843589782715,2.3601737022399902,-0.7911667227745056,2.3913183212280273,2.3534741401672363,2.3546218872070312,2.3353967666625977,2.421229362487793,2.355081558227539,0.0,2.353764533996582,2.3030757904052734,2.3524699211120605,-0.7965884208679199,2.3687686920166016,0.0,0.0,0.0,2.3341798782348633,2.3521463871002197,-0.8033721446990967,-0.8041560053825378,2.351794481277466,2.352754831314087,2.352867603302002,2.378134250640869,-0.7129701972007751,-0.7932475805282593,2.3397376537323,2.353769540786743,-0.8043432831764221,-0.8007363677024841
127.5962665266256,127.33275782844652,129.69268380933428,129.42372462019753,103.10451272909135,103.1455006943006,102.18635771972322,102.22486632626375,92.63685167507495,29.633660223597836,34.031052124467934,93.16584299610327,93.16584299610327,93.34500568822187,93.78743119170944,93.34500568822187,93.77119583205233,96.12275483120685,94.64667581948622,96.71450876051841,94.82365968125958,94.55328664296464,94.23850371468626,94.53541886809589,94.9198219145842,94.55328664296464,95.8106971484073,94.9198219145842,96.44789232626697,95.52755165636442,96.06895343111465,96.35435971577282,96.6908899663685,95.67136811952821,96.52672636966724,97.16252818893622,96.06895343111465,97.02668255653384,96.32587782693386,96.22826076331603,96.56726354239127,96.15144845591007,96.71450876051841,97.75513589189404,97.30909038814636,96.88981922594513,96.09703233879257,98.24996260669396,97.02369776386655,96.5011814621714,98.07063599003527,97.78801642255848,97.11858275181636,97.11858275181636,97.59490648415472,97.30909038814636,97.5821545209743,98.07063599003527,97.78801642255848,97.87990978765184,99.28424449233064,101.75998316078517,102.026374198794,99.55449458722055,101.49395412280235,100.85901973755796,101.78983108745813
23.99999725276626,-76.3371106548381,23.999992130124383,-76.33724042843232,-93.63048710496089,41.67252774900022,-93.63170287863316,41.672520918811045,-21.45832335315902,-53.2844401493851,-53.42612559352784,27.24131645736188,27.24131645736188,26.971926966307404,25.46800298088793,26.971926966307404,26.340446949235755,-4.278505201290034,-1.07918290891012,-5.532646180554381,-3.2024631121810625,130.3725744996957,129.52574032564084,32.97694902985987,131.37670793033595,130.3725744996957,151.0468740984073,131.37670793033595,116.22105091683292,148.66238675726416,33.13983879628092,116.10816155023096,33.212358329793524,133.5044074794433,69.35833071943172,107.66392354726332,33.13983879628092,-22.46214601019204,106.24713740772758,115.9729238046647,70.18617696759395,69.10318217279672,-5.532646180554381,33.32084905457001,-15.02122352271155,116.70580310260708,115.82424424681187,70.66588847376062,112.22002172368784,116.27573341132805,77.53656700517321,87.19861407677578,33.2563925593726,33.2563925593726,-7.396028507839641,-15.02122352271155,94.02342105772256,77.53656700517321,87.19861407677578,70.35896709321693,18.8916816970408,41.684408863061456,33.74305378301976,33.50680436981819,16.18071472866562,5.878976045061755,54.16244389171732
52.40372823704698,52.667305237117766,129.69265648857763,129.42462620516798,103.104458087578,103.1455006943006,77.81349702507137,77.77513868269259,92.63685167507495,47.28202892564288,51.61161070843308,86.83416201285307,86.83416201285307,86.65499932073446,86.21257381724689,86.65499932073446,86.22882283728235,83.87725017774949,85.35332918947012,83.28549624843792,85.17634532769674,85.44671153580252,85.76150129427008,85.46458614086045,85.08017626418297,85.44671153580252,84.18930786054904,85.08017626418297,83.55211268268937,84.47243969221357,83.9310447476525,83.64564529318352,83.30911504258782,84.32863688942813,83.47327180909991,82.8374768200201,83.9310447476525,82.9733224524225,83.67412718202247,83.7717442456403,83.43273463637588,83.84855655304627,83.28549624843792,82.24486228687311,82.69091462080998,83.1101857830112,83.90295900978542,81.75004240226238,82.97630724508979,83.49881671659575,81.92937584911023,82.21198858639785,82.88142225713997,82.88142225713997,82.40509852480162,82.69091462080998,82.4178573181712,81.92937584911023,82.21198858639785,82.1200952213045,80.71576051662568,76.99055485273323,77.97363081016232,80.44551042173579,78.50604405596482,79.14099210158754,78.21016709130903
-156.0000043410955,-155.54466294988742,-155.9999087184471,-155.54470393102244,54.90995003976727,54.986263743363814,54.909967115240185,54.98626032826923,150.073271613357,-151.47888356341062,-155.24255002251942,27.742683078292078,27.742683078292078,27.459887633444165,25.74412533091674,27.459887633444165,26.778499424107228,-12.88304134077552,-6.743606276999085,-15.469060243569068,-9.556995347073187,141.38748397039188,139.85752159630903,35.02741279983272,143.16557345664296,141.38748397039188,162.20758078712655,143.16557345664296,132.815200411054,159.6839078510769,36.04928764684208,132.4700163107799,36.501169547235534,146.80032692535693,82.82268946046703,126.42270342343402,36.04928764684208,-37.32352090821049,122.80189720100519,132.02005710863781,83.91062931222334,81.66026639581173,-15.469060243569068,37.295797170369404,-28.759710198538023,134.3942172037559,131.54348748948934,88.54345100359461,130.48183020565924,133.00255249998744,96.42074915450533,106.75577476502926,36.81454545654489,36.81454545654489,-19.4814685318714,-28.759710198538023,113.61656318252366,96.42074915450533,106.75577476502926,87.25223789194955,16.145158471393827,55.00641963160452,41.109747482147846,38.77752133343905,10.609291856645786,-5.714899533272416,74.33659605826556
64
2.104958696236281e-07,2.117814119628747e-07,2.1674610195532296e-07,2.1799479554829304e-07,6.091240720706992e-07,6.072481824048737e-07,6.069280971132684e-07,6.050454430805985e-07,3.0066087219893234e-06,2.5075362941606727e-07,2.1622908263907448e-07,-1.0,-1.0,1.9441145013843197e-06,2.2008193809597287e-06,1.952422053363989e-06,1.2058084166710614e-06,1.5867553884163499e-06,-1.0,1.528840698483691e-06,-1.0,1.7349645986541873e-06,1.6235269413300557e-06,-1.0,1.6151024055943708e-06,1.3944355714556878e-06,1.2665229860431282e-06,1.4948897160138586e-06,1.140824110734684e-06,1.7210236364917364e-06,1.3311860129761044e-06,1.1575800726859597e-06,1.1016226153515163e-06,1.297078142670216e-06,1.1273558584434795e-06,1.027153530230862e-06,1.0523367564019281e-06,1.1626714240264846e-06,1.1809689794972655e-06,1.120383330999175e-06,1.196021344185283e-06,1.1002180144714657e-06,9.510720246908022e-07,-1.0,1.0678220405679895e-06,1.2063385383953573e-06,8.923902896640357e-07,1.0474553846506751e-06,1.1314926950944937e-06,-1.0,-1.0,9.736659194459207e-07,1.011751464830013e-06,9.703968544272357e-07,9.119903552345932e-07,9.448498303754604e-07,9.341628128822776e-07,7.964404176163953e-07,6.050829028936278e-07,6.155456162559858e-07,7.730005791017902e-07,6.451824674513773e-07,6.831226642134425e-07,6.26357007149636e-07
1.3501703506335616e-05,6.012015546730254e-06,2.852572379197227e-06,1.2546425978143816e-06,2.2479227368421562e-07,5.531176157091977e-07,8.385468959204445e-07,2.0712025161628844e-06,9.933150835195192e-08,3.218315924868875e-08,9.97593900819993e-08,0.0,0.0,3.06924152759791e-09,1.78719275489847e-10,6.925369722132757e-10,4.672525699689345e-10,1.925811315972581e-10,0.0,4.025033639720732e-09,0.0,2.276580590709898e-10,2.181216179897305e-10,0.0,2.571884649693601e-10,3.188360242489807e-09,3.182617280828026e-09,1.9897608560803803e-10,5.278145476239615e-09,2.618552041866451e-10,2.862375614309798e-10,4.696715238949878e-10,2.576275015542251e-08,3.6453248752899015e-10,3.338729015478492e-10,6.676716957088047e-09,5.10474551518314e-10,4.686867560721453e-10,1.2861786302664768e-08,5.3868465244022445e-09,3.6414360415903957e-10,3.9686565145302666e-10,3.269099835279121e-08,0.0,6.071766645021626e-09,2.7897381627006723e-10,1.5772881667430738e-08,1.0562107854994451e-09,4.864823544004082e-10,0.0,0.0,9.402144840464643e-09,7.794557776996669e-10,1.3807998078263495e-09,1.3965317791075904e-08,9.89310766641438e-09,9.399146350119736e-09,9.031834724559928e-10,2.263544871539125e-07,6.806422980787374e-09,1.0468118594175735e-09,2.243584518168973e-08,7.832290371823092e-10,3.468325182609533e-09
0.0,3.1388261318206787,-0.07327164709568024,3.0648200511932373,-3.099402666091919,0.04676702246069908,-0.009108123369514942,3.136758804321289,-0.0046194326132535934,-0.7880961894989014,-0.7869061827659607,0.0,0.0,2.3569326400756836,2.304274320602417,-0.8092969655990601,2.3615212440490723,2.3332931995391846,0.0,2.349083423614502,0.0,2.3271474838256836,2.4198074340820312,0.0,2.295241355895996,2.359795570373535,2.3514597415924072,2.2052626609802246,2.3569531440734863,2.3994858264923096,2.311718702316284,2.4061498641967773,2.3541080951690674,2.4184365272521973,-0.8080767393112183,2.353994369506836,-0.8098804950714111,2.361105442047119,2.3511321544647217,2.3502845764160156,2.317638397216797,2.354330539703369,2.355375289916992,0.0,2.3512072563171387,2.3690288066864014,2.3514163494110107,-0.8043044209480286,2.338623046875,0.0,0.0,2.3518316745758057,-0.8046274781227112,-0.8109092712402344,2.3499228954315186,2.353886842727661,2.3551442623138428,2.370504379272461,-0.7198026776313782,-0.7934859395027161,2.3560731410980225,2.3533010482788086,-0.8102279305458069,-0.7962082624435425
127.5962665266256,127.32964326218499,129.69268380933428,129.42017292182913,103.1361638257052,103.17707665883357,102.21568655201925,102.2543727434782,92.63892805258263,29.14153143352008,33.45075242239448,93.34523108446449,94.27936873649044,93.78754730492534,93.34523108446449,93.77140073772743,96.11376630225911,94.64224985690406,96.70309551441532,94.81851654881457,94.56059494537655,94.24492409250607,94.53688052857827,94.92821621707415,94.56059494537655,95.28421250680438,95.81965152640919,94.92821621707415,96.46347198776377,94.27936873649044,95.53605524188109,96.36952273573024,96.69450996662862,95.6820983467143,96.54102195560009,97.18233573752927,97.0095865930413,96.34151896013319,96.2428705379507,96.58190746797179,96.16398868322621,96.70309551441532,97.76028585452823,97.29226080203145,96.9074342838146,96.11107520772613,98.27405951408576,97.04241248219239,96.51700701047832,98.09503342575056,97.81171717897843,97.5791492377395,97.29226080203145,97.60483074901875,98.09503342575056,97.81171717897843,97.90165027977999,99.2791764919665,101.76553610458039,102.04216559615507,99.56316209727729,101.48128412189197,100.83568098116403,101.83127667534177
24.999998418958658,-77.32664797122204,24.999996711411363,-77.32688702784299,-93.87382625452094,41.915603936277215,-93.87382625452094,41.915603936277215,-21.4906250252913,-53.909436609387114,-54.08903984870719,26.971926966307404,32.93654846091924,25.46800298088793,26.971926966307404,26.340446949235755,-4.278505201290034,-1.07918290891012,-5.532646180554381,-3.2024628987376507,130.3725744996957,129.52574032564084,32.97694902985987,131.37670793033595,130.3725744996957,132.37672958709587,151.0468740984073,131.37670793033595,116.22105091683292,32.93654846091924,148.66238675726416,116.10816155023096,33.212358329793524,133.5044074794433,69.35833071943172,107.66392354726332,-22.46214771773933,106.24713740772758,115.9729238046647,70.18617696759395,69.10318217279672,-5.532646180554381,33.32084905457001,-15.02122352271155,116.70580310260708,115.82424424681187,70.66588847376062,112.22002172368784,116.27573341132805,77.53656700517321,87.19861407677578,-7.396028507839641,-15.02122352271155,94.02342105772256,77.53656700517321,87.19861407677578,70.35896709321693,18.891679989493504,41.92768312582438,33.74305378301976,33.50680436981819,16.18071472866562,5.878975618174932,54.16244047662273
52.40372823704698,52.67105159587752,129.6926155074426,129.42085594074612,103.1357745049225,103.17708348902273,77.78422966447788,77.74563226547814,92.63892805258263,47.35211349671638,51.623812841385316,86.65477392449185,85.72062944227672,86.21246453422016,86.65477392449185,86.2286042712289,83.88623187650805,85.35775515205228,83.29691632473018,85.18148846014176,85.4394032333906,85.75508091645027,85.46311765018889,85.07179562207136,85.4394032333906,84.71579250215196,84.18035348254715,85.07179562207136,83.53653302119257,85.72062944227672,84.46394976707523,83.6304822732261,83.30549504232772,84.31790666224202,83.45898305335625,82.81766927142706,82.99041841591503,83.65848604882315,83.75713447100564,83.41809071079538,83.83601632573011,83.29691632473018,82.23971232423892,82.70774420692489,83.0925775553309,83.8889298012302,81.72595232505974,82.95758569657478,83.48299799847801,81.90497841339494,82.18828782997791,82.42085577121684,82.70774420692489,82.39518109012675,81.90497841339494,82.18828782997791,82.09835472917635,80.7208148566115,76.91639265872521,77.95783258261208,80.43684291167905,78.51872088706436,79.16433085798148,78.16872833361457
-155.00001000509226,-154.55424453910055,-154.9999553635789,-154.55423087872222,54.667495399704734,54.743208046654324,54.66748856951557,54.743187556086816,150.1055920685095,-150.5532973082255,-154.25482270626554,27.29582819712775,34.63779148881851,25.55604753438398,27.29582819712775,26.591412005004116,-13.133134693651062,-6.942270866745368,-15.736296517487695,-9.757107083149867,141.47782005235445,139.93747579073317,34.801804821358026,143.26860003008343,141.47782005235445,145.0065143436365,162.3874879698647,143.26860003008343,132.9054408703682,34.63779148881851,159.8492667308829,132.55738809064272,36.150210522018185,146.9311660290977,82.65000178768159,126.48991248486693,-37.489672089960216,122.84362965683397,132.10371326559212,83.74248371523596,81.49308385549733,-15.736296517487695,36.877745196935024,-28.984163875042984,134.49822732443684,131.62329141975175,88.35749227325184,130.56860092887507,133.0944048839458,96.2950258624529,106.70491717646934,-19.76925342990801,-28.984163875042984,113.61102389910678,96.2950258624529,106.70491717646934,87.06724221827974,15.613452150170431,54.763773746245235,40.38099020336958,38.23724653990187,9.918653009851715,-6.270103839674774,73.88981972427668
72
2.104958696236281e-07,2.1179923237468756e-07,2.1674610195532296e-07,2.1801216121275502e-07,6.077479497434979e-07,6.058691042198916e-07,6.055470294086263e-07,6.036613626747567e-07,3.0042151593079325e-06,2.5091830480050703e-07,2.1625849910833495e-07,2.4862822556315223e-06,-1.0,2.3251245693245437e-06,-1.0,-1.0,1.9441163203737233e-06,2.2007325242157094e-06,1.9523715764080407e-06,1.2076203574906685e-06,1.5883158539509168e-06,-1.0,1.530519170955813e-06,-1.0,1.732322516545537e-06,1.6230637811531778e-06,-1.0,1.6124948842843878e-06,-1.0,1.2645471088035265e-06,1.4923247135811835e-06,1.1380648174963426e-06,1.7205677522724727e-06,1.3291170262164087e-06,1.3919144521423732e-06,-1.0,1.1548150951057323e-06,1.1010970411007293e-06,1.2946081824338762e-06,1.1249288718317985e-06,1.0243186352454359e-06,1.2136001714679878e-06,1.0549125590841868e-06,1.1598020819292287e-06,1.178196725959424e-06,1.1179268994965241e-06,1.1936247119592736e-06,1.1021286354662152e-06,9.505134812570759e-07,-1.0,1.0650907142917276e-06,1.2035585541525506e-06,8.898293799575185e-07,1.0446665328345262e-06,1.1287366987744463e-06,-1.0,-1.0,-1.0,1.0351590162827051e-06,9.75720809037739e-07,1.0141048960576882e-06,9.675131877884269e-07,9.09270170268428e-07,9.420001561011304e-07,9.316297564510023e-07,7.969467787916074e-07,6.037024036231742e-07,6.148322313492827e-07,7.723810995230451e-07,6.459651444856718e-07,6.846395308457431e-07,6.242346444196301e-07
1.3501701687346213e-05,5.900783435208723e-06,2.8525721518235514e-06,1.2298911542529822e-06,2.24408438498358e-07,5.526817972167919e-07,8.405214089179935e-07,2.07777679861465e-06,9.986142401885445e-08,3.258805136852061e-08,1.0107875425546808e-07,1.4649025048552033e-10,0.0,1.6367442123854659e-10,0.0,0.0,3.0798854577795964e-09,1.7889191517017622e-10,7.025096615542736e-10,4.658269325830133e-10,1.9302770493112575e-10,0.0,3.992320696255547e-09,0.0,2.2870330629309876e-10,2.1717661002895738e-10,0.0,2.5758170596468233e-10,0.0,3.1788496279716583e-09,1.975080377025762e-10,5.289654492202089e-09,2.615906380398769e-10,2.860756631584138e-10,3.2842414898759387e-10,0.0,4.718194723807301e-10,2.7457959461685277e-08,3.658296721109622e-10,3.306563356453296e-10,6.703874344538008e-09,4.57058307867797e-10,4.941109743583638e-10,4.715225432327941e-10,1.2809109328770774e-08,5.4167670349158925e-09,3.655800107082996e-10,3.9183806199716287e-10,3.533203596362e-08,0.0,6.082903070137036e-09,2.7976607142043974e-10,1.6101363797815793e-08,1.054531684197002e-09,4.892128924183226e-10,0.0,0.0,0.0,5.967866201217475e-10,9.255165522858988e-09,7.536107293759642e-10,1.3922847319491893e-09,1.418752848536542e-08,9.99132332424324e-09,9.534701028712789e-09,8.94078311386437e-10,2.1712723707878467e-07,6.4331522331428914e-09,1.043137909384484e-09,2.1728979504587187e-08,7.083838515775653e-10,3.6141287740321104e-09
0.0,3.138772964477539,-0.07327164709568024,3.0647568702697754,-3.099186420440674,0.04699927195906639,-0.009123926982283592,3.1367547512054443,-0.004535554442554712,-0.7887938618659973,-0.7867600321769714,2.3291780948638916,0.0,2.3039684295654297,0.0,0.0,2.3473145961761475,2.2791547775268555,-0.8157699108123779,2.328843832015991,2.4607224464416504,0.0,2.349078416824341,0.0,2.2618753910064697,2.3437516689300537,0.0,2.3277454376220703,0.0,2.347820997238159,2.463042736053467,2.349883556365967,2.399566888809204,2.3744056224823,2.3452188968658447,0.0,2.361043930053711,2.3544256687164307,2.273359537124634,-0.8376439809799194,2.3526968955993652,2.4213967323303223,-0.7760468125343323,2.3610856533050537,2.35221529006958,2.3526229858398438,2.3352718353271484,2.3621885776519775,2.3560638427734375,0.0,2.350196361541748,2.3611297607421875,2.3538544178009033,-0.8095560669898987,2.3463640213012695,0.0,0.0,0.0,2.3601346015930176,2.353581428527832,-0.8120512962341309,-0.7846207618713379,2.35336971282959,2.3557469844818115,2.3528590202331543,2.3513667583465576,-0.7255979776382446,-0.7988988757133484,2.351599931716919,2.3528268337249756,-0.8361602425575256,-0.7958093285560608
127.5962665266256,127.32581835624978,129.69268380933428,129.41561035546357,103.16701579018614,103.2076144346127,102.24363568610295,102.28290244364135,92.64103175084699,28.64873328490366,32.87013170143004,92.9607733964628,93.1661981659401,93.1661981659401,93.34536085805871,94.28050937808183,93.78754047473616,93.34536085805871,93.77150319056497,96.1045660374471,94.63767363016015,96.69142272112377,94.81321632201865,94.56799204024767,94.25140594202841,94.53817826452057,94.93670614221247,94.56799204024767,95.29381575277742,95.82877665914033,94.93670614221247,96.4792019134223,94.28050937808183,95.54469543118115,95.29381575277742,96.0743629409373,96.38484285003858,96.69772015553852,95.69297883806213,96.55519459812787,97.20231404085155,96.0743629409373,96.99238134652204,96.35726937635924,96.25761691636875,96.59643528033641,96.17641962751564,96.69142272112377,97.76488257183965,97.27524680080894,96.92522692660248,96.12524102006473,98.29804030826168,97.06130478543663,96.53298965313616,98.11941037089834,97.83549306747925,97.12649894106441,97.12649894106441,97.56308463281162,97.27524680080894,97.62762992046825,98.11941037089834,97.83549306747925,97.92327465869225,99.27324105757776,101.77095244459221,102.0563518990612,99.57090070160692,101.46719344163424,100.81137916809712,101.87208705563259
25.99999787760376,-78.31708687257641,25.999999585151052,-78.31851438211295,-94.11818310226731,42.162327444571,-94.11808747961894,42.162327444571,-21.521161093523137,-54.558762203212716,-54.77707895474842,27.549679007820444,27.24131645736188,27.24131645736188,26.971926966307404,32.93654504582466,25.46800298088793,26.971926966307404,26.34044353414117,-4.278505201290034,-1.07918290891012,-5.532646180554381,-3.2024631121810625,130.3725744996957,129.52574032564084,32.97694902985987,131.37670793033595,130.3725744996957,132.37672958709587,151.0468740984073,131.37670793033595,116.22105091683292,32.93654504582466,148.66238675726416,132.37672958709587,33.13983879628092,116.10816155023096,33.212358329793524,133.5044074794433,69.35833071943172,107.66392354726332,33.13983879628092,-22.46214771773933,106.24713740772758,115.9729238046647,70.18617696759395,69.10318217279672,-5.532646180554381,33.32084905457001,-15.02122352271155,116.70580310260708,115.82424424681187,70.66588847376062,112.22002172368784,116.27573341132805,77.53656700517321,87.19861407677578,33.2563925593726,33.2563925593726,-7.396028507839641,-15.02122352271155,94.02342105772256,77.53656700517321,87.19861407677578,70.35896709321693,18.891679989493504,42.174512502050305,33.74305719811435,33.50680436981819,16.18071472866562,5.878976045061755,54.16244047662273
52.40372823704698,52.67473306784016,129.69265648857763,129.41711299708095,103.16604590332399,103.2076144346127,77.75593902093568,77.71709573512581,92.64102492065783,47.42060321861868,51.63573835167615,87.03922478230436,86.83380684301622,86.83380684301622,86.65464415089762,85.71949563087449,86.21246453422016,86.65464415089762,86.22850181839135,83.8954458016984,85.36232454860702,83.30858911802173,85.18678868693769,85.43201296870866,85.74859906692792,85.46182674443577,85.06329886674386,85.43201296870866,84.70618925617892,84.171228349816,85.06329886674386,83.52080309553403,85.71949563087449,84.45530957777518,84.70618925617892,83.92563523782985,83.6151758192961,83.30228485341782,84.30701934070503,83.4448035806393,82.79769096810477,83.92563523782985,83.0076236624343,83.6427356325971,83.74239492277675,83.40356289843076,83.8235853814407,83.30858911802173,82.23512243711669,82.72475820814738,83.07476442197552,83.87475715870244,81.70196470069466,82.93870022351969,83.46702218600934,81.880594638058,82.16451194147709,82.87350606789192,82.87350606789192,82.43691354595553,82.72475820814738,82.37237508848808,81.880594638058,82.16451194147709,82.07672352007492,80.72676395137857,76.84433416298158,77.94365310989514,80.42910430734942,78.53281839751126,79.18862584085922,78.12791795332375
-154.0000020087107,-153.56396273209708,-154.00005665022405,-153.56381246793535,54.42141051409835,54.496494783644295,54.42139002353084,54.496470877982205,150.1411227125719,-149.63066169476184,-153.26762814476692,27.77282299555205,27.433454801356213,27.433454801356213,27.13160654381855,34.425386266009454,25.36792363407432,27.13160654381855,26.404193104759482,-13.378156631067867,-7.137945114295655,-15.997462460781472,-9.953862635023132,141.56558798318912,140.01493013592113,34.575209880548265,143.36899015050426,141.56558798318912,145.11974521969697,162.5655373411486,143.36899015050426,132.9917471407205,34.425386266009454,160.01267217658628,145.11974521969697,35.42076339413375,132.64085300230025,35.79718194948232,147.05932769868383,82.47076396348213,126.5522857723675,35.42076339413375,-37.648614007041,122.88075856516215,132.18347621471952,83.56771966494284,81.31988391852414,-15.997462460781472,36.45686552518425,-29.20098140005587,134.59824861464253,131.69925678370063,88.16238108942126,130.65097301026543,133.18230941856385,96.16086045658635,106.64681958738922,36.057231156846804,36.057231156846804,-20.049332167013553,-29.20098140005587,113.59911887938345,96.16086045658635,106.64681958738922,86.87366099682325,15.084899668796286,54.517361011558684,39.6435585843454,37.69232721772908,9.235682757948277,-6.813095767841148,73.42564689847178
69
2.1049585541277338e-07,2.1181661225000425e-07,2.1674607353361353e-07,2.180290579190114e-07,6.064263402549841e-07,6.045443114999216e-07,6.042205313860904e-07,6.023317382641835e-07,3.065422333747847e-06,2.510801948574226e-07,2.1628740398682567e-07,-1.0,2.3250813683262095e-06,-1.0,-1.0,1.9441786207607947e-06,2.20070455725363e-06,1.9523813534760848e-06,1.2094806152163073e-06,-1.0,1.532246642454993e-06,-1.0,1.729661448734987e-06,1.6226616708081565e-06,-1.0,1.6098674677778035e-06,-1.0,1.2625411045519286e-06,1.4897389064572053e-06,1.1352922228979878e-06,1.7201730315719033e-06,1.389371504956216e-06,-1.0,1.1520368161654915e-06,1.1006388831447111e-06,1.2921157122036675e-06,1.1225350817767321e-06,1.0214755548076937e-06,1.2131592939113034e-06,1.057514282365446e-06,1.1569272828637622e-06,1.1754113984352443e-06,1.1155025276821107e-06,1.191262072097743e-06,1.1040865501854569e-06,9.500252531324804e-07,-1.0,1.0623448361002374e-06,1.2007660643575946e-06,8.872966077433375e-07,1.0418659712740919e-06,1.1259670600338723e-06,-1.0,-1.0,-1.0,1.034689034895564e-06,9.778204912436195e-07,1.0164932291445439e-06,9.646319085732102e-07,9.065694825949322e-07,9.391594630869804e-07,9.291262017541158e-07,7.975282869665534e-07,6.023765877216647e-07,6.142030315459124e-07,7.718375059084792e-07,6.468278002103034e-07,6.862210284452885e-07,6.221621902113839e-07
1.350170532532502e-05,5.792085630673682e-06,2.852573061318253e-06,1.2056397054038825e-06,2.2407276389913022e-07,5.522429091797676e-07,8.425663509115111e-07,2.084087100229226e-06,9.813275880787842e-08,3.2984743825181795e-08,1.0238358782999057e-07,0.0,1.6399505364805833e-10,0.0,0.0,3.0899880432144755e-09,1.777522573576107e-10,7.116219280511871e-10,4.642894679829368e-10,0.0,3.959662819852383e-09,0.0,2.2870536020569432e-10,2.167837992450572e-10,0.0,2.582233316061888e-10,0.0,3.1754243678960847e-09,1.9643679738390318e-10,5.302319472377803e-09,2.613283200947336e-10,3.2944189043426775e-10,0.0,4.74432049202278e-10,2.941684940083178e-08,3.6700650851706484e-10,3.265936132645919e-10,6.73301192577469e-09,4.5556128314139244e-10,4.790002283705519e-10,4.748020865363856e-10,1.2764441947865635e-08,5.446418427368371e-09,3.6732283881235617e-10,3.8771777455259837e-10,3.8494519571941055e-08,0.0,6.095729254695925e-09,2.8056665324349694e-10,1.645087266410883e-08,1.0533136585166858e-09,4.919958329629992e-10,0.0,0.0,0.0,5.95644866763223e-10,9.113083621059559e-09,7.286474201784188e-10,1.405534133525066e-09,1.4422058214336175e-08,1.0094416857953092e-08,9.675222401028805e-09,8.847606536299679e-10,2.0892808549888287e-07,6.075505432079353e-09,1.0391117966079833e-09,2.1073702782814507e-08,6.355984627504085e-10,3.769951906207325e-09
0.0,3.138718366622925,-0.07327164709568024,3.064692974090576,-3.0989773273468018,0.04722459986805916,-0.009139999747276306,3.1367506980895996,-0.004704099614173174,-0.7887044548988342,-0.7867454886436462,0.0,2.4420976638793945,0.0,0.0,2.3514108657836914,2.3447508811950684,-0.8111712336540222,2.3616065979003906,0.0,2.355801820755005,0.0,2.3116211891174316,2.3406190872192383,0.0,2.312084197998047,0.0,2.3466086387634277,2.4062347412109375,2.3514955043792725,2.4152908325195312,2.3452329635620117,0.0,2.338447093963623,2.3545687198638916,2.273488998413086,-0.8184416890144348,2.352994680404663,2.375810146331787,-0.8305744528770447,2.390242338180542,2.352656602859497,2.3499021530151367,2.3864428997039795,2.4225709438323975,2.3563790321350098,0.0,2.352837562561035,2.361142635345459,2.3528547286987305,-0.8082708716392517,2.3386106491088867,0.0,0.0,0.0,2.315304756164551,2.3539276123046875,-0.8004037737846375,-0.8086328506469727,2.3533236980438232,2.3542442321777344,2.354851245880127,2.361011028289795,-0.7306902408599854,-0.7966164350509644,2.3723700046539307,2.35170841217041,-0.8080970644950867,-0.7952524423599243
127.59628018700394,127.32240326166477,129.69268380933428,129.41201767596013,103.19551133940342,103.23708670088129,102.27193999002348,102.31044176637484,92.58826170931948,28.155597041923322,32.28946658423599,93.16625963764264,93.16625963764264,93.34540183919373,94.28149292532233,93.7874175313311,93.34540183919373,93.77148269999746,96.09513354620331,96.67949721083292,94.8077794914393,94.5754574370105,94.25796292363162,94.53930524573362,94.94529852018835,94.5754574370105,95.30352828177718,95.83806571641155,94.94529852018835,96.49510259381009,94.28149292532233,95.30352828177718,96.07658958260673,96.40029956813032,96.70052053309823,95.70399593319337,96.56923746706141,97.22246992909226,96.07658958260673,96.97508730754357,96.373129075612,96.2724998985702,96.61083331910679,96.18871396802166,96.67949721083292,97.76889872307162,97.2580620448572,96.94321764487628,96.13954343618674,98.32189132884336,97.08038833397765,96.5491293901449,98.14375999528943,97.8593509182501,97.12975694129851,97.12975694129851,97.54675365050612,97.2580620448572,97.6505520353228,98.14375999528943,97.8593509182501,97.94476243382111,99.26641086840775,101.7762390110098,102.06888529618817,99.57770357002025,101.4516889122183,100.78616210968143,101.91221441700641
27.00000075134345,-79.30636464177189,26.99999904379616,-79.3088918117648,-94.36849587496994,42.41256508519276,-94.36729376167602,42.41256508519276,-20.94823970330059,-55.233786383790495,-55.49201193064658,27.24131645736188,27.24131645736188,26.971926966307404,32.93654504582466,25.46800298088793,26.971926966307404,26.34044353414117,-4.278504774403211,-5.532646607441205,-3.2024631121810625,130.3725744996957,129.52574032564084,32.97694902985987,131.37670793033595,130.3725744996957,132.37672958709587,151.0468740984073,131.37670793033595,116.22105091683292,32.93654504582466,132.37672958709587,33.13983879628092,116.10816155023096,33.212358329793524,133.5044074794433,69.35833071943172,107.66392354726332,33.13983879628092,-22.46214601019204,106.24713740772758,115.9729238046647,70.18617696759395,69.10318217279672,-5.532646607441205,33.32084563947542,-15.02122352271155,116.70580310260708,115.82424424681187,70.66588847376062,112.22002172368784,116.27573341132805,77.53656700517321,87.19861407677578,33.2563925593726,33.2563925593726,-7.396028507839641,-15.02122352271155,94.02342105772256,77.53656700517321,87.19861407677578,70.35896709321693,18.891679989493504,42.42480478418542,33.74305378301976,33.50680436981819,16.18071472866562,5.878976045061755,54.16244047662273
52.40372823704698,52.678318917154414,129.69268380933428,129.4133700534158,103.19525179221498,103.23707987069213,77.72863875482314,77.68955641239232,92.58826170931948,47.48747418568769,51.6473906544002,86.83375220150286,86.83375220150286,86.6546031697626,85.71851208363401,86.21258064743606,86.6546031697626,86.22852230895887,83.90487146275302,83.32050096793424,85.1922323477062,85.42454757194584,85.74204208532471,85.46069293303354,85.05470648876799,85.42454757194584,84.69647672717916,84.16193246235562,85.05470648876799,83.50490241514625,85.71851208363401,84.69647672717916,83.92342225653877,83.59970544082601,83.29948447585811,84.29600907576297,83.43076754189492,82.77753507986408,83.92342225653877,83.0249108712236,83.62687593334432,83.72750511038613,83.38916485966037,83.81129104093468,83.32050096793424,82.2311062858847,82.74194296409914,83.05678053389087,83.8604615727696,81.67811368011297,82.91961667497868,83.45087561881144,81.85623818347773,82.14065409070624,82.87024806765783,82.87024806765783,82.4532513584502,82.74194296409914,82.34945297363352,81.85623818347773,82.14065409070624,82.05524257513522,80.73358731035941,76.77450913909655,77.931112882579,80.42229460874691,78.54831609673803,79.21383606908573,78.08779059194993
-153.00000767270748,-152.57379020812033,-152.99999401232913,-152.5737082458503,54.17179442069106,54.24622982226586,54.17179442069106,54.24621957698211,149.02453704743655,-148.7108674399929,-152.28093901726686,27.278670761932677,27.278670761932677,26.967316588617646,34.21219215635126,25.179850960183433,26.967316588617646,26.21694688375817,-13.618020921887668,-16.25247781872765,-10.147184309291172,141.65074678176083,140.08987097149452,34.3477509208085,143.4667164971488,141.65074678176083,145.23025768046776,162.7417152405999,143.4667164971488,133.07405092021915,34.21219215635126,145.23025768046776,35.104160220441564,132.72034274386087,35.44233654662724,147.18472997184526,82.28496232749026,126.60971400290896,35.104160220441564,-37.800380810398686,122.91318830334139,132.25929131450667,83.38632350096564,81.14066658489217,-16.25247781872765,36.03346892872433,-29.410166188671266,134.69419911210287,131.77130161906595,87.95803548983281,130.7288508271819,133.26619780194994,96.01813682368976,106.58137271476215,35.67531771431096,35.67531771431096,-20.32164668658008,-29.410166188671266,113.58071151957027,96.01813682368976,106.58137271476215,86.67142592568834,14.559984263155174,54.26730437094994,38.89833030438365,37.14327221601385,8.561123884007708,-7.343564971051127,72.94398878839165
71
2.1049585541277338e-07,2.118336652756625e-07,4.1938910726457834e-06,2.1674607353361353e-07,2.1804554251048103e-07,6.051596983525087e-07,6.03274884269922e-07,4.193572749500163e-06,6.029493988535251e-07,6.010575361869996e-07,3.0629439606855158e-06,2.512391858999763e-07,2.1631578306369192e-07,2.486218591002398e-06,-1.0,2.325096602362464e-06,-1.0,1.9443011751718586e-06,1.952451157194446e-06,1.2113886214137892e-06,-1.0,1.5340220897996915e-06,-1.0,1.7269821910304017e-06,1.6223215197896934e-06,-1.0,1.6072207245088066e-06,-1.0,1.2605052006620099e-06,1.487132749389275e-06,1.1325067816869705e-06,1.7198391333295149e-06,1.3868071846445673e-06,-1.0,1.1492460316731012e-06,1.1002482551702997e-06,1.2896008456664276e-06,1.1201751703993068e-06,1.0186244026044733e-06,1.2127842410336598e-06,1.060141016751004e-06,1.1540473678905983e-06,1.1726139064194285e-06,1.113111352424312e-06,1.1889343340953928e-06,1.1060905080739758e-06,9.496079087512044e-07,-1.0,1.059585201801383e-06,1.1979617511315155e-06,8.847936783240584e-07,1.0390543820903986e-06,1.1231846883674734e-06,1.0805161991811474e-06,-1.0,-1.0,-1.0,1.0342877203584067e-06,9.79963488134672e-07,1.018915327222203e-06,9.617538125894498e-07,9.038895996127394e-07,9.363285471408744e-07,9.266534561902517e-07,7.981843737070449e-07,6.011062509969634e-07,6.136586989669013e-07,7.713703098488622e-07,6.477695251305704e-07,6.878653380226751e-07,6.201415772011387e-07
1.3501703506335616e-05,5.685901669494342e-06,1.0326697008622432e-07,2.852573061318253e-06,1.1818948451036704e-06,2.2378736730388482e-07,5.518036800822301e-07,1.2217961398164334e-07,8.446902484138263e-07,2.0901281914120773e-06,9.778995746501096e-08,3.337367715516848e-08,1.0367357106133568e-07,1.4600895492655752e-10,0.0,1.6295244320563285e-10,0.0,3.099476231227527e-09,7.208087460242041e-10,4.627004057677908e-10,0.0,3.927413949611491e-09,0.0,2.2908444585745258e-10,2.1629245616772153e-10,0.0,2.5877264220319773e-10,0.0,3.172429208220251e-09,1.9654269878266462e-10,5.316294071633365e-09,2.608372962065175e-10,3.3162073087567023e-10,0.0,4.774651785055539e-10,3.1704669112286865e-08,3.673447102059413e-10,3.2271599281763486e-10,6.763855697755616e-09,4.5457265729353935e-10,4.64182942083724e-10,4.773447193073821e-10,1.2727833009762435e-08,5.475971676105473e-09,3.692073036187793e-10,3.82534975917892e-10,4.2339632244647873e-08,0.0,6.110190131636273e-09,2.815724320370805e-10,1.682284533899292e-08,1.0523697469011495e-09,4.951928311847098e-10,8.855774447091846e-10,0.0,0.0,0.0,5.935611446794553e-10,8.975479026673838e-09,7.057514572750279e-10,1.4198607845017364e-09,1.4670050063614326e-08,1.0202007239001887e-08,9.821503610396576e-09,8.752211178020275e-10,2.0162475777851796e-07,5.733619357073394e-09,1.0346195011834425e-09,2.0464016259325035e-08,5.672688430102824e-10,3.936672765547655e-09
0.0,3.1386618614196777,3.137101411819458,-0.07327164709568024,3.0646278858184814,-3.098775625228882,0.04744260758161545,-0.009452215395867825,-0.00915634073317051,3.136746644973755,-0.004699942655861378,-0.7887812852859497,-0.7868661880493164,2.3035829067230225,0.0,2.3193562030792236,0.0,2.354778289794922,-0.7916203141212463,2.3771591186523438,0.0,2.353740692138672,0.0,2.3457043170928955,2.321678400039673,0.0,2.34462308883667,0.0,2.3595118522644043,2.312568426132202,2.3512213230133057,2.336153507232666,2.4500513076782227,0.0,2.3903870582580566,2.3557815551757812,2.337658405303955,-0.7521109580993652,2.3537991046905518,2.333223819732666,-0.8267411589622498,2.353306770324707,2.3526949882507324,2.353595495223999,2.3965258598327637,2.3012239933013916,2.3567824363708496,0.0,2.350909948348999,2.3318581581115723,2.3534717559814453,-0.7888694405555725,2.3976550102233887,-0.7988003492355347,0.0,0.0,0.0,2.333742618560791,2.351984739303589,-0.8341512084007263,-0.8183340430259705,2.353522777557373,2.354241132736206,2.350430488586426,2.351168155670166,-0.7350900769233704,-0.7947681546211243,2.363879919052124,2.3516833782196045,-0.8188799023628235,-0.7942314147949219
127.59628018700394,127.31838711043281,91.89152777246481,129.69268380933428,129.41044673245102,103.22410934145827,103.26544564631519,91.75487617774037,102.2979015390587,102.33694973054365,92.59035857739467,27.66254617630761,31.70935471236471,92.96085535873284,93.16623914707513,93.16623914707513,94.28232620840106,93.78717847471016,93.77134609621407,96.0855029794736,96.66734630429947,94.80219922688741,94.58301162623253,94.26458137693737,94.54026147221742,94.9539865208126,94.58301162623253,95.31336375418199,95.847525528412,94.9539865208126,96.51113987798128,94.28232620840106,95.31336375418199,96.07847471481766,96.4159065503838,96.70291109930773,95.71515646229717,96.58313690202239,97.24279657206222,96.07847471481766,96.9577249666734,96.38909805789149,96.28752631474424,96.62510158428294,96.20087853493345,96.66734630429947,97.77233430822413,97.24072019455454,96.96139277825769,96.15396879571381,98.34559891545247,97.09964263724792,96.56542622150454,96.82589548550298,98.1680686385455,97.88325658034515,97.13252999810153,97.13252999810153,97.53016312101217,97.24072019455454,97.67358343320409,98.1680686385455,97.88325658034515,97.96609994478823,99.25873373578065,101.78136848307648,102.07975212715766,99.58356387232811,101.43481834496838,100.76007078705199,101.9515972877607
28.000001917535847,-80.29726799598983,-24.099408948588504,28.000001917535847,-80.29726799598983,-94.61997661002064,42.66621099021035,-24.09940724104121,-94.62117872331456,42.666214405304935,-20.97674208270705,-55.93556783044179,-56.23536873877575,27.549679007820444,27.24131645736188,27.24131645736188,32.93654846091924,25.46800298088793,26.34044353414117,-4.278505628176857,-5.532645753667558,-3.2024628987376507,130.3725744996957,129.52574032564084,32.97694902985987,131.37670793033595,130.3725744996957,132.37672958709587,151.0468740984073,131.37670793033595,116.22105091683292,32.93654846091924,132.37672958709587,33.13983879628092,116.10816155023096,33.212358329793524,133.5044074794433,69.35833071943172,107.66392354726332,33.13983879628092,-22.46214771773933,106.24713740772758,115.9729238046647,70.18617696759395,69.10318217279672,-5.532645753667558,33.32084563947542,-15.021225230258842,116.70580310260708,115.82424424681187,70.66588847376062,112.22002172368784,116.27573341132805,121.1406585910747,77.53656700517321,87.19861407677578,33.2563925593726,33.2563925593726,-7.396029361613287,-15.021225230258842,94.02342105772256,77.53656700517321,87.19861407677578,70.35896709321693,18.8916816970408,42.67843361373009,33.74305378301976,33.50680436981819,16.18071472866562,5.878975618174932,54.16244047662273
52.40372823704698,52.681829634387796,91.89152777246481,129.69268380933428,129.40980469466905,103.22337168102791,103.26545247650436,88.24512883121596,77.7023630170861,77.66305527841267,92.59035857739467,47.552712737545065,51.65876291936827,87.0391496502235,86.83377269207038,86.83377269207038,85.71767880055528,86.21282653424618,86.22865891274226,83.91450202948273,83.33265870465686,85.19779895187975,85.4169933827238,85.73542363201896,85.45974353673891,85.04601848814373,85.4169933827238,84.68664125477434,84.15247265035515,85.04601848814373,83.48886513097506,85.71767880055528,84.68664125477434,83.92153029413868,83.58409845857254,83.29709390964861,84.28484854665916,83.41686127674478,82.75720843689412,83.92153029413868,83.04228004228294,83.61090012087567,83.7124786942121,83.37490342467339,83.7991196438337,83.33265870465686,82.22767070073219,82.75929164459097,83.03861223069865,83.84603621324253,81.65440609350385,82.90036237170841,83.43457878745178,83.17410952345335,81.83192954022167,82.11674159842202,82.86746818066563,82.86746818066563,82.46984188794417,82.75929164459097,82.32642157575224,81.83192954022167,82.11674159842202,82.03391189435727,80.74127127317568,76.70701320971848,77.92024605160951,80.41644113662822,78.56518666398796,79.23992739171518,78.04840772119563
-151.9999996763259,-151.58375428792698,-170.42597858518772,-152.00001333670423,-151.58369964641363,53.91881445911754,53.99254635120783,-170.42597858518772,53.91880762892838,53.992573671964514,149.0530462570322,-147.79379160051363,-151.2947553237654,27.484824654103882,27.1238730621308,27.1238730621308,33.99833210324899,24.991918305170532,26.029757011817505,-13.852649872708653,-16.501275996981832,-10.337005511609581,141.7332554669346,140.16222999556163,34.11953722516545,143.56169710774702,141.7332554669346,145.33799708443556,162.91593970594857,143.56169710774702,133.15228390697249,33.99833210324899,145.33799708443556,34.78626614099625,132.79576169267614,35.085913370073875,147.30734552782533,82.09259687970602,126.6621152142213,34.78626614099625,-37.94502031135746,122.94086422985828,132.33109026306184,83.1982883931152,80.95545234516894,-16.501275996981832,35.60790374720293,-29.61174556164585,134.7859558734128,131.83937128433428,87.74438034240565,130.80215241735448,133.34598807183403,138.64031358432104,95.86676617130394,106.5084536151831,35.291607932023396,35.291607932023396,-20.58615600747258,-29.61174556164585,113.55569936682969,95.86676617130394,106.5084536151831,86.46048236336166,14.039187461583579,54.01371993763487,38.146224023927694,36.5906006291331,7.8956850201564,-7.861237814851087,72.44481807327962
70
2.104958696236281e-07,2.11850306186534e-07,2.1674610195532296e-07,2.180616860414375e-07,6.039492177478678e-07,6.020612772772438e-07,4.192628693999723e-06,6.01734484462213e-07,5.998394385642314e-07,3.0604403491452103e-06,2.5139524950645864e-07,2.1634359370636957e-07,2.486273842805531e-06,-1.0,2.325170271433308e-06,-1.0,-1.0,1.944483528859564e-06,2.2008259747963166e-06,1.952580987563124e-06,1.2133426707805484e-06,-1.0,1.5358447171820444e-06,-1.0,1.7242849708054564e-06,1.622043214410951e-06,-1.0,1.6045553365984233e-06,-1.0,1.258439965567959e-06,1.484506810811581e-06,1.129709175984317e-06,1.7195665122926584e-06,-1.0,1.3842221733284532e-06,-1.0,1.1464435374364257e-06,1.0999257256116834e-06,1.287064606003696e-06,1.117850956688926e-06,1.0157663155041519e-06,1.2124752402087324e-06,1.062790943251457e-06,1.151163473878114e-06,1.1698049320330028e-06,1.1107543969046674e-06,1.186642862194276e-06,1.1081391448897193e-06,9.492616754869232e-07,-1.0,1.0568124935161904e-06,1.1951460692216642e-06,8.823216148812207e-07,1.036232674778148e-06,1.1203900385226007e-06,1.0778037449199473e-06,-1.0,-1.0,9.821484354688437e-07,1.0213697123617749e-06,9.58879923018685e-07,9.012318287204835e-07,9.335085451311897e-07,9.242127134712064e-07,7.989143568920554e-07,5.998919618832588e-07,6.132003136372077e-07,6.487887844741635e-07,6.895709248055937e-07,6.18174681221717e-07
1.3501701687346213e-05,5.582387984759407e-06,2.852571924449876e-06,1.1586670325414161e-06,2.235528029359557e-07,5.513664973477717e-07,1.2179320663108228e-07,8.468966257169086e-07,2.095897571052774e-06,9.745372864244928e-08,3.3754847805766985e-08,1.0494812130446007e-07,1.4716976248774216e-10,0.0,1.6235683630849707e-10,0.0,0.0,3.108735491252901e-09,1.775238983592331e-10,7.302646820583902e-10,4.6102563433514376e-10,0.0,3.895101574613591e-09,0.0,2.3056083431338692e-10,2.1565423058422795e-10,0.0,2.597223824896133e-10,0.0,3.1701528069305596e-09,1.9664635197980118e-10,5.331640018368944e-09,2.614962968383594e-10,0.0,3.3183258918434433e-10,0.0,4.799499131458163e-10,3.441431672968065e-08,3.6956471216598175e-10,3.191333586283207e-10,6.796933238462088e-09,4.5346057464534795e-10,4.506469086784648e-10,4.803256681285006e-10,1.2699039153574176e-08,5.504848576975974e-09,3.7047004353141233e-10,3.7741243463784713e-10,4.711625578579515e-08,0.0,6.126301688169633e-09,2.8241392557859513e-10,1.721946318866685e-08,1.0522774873678031e-09,4.976390965971689e-10,8.811205653991294e-10,0.0,0.0,8.84242989940276e-09,6.823330234162484e-10,1.4339190945733549e-09,1.49323078346697e-08,1.0314511023068462e-08,9.973248005223923e-09,8.656684813423965e-10,1.9508354398567462e-07,5.407176040250761e-09,1.989494791132529e-08,5.017838367038507e-10,4.115462193254871e-09
0.0,3.138603925704956,-0.07327163964509964,3.064560890197754,-3.0985822677612305,0.0476529598236084,-0.009451579302549362,-0.009172886610031128,3.1367428302764893,-0.004695683717727661,-0.7892581224441528,-0.786766529083252,2.514641761779785,0.0,2.3760361671447754,0.0,0.0,2.354206085205078,2.278409481048584,-0.7884108424186707,2.3615689277648926,0.0,2.356391668319702,0.0,2.44490909576416,2.3352818489074707,0.0,2.4105684757232666,0.0,2.3601813316345215,2.4350929260253906,2.353236198425293,2.455227851867676,0.0,2.4097208976745605,0.0,2.3238840103149414,2.355825424194336,2.2737982273101807,-0.8608020544052124,2.352993965148926,2.3793210983276367,-0.8493288159370422,2.368974208831787,2.3529884815216064,2.355792284011841,2.3788371086120605,2.396733283996582,2.3578028678894043,0.0,2.3509082794189453,2.368983745574951,2.354931592941284,-0.7915762662887573,2.3609001636505127,-0.7927803993225098,0.0,0.0,2.351161479949951,-0.806309163570404,-0.7807009816169739,2.352863073348999,2.3529090881347656,2.352921962738037,2.3333160877227783,-0.7386511564254761,-0.8000046610832214,2.352257490158081,-0.8043693900108337,-0.7997291684150696
127.5962665266256,127.31513594038788,129.69267014895595,129.40729118505448,103.25120470189572,103.29267078034687,91.7552791589014,102.3220667483422,102.36239901539112,92.59248276622655,27.169947810724416,31.130212727355577,92.96078705684114,93.16613669423758,93.16613669423758,93.34521742408614,94.28300922731806,93.78682330487332,93.34521742408614,93.77110020940394,96.07566067687961,96.65496317133424,94.79648918874128,94.59064094753543,94.27126130194564,94.5410401137828,94.96277014408524,94.59064094753543,95.3233153398027,95.85715609514173,94.96277014408524,96.52734108669256,94.28300922731806,95.72646042537353,95.3233153398027,96.08002516775925,96.43165013642067,96.70488502397787,95.72646042537353,96.59687924263245,97.26328030938309,96.08002516775925,96.94028749372235,96.40517632319771,96.30268250451249,96.63922641548653,96.21289966787268,96.65496317133424,97.77518249710803,97.22322124990096,96.97974549655751,96.16851709864594,98.36914940771068,97.1190745254366,96.58187331702594,96.84315537353561,98.19232947047739,97.90722371414272,97.51331304432975,97.22322124990096,97.69671728392292,98.19232947047739,97.90722371414272,97.98727353121527,99.25019599931814,101.78633403060309,102.08891824102382,101.41660906064112,100.73313935115462,101.99019468676045
28.999996253539074,-81.28787765207346,28.99999966863366,-81.28559636889068,-94.87755670400016,42.92313880112414,-24.0617592383361,-94.87864270407819,42.92314221621872,-21.004474358284597,-56.665568203649,-57.007525039540276,27.549679007820444,27.24131645736188,27.24131645736188,26.971926966307404,32.93654846091924,25.46800298088793,26.971926966307404,26.34044353414117,-4.278505201290034,-5.532646180554381,-3.2024628987376507,130.3725744996957,129.52574032564084,32.97694902985987,131.37670793033595,130.3725744996957,132.37672958709587,151.0468740984073,131.37670793033595,116.22105091683292,32.93654846091924,133.5044074794433,132.37672958709587,33.13983538118633,116.10816155023096,33.212358329793524,133.5044074794433,69.35833071943172,107.66392354726332,33.13983538118633,-22.46214601019204,106.24713740772758,115.9729238046647,70.18617696759395,69.10318217279672,-5.532646180554381,33.32084905457001,-15.021225230258842,116.70580310260708,115.82424424681187,70.66588847376062,112.22002172368784,116.27573341132805,121.1406585910747,77.53656700517321,87.19861407677578,-7.396028507839641,-15.021225230258842,94.02342105772256,77.53656700517321,87.19861407677578,70.35896709321693,18.891679989493504,42.93526580199549,33.74305719811435,16.18071472866562,5.878975618174932,54.16244047662273
52.40372823704698,52.68526180444573,129.69273845084766,129.4063759397057,103.25037141881697,103.29267761053603,88.24472585005493,77.67714595867041,77.63759916337604,92.59248276622655,47.616301798717885,51.66984148620203,87.0392179521152,86.83386831471876,86.83386831471876,86.65478758487019,85.71700261182744,86.21318170408301,86.65478758487019,86.22890479955238,83.92433750188755,83.34504183762209,85.20351582021505,85.40935723123172,85.72873687682153,85.45896489517352,85.0372348648711,85.40935723123172,84.67668283896445,84.14284208362544,85.0372348648711,83.47266392226378,85.71700261182744,84.27354458358279,84.67668283896445,83.91997301100791,83.56834804234649,83.2951131547893,84.27354458358279,83.40311893613472,82.73671786938408,83.91997301100791,83.05971751523398,83.59482868575863,83.6973088440655,83.36078542365897,83.78710534108366,83.34504183762209,82.2248225118483,82.77678375905538,83.02025951239882,83.83148108012124,81.63085560124566,82.88093048351972,83.4181316919304,83.15684963542073,81.80768236866811,82.09278812500278,82.48669879481577,82.77678375905538,82.30328772503341,81.80768236866811,82.09278812500278,82.01272464755189,80.7498090096382,76.64197614844161,77.91107993774335,78.58339594831521,79.26685882761254,78.00981032219589
-151.00000534032267,-150.59385497151703,-151.000019000701,-150.5938003300037,53.6625833274991,53.735608295010294,-170.3883305824826,53.66256966712076,53.73564927614531,149.08077682506246,-146.879352214054,-150.30904974350585,27.34083743621084,26.96913171138958,26.96913171138958,26.638818640485884,33.783911974634776,24.804228121873166,26.638818640485884,25.842727649322338,-14.0819692052236,-16.74378698610501,-10.523251963671136,141.81307305757537,140.23197988736578,33.8907088124971,143.65391832192051,141.81307305757537,145.44290879008693,163.0881970768163,143.65391832192051,133.2263504783321,33.783911974634776,147.42710606473233,145.44290879008693,34.467299721851234,132.86705520723274,34.72816513682153,147.42710606473233,81.8936676201294,126.70935280252111,34.467299721851234,-38.0825837363361,122.9637043824428,132.398791098115,83.00360751120233,80.76425485973277,-16.74378698610501,35.180494414605626,-29.805726349168797,134.873464257059,131.90335649647898,87.5213336848697,130.87076849775644,133.42159826594607,138.74451495029876,95.70663238621299,106.42793934524698,-20.842824271197905,-29.805726349168797,113.5239663079458,95.70663238621299,106.42793934524698,86.24078249851904,13.522977985813295,53.75672723992397,37.38820279965051,7.2400466239904135,-8.365867558657262,71.92812109275732
73
2.104958696236281e-07,2.118664781391999e-07,4.191710559098283e-06,2.1674610195532296e-07,2.1807746009017137e-07,6.0279546687525e-07,6.009044000165886e-07,4.191640982753597e-06,6.005763566463429e-07,5.986783548905805e-07,3.0579119538742816e-06,2.515481583031942e-07,2.1637085012571333e-07,2.486386847522226e-06,-1.0,2.3253026029124158e-06,-1.0,-1.0,1.9447259091975866e-06,2.2009751319274073e-06,1.9527710719557945e-06,1.2153424222560716e-06,-1.0,1.5377137287941878e-06,-1.0,1.7215709249285283e-06,1.621826754671929e-06,-1.0,1.6018717587940046e-06,-1.0,1.2563456266434514e-06,1.4818615454714745e-06,1.1269002015978913e-06,1.719355168461334e-06,-1.0,1.3816171531289e-06,-1.0,1.1436297882028157e-06,1.0996712944688625e-06,1.2845068795286352e-06,1.1155633501402917e-06,1.0129017482540803e-06,1.2122327461838722e-06,1.0654634934326168e-06,1.1482761692604981e-06,1.1669851573969936e-06,1.1084330253652297e-06,1.1843887932627695e-06,1.1102316648248234e-06,9.4898689440015e-07,-1.0,1.0540271659920109e-06,1.1923200418095803e-06,8.798818953437149e-07,1.0334013040846912e-06,1.1175836789334426e-06,1.0750759429356549e-06,-1.0,-1.0,-1.0,1.0336934792576358e-06,9.843743100645952e-07,1.0238553613817203e-06,9.560111493556178e-07,8.985973636299605e-07,9.307007076131413e-07,9.218055083692889e-07,7.997173270268831e-07,5.987344025015773e-07,6.128284439910203e-07,6.498845550595433e-07,6.913362540217349e-07,6.162635486361978e-07
1.3501701687346213e-05,5.481683729158249e-06,1.1668154087374205e-07,2.852572379197227e-06,1.1359584277670365e-06,2.2337148664064443e-07,5.5093346418289e-07,1.2141545369104279e-07,8.491822427458828e-07,2.1013925106672104e-06,9.712631054981102e-08,3.412793248003254e-08,1.062068122337223e-07,1.4528001024416426e-10,0.0,1.6212607645282873e-10,0.0,0.0,3.1172757708475274e-09,1.7697432408425584e-10,7.397853996060633e-10,4.5936604520235846e-10,0.0,3.863254605107613e-09,0.0,2.3025104045615308e-10,2.1511664671791664e-10,0.0,2.605657078991186e-10,0.0,3.168154849575444e-09,1.9792420480335693e-10,5.348280929240445e-09,2.5972066164392515e-10,0.0,3.3272359867275725e-10,0.0,4.827607757995622e-10,3.767364020745845e-08,3.6991365526262143e-10,3.145133042892212e-10,6.831823995412378e-09,4.5220202582463287e-10,4.3646400382790773e-10,4.83299622544564e-10,1.2677668692617772e-08,5.533850266914442e-09,3.718282348685875e-10,3.7264361041344785e-10,5.32243937811927e-08,0.0,6.143931141622261e-09,2.8355481851427555e-10,1.764383661395641e-08,1.0527448912611703e-09,5.00575525475e-10,8.774488358120891e-10,0.0,0.0,0.0,5.897329846682453e-10,8.713421983941316e-09,6.605456737140969e-10,1.4496243094797023e-09,1.5210144255206615e-08,1.0431886465767093e-08,1.0130892569293337e-08,8.558505570910313e-10,1.8923032030215836e-07,5.094573651831524e-09,1.9362472514217188e-08,4.4015224798243935e-10,4.306719869617837e-09
0.0,3.1385440826416016,3.1319682598114014,-0.07327164709568024,3.0644924640655518,-3.0983970165252686,0.04785526543855667,-0.009450938552618027,-0.009189496748149395,3.1367392539978027,-0.004691199399530888,-0.7880606651306152,-0.7867937684059143,2.303454637527466,0.0,2.401754379272461,0.0,0.0,2.3502073287963867,2.2468795776367188,-0.7806020379066467,2.3615305423736572,0.0,2.3508498668670654,0.0,2.361323118209839,2.321262836456299,0.0,2.295680046081543,0.0,2.3550777435302734,2.500046491622925,2.3491928577423096,2.360215902328491,0.0,2.3621346950531006,0.0,2.323892593383789,2.3580782413482666,2.3695225715637207,-0.8545650243759155,2.350886583328247,2.3950395584106445,-0.7911669015884399,2.3611159324645996,2.3536500930786133,2.355194091796875,2.36089825630188,2.3970844745635986,2.359467029571533,0.0,2.3537628650665283,2.33176851272583,2.351212501525879,-0.7888359427452087,2.3609001636505127,-0.8124642372131348,0.0,0.0,0.0,2.3788866996765137,2.3541417121887207,-0.7857387065887451,-0.7833828926086426,2.3528642654418945,2.354022979736328,2.3547890186309814,2.3711531162261963,-0.7419878244400024,-0.7906454801559448,2.3526742458343506,-0.835922360420227,-0.7993931770324707
127.5962665266256,127.31228092131481,91.75565481930576,129.69268380933428,129.40301548663405,103.27683840185077,103.31873478221964,91.7556889702516,102.3475092030005,102.38675546997139,92.59462061543677,26.678283473510216,30.552508497166727,92.96065728324692,93.16595910931916,93.16595910931916,93.34499202784353,94.28353515188415,93.78634519163141,93.34499202784353,93.77073137918876,96.06562712898887,96.64236147231557,94.79064254681175,94.59834540091921,94.27800952884562,94.54164800061893,94.97164939000626,94.59834540091921,95.33338986882848,95.86696424678986,94.97164939000626,96.54367889918723,94.28353515188415,95.73789416204414,95.33338986882848,96.08124777162068,96.4475439866193,96.70644230710863,95.73789416204414,96.61047814926995,97.2839348014332,96.08124777162068,96.92279537925795,96.42134338096312,96.31798212825332,96.65318732215003,96.22477053665015,96.64236147231557,97.77745011991247,97.20559253165315,96.99828262996493,96.18320200536147,98.39252231505047,97.13868399854371,96.59847750689823,96.86059967667582,98.21650834013924,97.93123182907532,97.13665543236021,97.13665543236021,97.49622391102638,97.20559253165315,97.71995358747931,98.21650834013924,97.93123182907532,98.00826953272389,99.24082497977687,101.79111516302208,102.09636314721912,101.39710204037156,100.70541561331355,102.0279246517356
30.000000834826057,-82.27668413821621,-27.88474759793376,30.000000834826057,-82.27676610048624,-95.1386406850239,43.183228989623636,-24.024326386589845,-95.13733611889242,43.18323240471822,-21.031426284749468,-57.42501352236813,-57.81069381423124,27.549679007820444,27.24131645736188,27.24131645736188,26.971926966307404,32.93654846091924,25.46800298088793,26.971926966307404,26.34044524168846,-4.278504774403211,-5.532646180554381,-3.2024631121810625,130.3725744996957,129.52574032564084,32.97694902985987,131.37670793033595,130.3725744996957,132.37672958709587,151.0468740984073,131.37670793033595,116.22105091683292,32.93654846091924,133.5044074794433,132.37672958709587,33.13983879628092,116.10816155023096,33.212358329793524,133.5044074794433,69.35833071943172,107.66392354726332,33.13983879628092,-22.46214601019204,106.24713740772758,115.9729238046647,70.18617696759395,69.10318217279672,-5.532646180554381,33.32084905457001,-15.021225230258842,116.70580310260708,115.82424424681187,70.66588847376062,112.22002172368784,116.27573341132805,121.1406585910747,77.53656700517321,87.19861407677578,33.25638914427802,33.25638914427802,-7.396028507839641,-15.021225230258842,94.02342105772256,77.53656700517321,87.19861407677578,70.35896709321693,18.8916816970408,43.19518182067116,33.74305378301976,16.18071472866562,5.878976045061755,54.16244047662273
52.40372823704698,52.68859835185528,88.24435018965058,129.6926155074426,129.40300182625572,103.2761963640688,103.31874844259796,88.24430920851556,77.65301490033276,77.61324953898495,92.59462061543677,47.678224293733216,51.68063318509065,87.03934772570942,86.83405272982634,86.83405272982634,86.6550129811128,85.71646985707218,86.21365298713575,86.6550129811128,86.22927362976756,83.93437787996747,83.35764353664077,85.20935563195542,85.40165960803712,85.72199548011072,85.45835017814822,85.02834878876091,85.40165960803712,84.6666288005062,84.13304759235564,85.02834878876091,83.45632610976911,85.71646985707218,84.26210401672303,84.6666288005062,83.91875723733565,83.55245419214788,83.2935627018477,84.26210401672303,83.38952685968638,82.71607020752313,83.91875723733565,83.07720279950921,83.57866162799321,83.68202288070302,83.34681768680629,83.77523447230618,83.35764353664077,82.22255488904386,82.79441247730317,83.0017223789914,83.8167961734057,81.6074758637167,82.86131418022345,83.4015275020581,83.13940533228052,81.7834966688171,82.06877317988102,82.86334957659611,82.86334957659611,82.50378109792996,82.79441247730317,82.28005142147703,81.7834966688171,82.06877317988102,81.99173547623245,80.75918002917946,76.57947308734683,77.9036418617372,78.60290296858477,79.29458939564279,77.97206669684239
-149.99999734394112,-149.6040649381338,-170.32247389850534,-149.99995636280607,-149.60403761737712,53.40321372395704,53.47557957821332,-170.35090114583093,53.403203478673284,53.47556933292957,149.10772875152733,-145.96743999758723,-149.32380861610986,27.196945840966183,26.814509888958828,26.814509888958828,26.474762619264055,33.56903763844076,24.61686408010867,26.474762619264055,25.65594246609,-14.305914032635393,-16.97996126722571,-10.705866462641534,141.8901449121698,140.29906600539366,33.66137838092475,143.74331183777764,141.8901449121698,145.5449381559086,163.258405390933,143.74331183777764,133.29616867202796,33.56903763844076,147.54394328067457,145.5449381559086,34.14744879320871,132.93412766488228,34.369337733680325,147.54394328067457,81.68818820913874,126.75137212629502,34.14744879320871,-38.213135972131724,122.98161313844656,132.46231185739612,82.8022876854162,80.56707412858368,-16.97996126722571,34.75157902529634,-29.992142702185955,134.9566286403931,131.96321627436495,87.28884087571164,130.9346171061177,133.4929737427727,138.84476846693622,95.5376261853902,106.33970696154876,34.51991608412243,34.51991608412243,-21.09162074190479,-29.992142702185955,113.48537573913524,95.5376261853902,106.33970696154876,86.01227851983626,13.011796383045786,53.49644922122229,36.625243348603405,6.594827254516458,-8.85725356566278,71.39393199777062
73
2.104958838344828e-07,2.1188230903135263e-07,4.190676918369718e-06,2.1674610195532296e-07,2.1809277939155436e-07,6.016987867951684e-07,5.998047640787263e-07,5.994756406835222e-07,5.975746262265602e-07,2.5169794071189244e-07,2.1639752390001377e-07,2.486558059899835e-06,-1.0,2.325493142052437e-06,-1.0,-1.0,1.9450285435596015e-06,2.2011834062141133e-06,1.953021182998782e-06,1.2173860568509554e-06,-1.0,1.5396279877677443e-06,-1.0,1.718840167086455e-06,1.6216725953199784e-06,-1.0,1.5991709005902521e-06,-1.0,1.2542225249490002e-06,1.4791979765504948e-06,1.1240806543355575e-06,1.7192052155223791e-06,-1.0,1.3789924651064212e-06,-1.0,1.1408055797801353e-06,1.1438805813668296e-06,1.0994851891155122e-06,1.2819285757359467e-06,1.1133138286822941e-06,1.0100316103489604e-06,1.2120566452722414e-06,1.0681571893655928e-06,1.1453863635324524e-06,1.1641550372587517e-06,1.1061487157348893e-06,1.1821732641692506e-06,1.1123667036372353e-06,9.487838497079792e-07,-1.0,1.0512300150367082e-06,1.1894841236426146e-06,8.774759976404312e-07,1.0305609521310544e-06,1.1147666327815386e-06,1.0723337027229718e-06,-1.0,-1.0,-1.0,1.0335007800676976e-06,9.866394066193607e-07,1.0263709100399865e-06,9.531484579383687e-07,8.959875117398042e-07,9.279059440814308e-07,9.194330914397142e-07,8.005928862075962e-07,5.976343686597829e-07,6.125437153059465e-07,7.704322797508212e-07,6.510553021144005e-07,6.931593361514388e-07,6.144102826510789e-07
1.3501703506335616e-05,5.383819825510727e-06,1.162688718636673e-07,2.852572379197227e-06,1.1138120044051902e-06,2.2324522319649986e-07,5.505076501322037e-07,8.515557397004159e-07,2.1066100543976063e-06,3.449327934390567e-08,1.0744848566446308e-07,1.453615977586864e-10,0.0,1.6165832561476634e-10,0.0,0.0,3.1251772281137846e-09,1.7568772825438117e-10,7.493757281373803e-10,4.576054812854835e-10,0.0,3.8315772776797985e-09,0.0,2.311390384646117e-10,2.1462634447466655e-10,0.0,2.616785399478516e-10,0.0,3.1665328137364668e-09,1.96275926067635e-10,5.366355804170553e-09,2.602660864603479e-10,0.0,3.33909816463418e-10,0.0,4.853925594794362e-10,5.682356363223562e-09,4.1673988704360454e-08,3.71508379615193e-10,3.0908617332237043e-10,6.8686953902385994e-09,4.507756945493213e-10,4.254410157500388e-10,4.872557357593621e-10,1.266395877053128e-08,5.562213356569146e-09,3.737170573003823e-10,3.6764793986954203e-10,6.13008239724877e-08,0.0,6.163350718679794e-09,2.8461716317096375e-10,1.8097750853485195e-08,1.0543296236065203e-09,5.036255856794014e-10,8.736102397044476e-10,0.0,0.0,0.0,5.874735697908307e-10,8.588649791363423e-09,6.401637553388184e-10,1.4669200298911278e-09,1.5504173944691502e-08,1.0554502161141954e-08,1.0295226005041513e-08,8.464038914191008e-10,1.8397361145616742e-07,4.79656803165085e-09,1.019431317139663e-09,1.8862499118199594e-08,3.8083983189274306e-10,4.511836682041803e-09
0.0,3.138482093811035,3.1319656372070312,-0.07327163964509964,3.0644218921661377,-3.098220109939575,0.04804923012852669,-0.009206288494169712,3.1367359161376953,-0.7885450720787048,-0.7866582870483398,2.277522563934326,0.0,2.4176008701324463,0.0,0.0,2.360192060470581,2.3605599403381348,-0.8155578970909119,2.344700813293457,0.0,2.353238105773926,0.0,2.4109339714050293,2.4006192684173584,0.0,2.263465642929077,0.0,2.3513340950012207,2.390878200531006,2.354588031768799,2.2644217014312744,0.0,2.321350336074829,0.0,2.3464016914367676,2.354999303817749,2.3588907718658447,2.3218188285827637,-0.8206401467323303,2.3530030250549316,2.3717293739318848,-0.8677619695663452,2.420121192932129,2.35138201713562,2.354495048522949,2.3970134258270264,2.370173931121826,2.3627429008483887,0.0,2.348966121673584,2.3317739963531494,2.352590560913086,-0.817787230014801,2.3465542793273926,-0.7894437313079834,0.0,0.0,0.0,2.3790290355682373,2.3509931564331055,-0.815883994102478,-0.8084171414375305,2.3527708053588867,2.353524923324585,2.350801944732666,2.3996121883392334,-0.744820773601532,-0.8006830215454102,2.3385725021362305,2.353041172027588,-0.8184476494789124,-0.7990771532058716
127.5962665266256,127.30822378894783,91.7560987816018,129.69267014895595,129.39960039204905,103.30196666780725,103.34361033117682,102.37022641217996,102.40999177352778,26.187886136387057,29.976795267120938,92.96045237757181,93.1656995621307,93.1656995621307,93.34467100895255,94.28391081228851,93.7857577953628,93.34467100895255,93.7702464357577,96.05540916599053,96.62956169781096,94.78466613128799,94.60612498638386,94.28481922744811,94.54208513272582,94.98063108876482,94.60612498638386,95.34356002050262,95.87692266259975,94.98063108876482,96.56016697584363,94.28391081228851,95.74947816287649,95.34356002050262,96.08213569621279,96.46357444060132,96.44612330727193,96.70758294870002,95.74947816287649,96.62389264079985,97.30473955764506,96.08213569621279,96.90525545346935,96.43761972175527,96.33339786521005,96.66699113446263,96.23648431107672,96.62956169781096,97.77912351625913,97.1878408700003,97.01700417847994,96.19800302529288,98.41570397709349,97.15846422638008,96.61522513074311,96.87822839492362,98.24061207772021,97.95527409495377,97.13799414943755,97.13799414943755,97.47890938148039,97.1878408700003,97.74328551368407,98.24061207772021,97.95527409495377,98.02906745874658,99.23063433753522,101.79572554071184,102.10208001555444,99.59533911845722,101.37633826529472,100.67692689428542,102.06475303174031
31.00000200101845,-83.26684983200379,-27.9222521666663,30.999995170829283,-83.26684983200379,-95.39836545840281,43.4463347066417,-95.39955391131839,43.44633129154711,-58.21550546595956,-58.64640161012815,27.549679007820444,27.24131645736188,27.24131645736188,26.971926966307404,32.93654846091924,25.46800298088793,26.971926966307404,26.340446949235755,-4.278505628176857,-5.532646180554381,-3.2024631121810625,130.3725744996957,129.52574032564084,32.97694902985987,131.37670793033595,130.3725744996957,132.37672958709587,151.0468740984073,131.37670793033595,116.22105091683292,32.93654846091924,133.5044074794433,132.37672958709587,33.13983879628092,116.10816155023096,135.5423583428567,33.212358329793524,133.5044074794433,69.35833071943172,107.66392354726332,33.13983879628092,-22.46214771773933,106.24713740772758,115.9729238046647,70.18617696759395,69.10318217279672,-5.532646180554381,33.32084563947542,-15.02122352271155,116.70580310260708,115.82424424681187,70.66588847376062,112.22002172368784,116.27573341132805,121.1406585910747,77.53656700517321,87.19861407677578,33.25638914427802,33.25638914427802,-7.396028507839641,-15.02122352271155,94.02342105772256,77.53656700517321,87.19861407677578,70.35896709321693,18.8916816970408,43.45806214144661,33.74305378301976,33.50680436981819,16.180716436212915,5.878975618174932,54.16244047662273
52.40372823704698,52.69185635208938,88.24390622735453,129.69269746971264,129.39968235431908,103.30083285640502,103.34361033117682,77.62998350245148,77.58999957505021,47.738463147118146,51.69113460093954,87.03955263138452,86.8343122770148,86.8343122770148,86.65532716981463,85.71609419666783,86.21424038340437,86.65532716981463,86.2297654033878,83.94459584296581,83.37044331114537,85.21533204747918,85.39387319238331,85.71518578150821,85.45791987623052,85.01937392019151,85.39387319238331,84.65644498845371,84.12308234635658,85.01937392019151,83.43984486330187,85.71609419666783,84.25052684607985,84.65644498845371,83.91786931274355,83.53643056835502,83.55387487149524,83.29242206025631,84.25052684607985,83.37611236815648,82.6952586211221,83.91786931274355,83.09474955548697,83.56238528720107,83.66660031355713,83.33300704430454,83.7635206978796,83.37044331114537,82.2208814926972,82.81216413895604,82.9830008304764,83.80200198366346,81.58430103186285,82.84154078257626,83.38477987821322,83.12177661403271,81.75939293123612,82.04473091400257,82.86201085951879,82.86201085951879,82.52108879728678,82.81216413895604,82.25671949527226,81.75939293123612,82.04473091400257,81.97093755020975,80.76937067142111,76.51962013965002,77.89793182359108,80.40466589049912,78.62366674366162,79.32308494486008,77.93525197721603
-149.0000030079379,-148.6143841877773,-170.28526302790712,-148.9999073852895,-148.61443882929066,53.14086274284226,53.212443125343995,53.140832006991,53.2124636159115,-145.05797298884337,-148.33901828119906,27.053207924977848,26.66008614201401,26.66008614201401,26.310943947115884,33.353832038072,24.429925217620006,26.310943947115884,25.46949708476887,-14.524424590788795,-17.20974932147245,-10.884785829270959,141.9644163892045,140.36347468926687,33.43167228894805,143.82982301380503,141.9644163892045,145.64404420076548,163.42656464829872,143.82982301380503,133.36168384654673,33.353832038072,147.65782985489537,145.64404420076548,33.82693533621669,132.996910763733,151.14241478451743,34.00968729274414,147.65782985489537,81.47617913730154,126.78803658175966,33.82693533621669,-38.33673166025769,122.9945221959779,132.52157057863516,82.594335745946,80.36395113285667,-17.20974932147245,34.321509334017314,-30.17102535654859,135.03535340076664,132.01888231610056,87.0468472734181,130.9935889594116,133.5600052192872,138.940978511585,95.35965877637635,106.2436471810617,34.132507754399306,34.132507754399306,-21.332530051667604,-30.17102535654859,113.43982520756042,95.35965877637635,106.2436471810617,85.77494310655666,12.506083200482516,53.233036145691585,35.85835995387813,34.916295867320365,5.960622418852795,-9.335219958496518,70.8423259204004
72
2.104958696236281e-07,2.1189767096529977e-07,2.1674610195532296e-07,2.1810771499986004e-07,6.00660428062838e-07,5.987630515846831e-07,5.984333029118716e-07,5.965290483800345e-07,2.5184434093716845e-07,2.1642355818585202e-07,2.4867872525646817e-06,-1.0,2.325742343600723e-06,-1.0,-1.0,1.945390522450907e-06,2.2014503429090837e-06,1.9533308659447357e-06,1.219473006131011e-06,-1.0,1.54158669829485e-06,-1.0,1.716093834147614e-06,1.6215806226682616e-06,-1.0,1.596453216734517e-06,-1.0,1.2520711152319564e-06,1.4765165587959928e-06,1.1212509889446665e-06,1.719116653475794e-06,-1.0,1.3763487913820427e-06,-1.0,1.1379715942894109e-06,1.141368443313695e-06,1.0993677506121458e-06,1.2793302630598191e-06,1.1111031881227973e-06,1.0071569249703316e-06,1.2119470511606778e-06,1.0708708941820078e-06,1.1424948525018408e-06,1.1613155947998166e-06,1.1039021501346724e-06,1.1799972980952589e-06,1.1145428970849025e-06,9.486526550972485e-07,-1.0,1.0484217227713089e-06,1.1866391105286311e-06,8.751052291700034e-07,1.0277127557856147e-06,1.1119393548142398e-06,1.0695772516555735e-06,-1.0,-1.0,-1.0,1.0333777709092828e-06,9.889428156384383e-07,1.0289152214681963e-06,9.50292928791896e-07,8.93403353074973e-07,9.251255050912732e-07,9.170967132376973e-07,8.015399544092361e-07,5.965924856354832e-07,6.123464686424995e-07,7.702752782279276e-07,6.522996613966825e-07,6.950385795789771e-07,6.126167022557638e-07
1.3501701687346213e-05,5.288931788527407e-06,2.8525732886919286e-06,1.0922420869974303e-06,2.2317463788112946e-07,5.500911015587917e-07,8.540122848899045e-07,2.1115481558808824e-06,3.485031996319776e-08,1.0867240973766457e-07,1.4451735641518582e-10,0.0,1.6087851884005744e-10,0.0,0.0,3.13281756092465e-09,1.7508619554185145e-10,7.583508820907525e-10,4.5573142481991624e-10,0.0,3.800121994856909e-09,0.0,2.316597191853731e-10,2.1439985897764302e-10,0.0,2.617419336825577e-10,0.0,3.165430584317619e-09,1.9638038417646442e-10,5.385827339665639e-09,2.588713410300869e-10,0.0,3.3503705365589553e-10,0.0,4.882390047811214e-10,5.6738955755974985e-09,4.669004738389049e-08,3.735302345209135e-10,3.039917206848486e-10,6.907177940718157e-09,4.4917922159548596e-10,4.120501440052493e-10,4.895848726427232e-10,1.2657666914606125e-08,5.590242935227252e-09,3.7470118674498565e-10,3.632939227227183e-10,7.247934519227783e-08,0.0,6.1845151222428285e-09,2.8594807077730877e-10,1.858487230776973e-08,1.0554802587492418e-09,5.068006569963757e-10,8.705440812661891e-10,0.0,0.0,0.0,5.856099494216949e-10,8.467687884206043e-09,6.208374370153535e-10,1.4845813467445623e-09,1.58163011576562e-08,1.0682804862938156e-08,1.0465996957975676e-08,8.356085823280068e-10,1.7924647011113848e-07,4.510814832769938e-09,1.0135986494574922e-09,1.839223173760729e-08,3.265129555618529e-10,4.731695035786743e-09
0.0,3.138418197631836,-0.07327163964509964,3.064349412918091,-3.098052501678467,0.04823441430926323,-0.00922316499054432,3.136732578277588,-0.7882686853408813,-0.7866648435592651,2.402060031890869,0.0,2.3605728149414062,0.0,0.0,2.350831985473633,2.37615704536438,-0.8021934628486633,2.3447933197021484,0.0,2.353778600692749,0.0,2.311854362487793,2.2690868377685547,0.0,2.361431837081909,0.0,2.3515260219573975,2.3909645080566406,2.355004072189331,2.31984806060791,0.0,2.377725601196289,0.0,2.3610124588012695,2.3547167778015137,2.3598577976226807,2.4253482818603516,-0.7739249467849731,2.3540327548980713,2.3600101470947266,-0.8133829236030579,2.3833465576171875,2.352872848510742,2.3531148433685303,2.3686747550964355,2.3897321224212646,2.3670878410339355,0.0,2.3501625061035156,2.3906097412109375,2.351954698562622,-0.7982643246650696,2.383070945739746,-0.7863574624061584,0.0,0.0,0.0,2.405975580215454,2.352978467941284,-0.8328070044517517,-0.7916660308837891,2.3511674404144287,2.3528177738189697,2.3508989810943604,2.343003273010254,-0.7473515868186951,-0.7908592820167542,2.352064371109009,2.3523197174072266,-0.8927357792854309,-0.7916339635848999
127.5962665266256,127.3051092226863,129.69268380933428,129.39675903335433,103.32400085806971,103.3672564460834,102.3927455458735,102.43209426568194,25.699247572975175,29.403667263676,92.96018600019418,93.16535805267219,93.16535805267219,93.34426802779151,94.28412254815278,93.78505428587829,93.34426802779151,93.7696522092999,96.04501361807377,96.61655701763127,94.77857360254833,94.61399336430772,94.29168356756398,94.5423378497251,94.98969474979343,94.61399336430772,95.353859945771,95.88705866332805,94.98969474979343,96.57679165628345,94.28412254815278,95.76119193730305,95.353859945771,96.08268211134639,96.47974149836674,96.46037791206975,96.70830011856287,95.76119193730305,96.63712954741133,97.325708238397,96.08268211134639,96.88766771635657,96.45398485500661,96.34895020595016,96.68062419204598,96.24802733077405,96.61655701763127,97.78020951633717,97.16997309513154,97.03588965153502,96.21291332825102,98.43866707308307,97.17840154856734,96.63211618856054,96.89604835846818,98.26461336246363,97.97934368158889,97.13884792308379,97.13884792308379,97.46139677644848,97.16997309513154,97.76669940215888,98.26461336246363,97.97934368158889,98.04966047909416,99.21962407259316,101.80013101272651,102.10603469508386,99.59731304312736,101.35434505616729,100.64772100539444,102.10061152488288
31.999999752116263,-84.25674914841373,31.999996337021678,-84.25674914841373,-95.66647770408248,43.71231251820575,-95.6639915152246,43.71231934839492,-59.038611562837794,-59.51620571036177,27.549679007820444,27.24131645736188,27.24131645736188,26.971926966307404,32.93654846091924,25.46800298088793,26.971926966307404,26.340446949235755,-4.278505201290034,-5.532646180554381,-3.2024631121810625,130.3725744996957,129.52574032564084,32.97694902985987,131.37670793033595,130.3725744996957,132.37672958709587,151.0468740984073,131.37670793033595,116.22105091683292,32.93654846091924,133.5044074794433,132.37672958709587,33.13983879628092,116.10816155023096,135.5423583428567,33.212358329793524,133.5044074794433,69.35833071943172,107.66392354726332,33.13983879628092,-22.46214601019204,106.24713740772758,115.9729238046647,70.18617696759395,69.10318217279672,-5.532646180554381,33.32084905457001,-15.02122352271155,116.70580310260708,115.82424424681187,70.66588847376062,112.22002172368784,116.27573341132805,121.1406585910747,77.53656700517321,87.19861407677578,33.2563925593726,33.2563925593726,-7.396029361613287,-15.02122352271155,94.02342105772256,77.53656700517321,87.19861407677578,70.35896709321693,18.891679989493504,43.723749669970935,33.74305378301976,33.50680436981819,16.18071472866562,5.878976045061755,54.16244047662273
52.40372823704698,52.69502214476968,129.69268380933428,129.3964448446525,103.32424674487983,103.36724961589424,77.60809957635075,77.56789708289605,47.79700811358891,51.70134573374872,87.03982583895132,86.83464012609497,86.83464012609497,86.65573698116482,85.71588246080356,86.21495072307805,86.65573698116482,86.2303596298456,83.95499139088257,83.38344799132507,85.22142457621882,85.3860184748378,85.70831461120318,85.45766032904206,85.0103102591629,85.3860184748378,84.64614506318533,84.11294634562829,85.0103102591629,83.42321335267289,85.71588246080356,84.23881307165328,84.64614506318533,83.91732289760995,83.5202635105896,83.53962709688659,83.2916980602043,84.23881307165328,83.362875461545,82.67429677055934,83.91732289760995,83.11233729259976,83.54602698413889,83.65105480300618,83.31938081691035,83.75197767818229,83.38344799132507,82.21979549261917,82.83002508363562,82.9641153574213,83.78708485051615,81.56133793587327,82.82159663019982,83.36788882039579,83.10396348067732,81.7353916464927,82.02066132736745,82.86115708587253,82.86115708587253,82.53861506269703,82.83002508363562,82.23331243698662,81.7353916464927,82.02066132736745,81.95035136005134,80.78037410617401,76.46252658837787,77.89397031387247,80.40269196582898,78.64565995278905,79.35228400356189,77.89939348407346
-148.00000867193467,-147.62482638082585,-147.9999267096646,-147.62489468271755,52.87558844076272,52.946465313779946,52.87560210114106,52.94647897415828,-144.15082824441728,-147.35466507839516,26.90969711277942,26.505928772446822,26.505928772446822,26.147439463669535,33.138404456555214,24.243502034413677,26.147439463669535,25.283485420460035,-14.737439407981276,-17.433106752615622,-11.05994944563052,142.03586016792283,140.42513763709374,33.20172372525582,143.91341086886766,142.03586016792283,145.74014496238755,163.59257922626506,143.91341086886766,133.42277305848333,33.138404456555214,147.76868382512467,145.74014496238755,33.50597108673945,133.05532254151498,151.28039826613005,33.64946653101225,147.76868382512467,81.25765406499616,126.81923688588827,33.50597108673945,-38.453425442227356,123.00232227201005,132.5764989599404,82.37976535317004,80.15490636311925,-17.433106752615622,33.89063026532165,-30.342405048107963,135.10955657590966,132.0702589990374,86.79529140628652,131.04760209536806,133.62259707284122,139.03307678235345,95.17263453652305,106.1396234000024,33.74443689632669,33.74443689632669,-21.565541955202587,-30.342405048107963,113.38718493962713,95.17263453652305,106.1396234000024,85.52873527754521,12.0062576409838,52.96661095673689,35.088590804228524,34.354601600546026,5.337984508548549,-9.79962159563861,70.27341214367335
71
2.1049585541277338e-07,2.1191259236275073e-07,2.1674607353361353e-07,2.1812222428252426e-07,5.996804475216777e-07,5.977800583423232e-07,5.974497980787419e-07,5.955423034720297e-07,2.519873305573128e-07,2.1644893877237337e-07,2.48707374339574e-06,-1.0,2.3260495254362468e-06,-1.0,1.9458123006188544e-06,2.2017759420123184e-06,1.953700348167331e-06,1.2216017921673483e-06,-1.0,1.5435888371939654e-06,-1.0,1.7133326082330314e-06,1.6215509504036163e-06,-1.0,1.5937193893478252e-06,1.3350791050470434e-06,-1.0,1.2498916248659953e-06,1.4738177469553193e-06,1.1184118875462445e-06,-1.0,1.373686814076791e-06,-1.0,1.1351286275385064e-06,1.1388349321350688e-06,1.0993188652719255e-06,1.2767123962476035e-06,1.108932792703854e-06,1.0042781468655448e-06,1.21190453228337e-06,1.0736034710134845e-06,1.1396025456633652e-06,1.1584675121412147e-06,1.101695033867145e-06,1.1778623729696847e-06,1.1167592219862854e-06,9.485937084718898e-07,-1.0,1.0456027439431637e-06,1.1837859119623317e-06,8.727709541744844e-07,1.0248569424220477e-06,1.1091025271525723e-06,1.0668077266018372e-06,-1.0,-1.0,-1.0,1.0333249065297423e-06,9.912832865666132e-07,1.0314867040506215e-06,9.474455282543204e-07,8.908466497814516e-07,9.223604138242081e-07,9.14798022222385e-07,8.025574516068446e-07,5.956093218628666e-07,6.122371019046113e-07,7.701965500928054e-07,6.5361609813408e-07,6.969723926886218e-07,6.108849675001693e-07
1.3501707144314423e-05,5.1971628636238165e-06,2.852573970812955e-06,1.0712884659369593e-06,2.231602849178671e-07,5.496860353559896e-07,8.565588700548687e-07,2.1162029497645563e-06,3.519931368600737e-08,1.0987690757247037e-07,1.4458732822131282e-10,0.0,1.6033162297812709e-10,0.0,3.1397227040486086e-09,1.7460841106320402e-10,7.688840675257325e-10,4.5386264191371595e-10,0.0,3.768926504221781e-09,0.0,2.324844483592159e-10,2.1292230478753282e-10,0.0,2.6293681121281054e-10,5.998361984893563e-08,0.0,3.1647660048150783e-09,1.9633375480943016e-10,5.406689762565975e-09,0.0,3.361472766805207e-10,0.0,4.911212547753507e-10,5.666859870245844e-09,5.31770183442859e-08,3.7460454183069203e-10,3.00044239454067e-10,6.948480457680262e-09,4.4746123473160537e-10,4.010206611226863e-10,4.927200314419622e-10,1.2658741610493962e-08,5.617702303339911e-09,3.762111455696271e-10,3.5903555128946607e-10,8.896382297507444e-08,0.0,6.207310665473642e-09,2.875323867890245e-10,1.9108451709826113e-08,1.0578803388838764e-09,5.097255950659019e-10,8.679147955881206e-10,0.0,0.0,0.0,5.823747040167859e-10,8.35040925295516e-09,6.020144938112537e-10,1.5036524247946659e-09,1.614781375280927e-08,1.0816652462608545e-08,1.0643892878192673e-08,8.260973571871943e-10,1.7500765636668802e-07,4.238303930037546e-09,1.007874339542525e-09,1.7948526220834538e-08,2.71674377438913e-10,4.968430999952034e-09
0.0,3.1383519172668457,-0.07327163219451904,3.064274787902832,-3.0978939533233643,0.048410531133413315,-0.009240221232175827,3.1367292404174805,-0.7879202961921692,-0.7868205904960632,2.443769693374634,0.0,2.3761091232299805,0.0,2.355485200881958,2.318873882293701,-0.8382610082626343,2.3370940685272217,0.0,2.3508262634277344,0.0,2.3794937133789062,2.348592758178711,0.0,2.2958998680114746,-0.754647970199585,0.0,2.352890729904175,2.362030506134033,2.351487398147583,0.0,2.3615756034851074,0.0,2.3609724044799805,2.3537039756774902,2.3626837730407715,2.4014370441436768,-0.8782004714012146,2.3551218509674072,2.352247714996338,-0.7565096616744995,2.3756203651428223,2.353651285171509,2.3560400009155273,2.3790128231048584,2.30709171295166,2.375354051589966,0.0,2.3498668670654297,2.2945549488067627,2.3526346683502197,-0.7757496237754822,2.360854387283325,-0.7961362600326538,0.0,0.0,0.0,2.3522398471832275,2.354673385620117,-0.8293044567108154,-0.7888547778129578,2.352872848510742,2.351435661315918,2.352814197540283,2.303738594055176,-0.7493133544921875,-0.7921343445777893,2.3776028156280518,2.352782726287842,-0.815468966960907,-0.7961392998695374
127.59628018700394,127.30286892063853,129.69268380933428,129.3936854482278,103.34676587857336,103.3896458061827,102.41248479257483,102.45302196529886,25.212847604063764,28.833578694411713,92.95983766054651,93.16493458094365,93.16493458094365,93.3437694239821,93.78423466317788,93.3437694239821,93.76893503943705,96.03443365504941,96.6033610921548,94.77237179078196,94.6219232139341,94.29861620957155,94.54241981199515,94.99885403347042,94.6219232139341,94.8568885515717,95.36426232387693,95.89735858859643,94.99885403347042,96.59355977069582,95.77304231551302,95.36426232387693,96.08290067739982,96.49604515991555,96.47481010178599,96.70860747707552,95.77304231551302,96.65017520872607,97.34682718331068,96.08290067739982,96.87005265848711,96.47042512033883,96.36462549009534,96.69406600433257,96.25939959574212,96.6033610921548,97.7807012899574,97.15200286742524,97.05495270950853,96.22795340480339,98.46139794264087,97.19851645567303,96.64915751053972,96.91403224655282,98.288491703802,98.00342009841317,97.1392099231098,97.1392099231098,97.44367926574147,97.15200286742524,97.79018159252539,98.288491703802,98.00342009841317,98.07002127300997,99.20784199627488,101.80433157906606,102.10822718580744,99.598303420557,101.33117022431342,100.61783892777564,102.13543865946077
32.999997503214075,-85.24507752131458,32.999997503214075,-85.24507752131458,-95.93326489306318,43.98104289600531,-95.93326489306318,43.98104289600531,-59.8958003036744,-60.421560945225295,27.549679007820444,27.24131645736188,27.24131645736188,26.971926966307404,25.46800298088793,26.971926966307404,26.340446949235755,-4.278505201290034,-5.532646180554381,-3.2024631121810625,130.3725744996957,129.52574032564084,32.97694902985987,131.37670793033595,130.3725744996957,148.8331551468928,132.37672958709587,151.0468740984073,131.37670793033595,116.22105091683292,133.5044074794433,132.37672958709587,33.13983879628092,116.10816155023096,135.5423583428567,33.212358329793524,133.5044074794433,69.35833071943172,107.66392354726332,33.13983879628092,-22.46214601019204,106.24713740772758,115.9729238046647,70.18617696759395,69.10318217279672,-5.532646180554381,33.32084905457001,-15.02122352271155,116.70580310260708,115.82424424681187,70.66588847376062,112.22002172368784,116.27573341132805,121.1406585910747,77.53656700517321,87.19861407677578,33.25638914427802,33.25638914427802,-7.396028507839641,-15.02122352271155,94.02342105772256,77.53656700517321,87.19861407677578,70.35896709321693,18.891679989493504,43.99211804774449,33.74305378301976,33.50680436981819,16.18071472866562,5.878976045061755,54.16244047662273
52.40372823704698,52.69810597517994,129.69264282819927,129.39326197649928,103.34642436911486,103.3896458061827,77.58736995221976,77.54697621346831,47.853842117672585,51.711249508045235,87.04016734840982,86.83505676763434,86.83505676763434,86.65623558497424,86.21577034577845,86.65623558497424,86.23106996951928,83.96557135390692,83.39664391680154,85.22763321817436,85.37808179502224,85.70138879938479,85.45757836677201,85.00115780567508,85.37808179502224,83.90079383981852,84.63573585489023,84.1026464203599,85.00115780567508,83.4064452382605,84.22695586325413,84.63573585489023,83.91710433155652,83.50395984904078,83.52519490717035,83.29140436206998,84.22695586325413,83.3498229700411,82.65318465583482,83.91710433155652,83.12994552028005,83.52957305842833,83.63538634905017,83.3059321744346,83.74060541321421,83.39664391680154,82.21930371899893,82.84799531134192,82.94504546925863,83.77205160415295,81.53860023612629,82.8014885532833,83.3508474984166,83.08596593221434,81.71150647496516,81.99659174073233,82.86078825565735,82.86078825565735,82.55632574321487,82.84799531134192,82.20982341643095,81.71150647496516,81.99659174073233,81.92998373594637,80.79216301268144,76.40827439580046,77.8917778231489,80.40170158839933,78.66882795445373,79.3821660811807,77.8645595193064
-147.00001433593144,-146.63537785690113,-146.99993237366138,-146.63544615879283,52.60764694981229,52.67774859635872,52.607657195096046,52.67775542654789,-143.24595112279565,-146.37072168694147,26.766469753431544,26.352114619885427,26.352114619885427,25.984317470816706,24.057685030496188,25.984317470816706,25.097996265622708,-14.944916649304167,-17.65000111725667,-11.231308646622384,142.1044079464331,140.48401386773926,32.97164538796935,143.99402076145213,142.1044079464331,161.0605871198063,145.83321312001814,163.75642180407533,143.99402076145213,133.4793816663244,147.8764368894708,145.83321312001814,33.18476436554668,133.10926737557975,151.4152945022378,33.288934995673124,147.8764368894708,81.03263348279009,126.84489107641085,33.18476436554668,-38.56328903502701,123.00495872502967,132.62701503904182,82.15859699765586,79.93998080050646,-17.65000111725667,33.45928674376241,-30.506333003282855,135.1791562035521,132.11725070052708,86.53414595356026,131.09654723096037,133.6807083222997,139.12095399621484,94.97646467337111,106.02753999572249,33.356007453322654,33.356007453322654,-21.79065816005704,-30.506333003282855,113.32733199193031,94.97646467337111,106.02753999572249,85.27364137242357,11.512720124389727,52.69732391851997,34.31697408840842,33.79205356012543,4.727413408073598,-10.25034834028869,69.68737508269709
66
2.104958838344828e-07,2.119271442779791e-07,2.1674613037703239e-07,2.1813634987211117e-07,5.987596409795515e-07,5.968561822555785e-07,5.96525580931484e-07,5.946149599367345e-07,2.5212690957232553e-07,2.164737509247061e-07,-1.0,1.9462936506897677e-06,2.2021602035238175e-06,1.9541294022928923e-06,1.22377127809159e-06,-1.0,1.545633381283551e-06,-1.0,1.7105568304032204e-06,1.6215834648392047e-06,-1.0,1.5909701005512034e-06,1.3327859278433607e-06,-1.0,1.2476845085984678e-06,1.4711019957758253e-06,1.1155642596349935e-06,-1.0,1.3710068742511794e-06,-1.0,1.1322772479616106e-06,1.1362809573256527e-06,1.099338646781689e-06,1.274075657420326e-06,1.106803892980679e-06,1.0013961855293019e-06,1.2119285202061292e-06,1.0763537829916459e-06,1.136710466198565e-06,1.1556114714039722e-06,1.0995282764270087e-06,1.1757693982872297e-06,1.1190145414730068e-06,9.486064982411335e-07,-1.0,1.0427742154206499e-06,1.180925096377905e-06,8.704746505827643e-07,1.0219946489087306e-06,1.106257059291238e-06,1.0640253549354384e-06,-1.0,-1.0,9.936590004144819e-07,1.0340845619793981e-06,9.446071658203437e-07,8.883183113539417e-07,9.196118639920314e-07,9.125381552621548e-07,8.036445819925575e-07,5.946853889327031e-07,6.122156719357008e-07,7.701960385020357e-07,6.550029638674459e-07,6.989587859607127e-07,6.092169542171177e-07
1.350170532532502e-05,5.108636742079398e-06,2.8525712423288496e-06,1.05094750324497e-06,2.2320448067603138e-07,5.492948957908084e-07,8.59193221458554e-07,2.1205742086749524e-06,3.553980931769729e-08,1.1106060071597312e-07,0.0,3.1462650262881198e-09,1.7453595513305942e-10,7.766869924985542e-10,4.5188711106369794e-10,0.0,3.738073406367448e-09,0.0,2.330326487332002e-10,2.121649939068604e-10,0.0,2.6371485550846785e-10,5.8983072648288726e-08,0.0,3.1645484011022518e-09,1.9662850514468033e-10,5.428868021795097e-09,0.0,3.375449642017969e-10,0.0,4.942507514371641e-10,5.661529023370804e-09,6.189335266526541e-08,3.758661160091492e-10,2.9436636461710464e-10,6.991365708586272e-09,4.4582329494780026e-10,3.9086273107002967e-10,4.957618204848302e-10,1.2667090487639143e-08,5.644823275474664e-09,3.7750219616938807e-10,3.5536540377023584e-10,1.155258004814641e-07,0.0,6.231755111940629e-09,2.88894380640059e-10,1.9673006335096943e-08,1.0605726297185925e-09,5.129353053412444e-10,8.657294325864484e-10,0.0,0.0,8.236876070100152e-09,5.837813010778348e-10,1.5240877448974288e-09,1.6500287358667265e-08,1.0956458851296702e-08,1.082925304984883e-08,8.150407015961036e-10,1.7119077710958663e-07,3.9780307936609915e-09,1.0011285134226e-09,1.7529142581906854e-08,2.244198576972778e-10,5.2227138169769205e-09
0.0,3.1382830142974854,-0.07327163964509964,3.064197301864624,-3.097745180130005,0.04857727512717247,-0.009257277473807335,3.1367263793945312,-0.7887564301490784,-0.786642849445343,0.0,2.351541042327881,2.2614669799804688,-0.8093845844268799,2.3693621158599854,0.0,2.3518142700195312,0.0,2.296255111694336,2.411008834838867,0.0,2.41024112701416,-0.7557475566864014,0.0,2.3558976650238037,2.3989169597625732,2.354607582092285,0.0,2.3698694705963135,0.0,2.375619649887085,2.3514862060546875,2.3665499687194824,2.3933026790618896,-0.8681312203407288,2.356879711151123,2.348196506500244,-0.8496325016021729,2.3466086387634277,2.3515512943267822,2.3507680892944336,2.3869762420654297,2.263338804244995,2.3925139904022217,0.0,2.3534257411956787,2.294506549835205,2.3529014587402344,-0.7796537280082703,2.3687710762023926,-0.7859695553779602,0.0,0.0,2.351121187210083,-0.817671000957489,-0.7958352565765381,2.3533241748809814,2.3528966903686523,2.352900505065918,2.353482246398926,-0.7511556148529053,-0.7969343066215515,2.3597538471221924,2.352076768875122,-0.9539581537246704,-0.7903409600257874
127.5962665266256,127.29931722227013,129.69267014895595,129.39121291974828,103.36672369132815,103.41075109071804,102.43165713357506,102.4727612120002,24.72913360704346,28.267002549928108,93.34318885790265,93.78329892726158,93.34318885790265,93.7681017563583,96.02369659767415,96.58999441194908,94.76604020542136,94.62992136545218,94.30561032328164,94.54233101953594,95.00810893979579,94.62992136545218,94.85619187227637,95.37477398500958,95.90782926859406,95.00810893979579,96.61047131908077,95.78503612769556,95.37477398500958,96.08277773399476,96.51246493468027,96.4894267066098,96.7084777034813,95.78503612769556,96.66302962474403,97.36808956219693,96.08277773399476,96.85241027986098,96.48696100831944,96.3804168874564,96.7073165713224,96.2705874456026,96.58999441194908,97.78058517674151,97.13394384725973,97.07418652221128,96.24310276438247,98.48388292538856,97.21878162694045,96.66633543630232,96.93220054974506,98.31225393192447,98.02749651523747,97.42577733992685,97.13394384725973,97.81373208478358,98.31225393192447,98.02749651523747,98.09013618011566,99.19527444820206,101.80832040954135,102.10865748772515,99.59831025074618,101.30686158105736,100.58730798218568,102.16917296377146
34.000002084501055,-86.23535932831805,34.000002084501055,-86.23535932831805,-96.20490834654376,44.252365330594905,-96.20359012003395,44.25236874568949,-60.78895682068028,-61.3648920318741,26.971926966307404,25.468004688435222,26.971926966307404,26.34044524168846,-4.278505628176857,-5.532645753667558,-3.2024631121810625,130.3725744996957,129.52574032564084,32.97694902985987,131.37670793033595,130.3725744996957,148.75672533008037,132.37672958709587,151.0468740984073,131.37670793033595,116.22105091683292,133.5044074794433,132.37672958709587,33.13983879628092,116.10816155023096,135.5423583428567,33.212358329793524,133.5044074794433,69.35833071943172,107.66393037745249,33.13983879628092,-22.46214771773933,106.24713740772758,115.9729238046647,70.18617696759395,69.10318217279672,-5.532645753667558,33.32084905457001,-15.02122352271155,116.70580310260708,115.82424424681187,70.66588847376062,112.22002172368784,116.27573341132805,121.1406585910747,77.53656700517321,87.19861407677578,-7.396028507839641,-15.02122352271155,94.02342105772256,77.53656700517321,87.19861407677578,70.35896709321693,18.8916816970408,44.26302042570012,33.74305378301976,33.50680436981819,16.18071472866562,5.878975618174932,54.16244389171732
52.40372823704698,52.701090767847234,129.69268380933428,129.39020205175112,103.3673247479751,103.41075109071804,77.56782878100435,77.52724379695614,47.908971989558346,51.72086641439661,86.65681615105369,86.21670608169474,86.65681615105369,86.23189642240885,83.97630841128218,83.41001059700726,85.23396480353497,85.37007681331498,85.6943946856747,85.4576739894204,84.99189606916055,85.37007681331498,83.88026229117347,84.62522419375759,84.09217574036228,84.99189606916055,83.38953368987556,84.21496888126077,84.62522419375759,83.91722727496158,83.4875332440869,83.51057830234652,83.29152047528588,84.21496888126077,83.33697538421231,82.63192227694857,83.91722727496158,83.14758106871703,83.5130440006369,83.61958812149993,83.29268843763394,83.72941756335373,83.41001059700726,82.21941300202565,82.8660611616966,82.92581848674504,83.75690224457387,81.51611525337862,82.78122338201588,83.33366957265402,83.06780445921127,81.68775107703186,81.97250849371886,82.5742208388403,82.8660611616966,82.18627292417275,81.68775107703186,81.97250849371886,81.90986882884067,80.80473056075427,76.35695918456615,77.89134752123118,80.40169475821016,78.69314342789897,79.41269702677066,77.83083204518486
-146.00000633954986,-145.64605227638145,-145.99999267917153,-145.64597031411142,52.33713047754477,52.40643640705289,52.33713047754477,52.40642616176913,-142.3432050201951,-145.38718810683798,25.821661638374728,23.87256470587404,25.821661638374728,24.913120120263386,-15.146817041169744,-17.860406802186205,-11.398818182243302,142.1700460643569,140.54008972082508,32.74157046577747,144.07161171042347,142.1700460643569,161.13742674796896,145.92318037176557,163.91805140059452,144.07161171042347,133.53142770779988,147.9810480667987,145.92318037176557,32.86352349340805,133.15869062441394,151.54704885132733,32.928348818820645,147.9810480667987,80.80117203219669,126.86490353067897,32.86352349340805,-38.66639757073752,123.00234959276673,132.6730505140477,81.93087166053846,79.71922225634249,-17.860406802186205,33.02782369389271,-30.66285361830287,135.24404300066723,132.15984376019128,86.26339042467178,131.1403424039185,133.7342296846359,139.2045555116558,94.77107405483966,105.90726719462775,-22.007890619062,-30.66285361830287,113.2601639116324,94.77107405483966,105.90726719462775,85.00966139119176,11.025848872425584,52.42532871029714,33.54456848573919,33.22921523666512,4.129362898120928,-10.687327621686828,69.0844196431467
68
2.104958696236281e-07,2.1194121302414715e-07,2.1674610195532296e-07,2.181500349252019e-07,5.978988042443234e-07,5.959921622888942e-07,5.956613335911243e-07,5.937475862083375e-07,2.5226290745195e-07,2.1649783832344838e-07,-1.0,2.3268385120900348e-06,-1.0,-1.0,1.9468336631689453e-06,2.2026024453225546e-06,1.954617573574069e-06,1.2259806680958718e-06,-1.0,1.5477193073820672e-06,-1.0,1.7077676375265582e-06,1.6216783933487022e-06,-1.0,1.5882061461525154e-06,1.3304647836775985e-06,-1.0,1.2454502211767249e-06,1.468370442125888e-06,1.1127089010187774e-06,1.7192206769323093e-06,-1.0,1.3683098813999095e-06,1.1294182513665874e-06,1.1337065188854467e-06,1.0994269814545987e-06,1.2714203876385e-06,1.1047177395084873e-06,9.985119504563045e-07,1.0791208069349523e-06,1.1338192962284666e-06,1.1527481547091156e-06,1.0974032420563162e-06,1.173719624603109e-06,1.121307491303014e-06,9.486914223089116e-07,-1.0,1.0399363645774429e-06,1.178057459583215e-06,8.682178531671525e-07,1.019126443679852e-06,1.1034035196644254e-06,1.0612310461510788e-06,-1.0,-1.0,9.960693887478556e-07,1.0367074310124735e-06,9.417790352017619e-07,8.858199862515903e-07,9.168810493065394e-07,9.103184765990591e-07,8.048002655414166e-07,5.938212552791811e-07,6.122823492660245e-07,7.702738002990372e-07,6.564587806678901e-07,7.009961109361029e-07,6.076145950828504e-07
1.350170532532502e-05,5.023541689297417e-06,2.8525726065709023e-06,1.0312932090528193e-06,2.2330689830596384e-07,5.489197860697459e-07,8.61912667460274e-07,2.1246582946332637e-06,3.5871462245040675e-08,1.1222208229355601e-07,0.0,1.593797732679647e-10,0.0,0.0,3.1521925070165935e-09,1.7331579227342075e-10,7.854477068747201e-10,4.4992473635652175e-10,0.0,3.7074796566116675e-09,0.0,2.336281446080335e-10,2.1166440822284471e-10,0.0,2.6437280142843633e-10,5.800573532610542e-08,0.0,3.164695394630712e-09,1.9700142905865192e-10,5.45249445593754e-09,2.5783583601501903e-10,0.0,3.3993646786356635e-10,4.971481004645284e-10,5.657562862637633e-09,7.418530856284633e-08,3.777228529955323e-10,2.8767566107035236e-10,7.036579763308737e-09,3.805911141796514e-10,4.994096802768411e-10,1.2682752625892135e-08,5.671288327846469e-09,3.786425617491318e-10,3.496607170472288e-10,1.6477572728490486e-07,0.0,6.2578382475919625e-09,2.8989846634353e-10,2.0283046353597456e-08,1.0642920988956917e-09,5.162984484385902e-10,8.640581028451777e-10,0.0,0.0,8.126623818327516e-09,5.674485326068179e-10,1.5459689084451611e-09,1.687606676625819e-08,1.1102435415466516e-08,1.1022333268329021e-08,8.05367661449452e-10,1.6776840539023397e-07,3.729205388935952e-09,9.944908230252736e-10,1.7131714713514157e-08,1.7436396770875717e-10,5.496990862496887e-09
0.0,3.138211488723755,-0.07327163964509964,3.064117431640625,-3.0976059436798096,0.04873427748680115,-0.009274417534470558,3.136723518371582,-0.7873553037643433,-0.7866304516792297,0.0,2.4182209968566895,0.0,0.0,2.3541157245635986,2.402493953704834,-0.7826853394508362,2.3372294902801514,0.0,2.3491227626800537,0.0,2.361382007598877,2.4195749759674072,0.0,2.3780722618103027,-0.7571026682853699,0.0,2.3608243465423584,2.3117058277130127,2.354738235473633,2.4412384033203125,0.0,2.4411990642547607,2.361020088195801,2.352972984313965,2.374293804168701,2.401296615600586,-0.787397563457489,2.350374221801758,-0.8390099406242371,2.397832155227661,2.3529131412506104,2.3560492992401123,2.360779285430908,2.3265128135681152,2.434644937515259,0.0,2.349513053894043,2.3159995079040527,2.354433298110962,-0.8078903555870056,2.3752598762512207,-0.7927510142326355,0.0,0.0,2.3545427322387695,-0.8417246341705322,-0.807751476764679,2.35288667678833,2.3513529300689697,2.3549227714538574,2.401170253753662,-0.7529281973838806,-0.7973759174346924,2.359748363494873,2.3527753353118896,-0.8806740641593933,-0.7977611422538757
127.5962665266256,127.29635292017035,129.69267014895595,129.38790710818998,103.3864561078403,103.43056546950025,102.45021475754999,102.49127785484009,24.24863492157494,27.704930915202127,93.16386224124396,93.16386224124396,93.34251266917482,94.28386983115348,93.7822470781294,93.34251266917482,93.76715919025285,96.01279561575882,96.57646380720328,94.75959933703405,94.6380014792403,94.31265907850509,94.54207147234747,95.01744580839119,94.6380014792403,94.85550885335937,95.3854085895473,95.91846387313177,95.01744580839119,96.62750581087079,94.28386983115348,95.79715288328318,95.3854085895473,96.52902814341755,96.50422772654123,96.70793811853686,95.79715288328318,96.67566547470855,97.38948854486658,96.83476107104566,96.50357885857008,96.39633805841171,96.72036906282628,96.28157721997715,96.57646380720328,97.77988849744617,97.115796034635,97.09359108964328,96.25836140698829,98.50610153075861,97.23921072274796,96.68364996584829,96.95053960766654,98.3358658958852,98.0515661018726,97.40771148957218,97.115796034635,97.83734404874431,98.3358658958852,98.0515661018726,98.10999837022206,99.18195557932054,101.81208384377403,102.10731877064784,99.59733353369487,101.28146010753407,100.55618281013794,102.20175296611242
35.00000325069345,-87.22389943708316,34.99999983559887,-87.22389943708316,-96.47746021518395,44.526129557812766,-96.47761047934569,44.52613638800194,-61.71979549133713,-62.347462555304624,27.24131645736188,27.24131645736188,26.971926966307404,32.93654846091924,25.468004688435222,26.971926966307404,26.34044353414117,-4.278505201290034,-5.532646607441205,-3.2024631121810625,130.3725744996957,129.52574032564084,32.97694902985987,131.37670793033595,130.3725744996957,148.68178449450699,132.37672958709587,151.0468740984073,131.37670793033595,116.22105091683292,32.93654846091924,133.5044074794433,132.37672958709587,116.10816155023096,135.5423583428567,33.212358329793524,133.5044074794433,69.35833071943172,107.66392354726332,-22.46214771773933,106.24713740772758,115.9729238046647,70.18617696759395,69.10318217279672,-5.532646607441205,33.32084563947542,-15.021225230258842,116.70580310260708,115.82424424681187,70.66588847376062,112.22002172368784,116.27573341132805,121.1406585910747,77.53656700517321,87.19861407677578,-7.396028507839641,-15.021225230258842,94.02342105772256,77.53656700517321,87.19861407677578,70.35896709321693,18.8916816970408,44.536316784959844,33.74305378301976,33.50680436981819,16.180716436212915,5.878975618174932,54.16244047662273
52.40372823704698,52.703990183149905,129.69272479046933,129.38730605154302,103.38692739089304,103.43056546950025,77.54950338346121,77.50872032392707,47.96238406886784,51.730175962235336,86.8361359375232,86.8361359375232,86.65748550959235,85.71613517780285,86.21775793082692,86.65748550959235,86.23283898851432,83.98720256300835,83.42354120175305,85.24040567192229,85.36200352971603,85.68734593045124,85.45793353660886,84.98255920056513,85.36200352971603,83.85936191231322,84.61460324959822,84.08154113582457,84.98255920056513,83.37249919808555,85.71613517780285,84.202845295484,84.61460324959822,83.47097686553879,83.4957772824151,83.2920600602303,84.202845295484,83.32433270405862,82.61051646408976,83.16524393791067,83.49642615038626,83.6036737807338,83.27963594613006,83.71842095879,83.42354120175305,82.22011651151016,82.88420897432134,82.90641391931304,83.74164360196805,81.49390347819772,82.76080111639754,83.31634821291887,83.0494654012898,81.66413911307113,81.94843890708374,82.59230034957332,82.88420897432134,82.16266096021202,81.66413911307113,81.94843890708374,81.89000663873428,80.81804942963579,76.3086834075125,77.8926862383085,80.40267147526147,78.71854490142226,79.4438221988184,77.79824521265473
-144.9999983431683,-144.65680865813184,-144.99997102241161,-144.65671303548345,52.06416538245979,52.13261412322707,52.064175627743545,52.132658519456676,-141.44253529510218,-144.40402335694966,26.045773805421184,26.045773805421184,25.659547098424476,32.49193729689726,23.68823497564832,25.659547098424476,24.728950899483163,-15.343099602442987,-18.06429990174213,-11.562423410979909,142.2327062198026,140.59329689445946,32.51162531717983,144.14610175351163,142.2327062198026,161.21279105527088,146.00999207611642,164.0773997139309,144.14610175351163,133.57881556026143,32.49193729689726,148.0824490552167,146.00999207611642,133.20346934461256,151.6755656907503,32.567964132548674,148.0824490552167,80.56329703397266,126.87912398453095,-38.76281252106143,122.99439925257283,132.71452342268802,81.69661666257454,79.492658051384,-18.06429990174213,32.59660994592771,-30.81202153468136,135.30412134460664,132.1979015742466,85.98298383848608,131.17886467083738,133.78306553720148,139.28378570602794,94.55637388846948,105.77869571369142,-22.217244454859355,-30.81202153468136,113.18553726476084,94.55637388846948,105.77869571369142,84.7367816734714,10.546011007759263,52.15077559623014,32.77243950573135,32.66665695096077,3.5442607192873097,-11.110495406809553,68.46480537221065
60
2.104958696236281e-07,2.1195489807723789e-07,2.1674610195532296e-07,2.1816332207436062e-07,5.970978236291558e-07,5.951882258159458e-07,5.948576244918513e-07,5.929407507210271e-07,2.523951820876391e-07,2.1652125781201903e-07,2.4882795059966156e-06,-1.0,2.327319862160948e-06,1.9474330201774137e-06,1.9551650893845363e-06,1.2282283705644659e-06,-1.0,1.5498457059948123e-06,-1.0,1.7049655980372336e-06,-1.0,1.58542809458595e-06,-1.0,1.2431894447217928e-06,1.4656235407528584e-06,1.1098463801317848e-06,-1.0,1.3655965176440077e-06,1.1265526609349763e-06,1.1311122989354772e-06,1.268747496396827e-06,1.102675582842494e-06,9.95626123767579e-07,1.0819032922881888e-06,1.1309299452477717e-06,1.1498784715513466e-06,1.0953211813102826e-06,1.171714416159375e-06,1.1236368209210923e-06,-1.0,1.03709032828192e-06,1.175184024759801e-06,8.660016419526073e-07,1.016253008856438e-06,1.100542931453674e-06,1.0584252549961093e-06,-1.0,-1.0,9.985124052036554e-07,1.0393540605946328e-06,9.389623301103711e-07,8.833527544993558e-07,9.141691634795279e-07,9.081404641619883e-07,8.060233085416257e-07,5.93017603023327e-07,6.124369065219071e-07,6.579817863894277e-07,7.030828328424832e-07,6.060798227736086e-07
1.350170532532502e-05,4.9420000323152635e-06,2.8525721518235514e-06,1.0123433185071917e-06,2.2346772254877578e-07,5.485625820256246e-07,8.647193681099452e-07,2.128452933902736e-06,3.619501853791007e-08,1.1335896488162689e-07,1.4248492663515577e-10,0.0,1.58729931976076e-10,3.157596850655864e-09,7.943140034605278e-10,4.48083209425576e-10,0.0,3.677234294841014e-09,0.0,2.343576999130903e-10,0.0,2.657831732477689e-10,0.0,3.1656928189960354e-09,1.9740953316471632e-10,5.477642783802139e-09,0.0,3.407642779063025e-10,5.00368857458966e-10,5.65502400462492e-09,3.7904379635023133e-10,2.829459444519955e-10,7.083896580439841e-09,3.7120972962156884e-10,5.022480209504465e-10,1.2705539731427962e-08,5.6972524475895625e-09,3.804726533829239e-10,3.4521380198881957e-10,0.0,6.285743925360521e-09,2.914189722869054e-10,2.0944789014265552e-08,1.0681276974011666e-09,5.203138475629032e-10,8.628224801299211e-10,0.0,0.0,8.019960695548889e-09,5.503462685574334e-10,1.5686045795604286e-09,1.72768945816415e-08,1.125480864061501e-08,1.12242135585916e-08,7.942525526161148e-10,1.6469775232508255e-07,3.4920750735523143e-09,1.67546669871399e-08,1.2872616861336894e-10,5.7922027174583945e-09
0.0,3.138136863708496,-0.07327164709568024,3.0640347003936768,-3.0974769592285156,0.048881325870752335,-0.009291521273553371,3.136720657348633,-0.788894534111023,-0.786743700504303,2.433915615081787,0.0,2.4182281494140625,2.3547115325927734,-0.7958344221115112,2.3285229206085205,0.0,2.349064826965332,0.0,2.345754623413086,0.0,2.42678165435791,0.0,2.355055332183838,2.420311689376831,2.352970600128174,0.0,2.4251997470855713,2.3755459785461426,2.3553428649902344,2.385401725769043,-0.8762177228927612,2.3508901596069336,-0.8398329615592957,2.3388407230377197,2.354491710662842,2.3560538291931152,2.2897965908050537,2.370304584503174,0.0,2.3527965545654297,2.323873519897461,2.3538827896118164,-0.7969313859939575,2.4115564823150635,-0.7927395701408386,0.0,0.0,2.354180097579956,-0.7790276408195496,-0.7985560297966003,2.353522777557373,2.3507444858551025,2.3531494140625,2.379868984222412,-0.7545081377029419,-0.8017770648002625,2.3513832092285156,-0.8220603466033936,-0.7919054627418518
127.5962665266256,127.29317005201712,129.69268380933428,129.38416416452483,103.40585384508314,103.44904113120514,102.46755660785264,102.50854457306188,23.771800632596133,27.147607969496594,92.9584033208208,93.16321337327281,93.16321337327281,93.78107911578134,93.76610734112067,96.00175803006007,96.56276927791741,94.75305601580916,94.64614306473096,94.31975564505274,95.02687146944581,94.64614306473096,95.39613881673338,95.92926923239872,95.02687146944581,96.64468373663337,95.80941307284334,95.39613881673338,96.54570746537071,96.51920633139106,95.80941307284334,96.68808275861963,97.41102413131964,96.817098201852,96.52026501071242,96.41236168220456,96.73320298827673,96.29237574905494,96.56276927791741,97.09758675030774,97.11315958161538,96.27372250243164,98.52803326818352,97.25978325252804,96.70110792936684,96.96905625050644,98.3593071051167,98.07560836775104,97.38948171467742,97.09758675030774,97.86100382402924,98.3593071051167,98.07560836775104,98.12958052257248,99.16790588019782,101.81560822138576,102.10421786476465,101.25499995468945,100.52449073238907,102.23313085515946
35.99999758669668,-88.21443396108593,35.9999941716021,-88.21443396108593,-96.7528671028972,44.80219214368634,-96.75271000854629,44.80219214368634,-62.69031073088259,-63.37147183642961,27.549679007820444,27.24131645736188,27.24131645736188,25.46800298088793,26.34044524168846,-4.278505201290034,-5.532646180554381,-3.2024631121810625,130.3725744996957,129.52574032564084,131.37670793033595,130.3725744996957,132.37672958709587,151.0468740984073,131.37670793033595,116.22105091683292,133.5044074794433,132.37672958709587,116.10816155023096,135.5423583428567,133.5044074794433,69.35833071943172,107.66393037745249,-22.46214601019204,106.24713740772758,115.9729238046647,70.18617696759395,69.10318217279672,-5.532646180554381,-15.02122352271155,116.70580310260708,115.82424424681187,70.66588847376062,112.22002172368784,116.27573341132805,121.1406585910747,77.53656700517321,87.19861407677578,-7.396028507839641,-15.02122352271155,94.02342105772256,77.53656700517321,87.19861407677578,70.35896709321693,18.8916816970408,44.811839785888985,33.74305378301976,16.180716436212915,5.878975618174932,54.16244047662273
52.40372823704698,52.70680422108795,129.69262916782094,129.3845056739833,103.4052254676795,103.44904113120514,77.53241425015784,77.49145360570527,48.01406128012816,51.739181566656,87.04160168813553,86.83679163568353,86.83679163568353,86.218925893175,86.23389766783566,83.99824697889626,83.43723573103892,85.24694899314716,85.35386194422537,85.6802493639036,84.97313353951053,85.35386194422537,84.60386619222295,84.07073577655761,84.97313353951053,83.35532127232297,84.190591936113,84.60386619222295,83.45429754358561,83.48079867756526,84.190591936113,83.3119222503367,82.58897404744754,83.18289997691517,83.47973999824391,83.58764332675177,83.26680202067959,83.70762242971222,83.43723573103892,82.90241825864858,82.8868385971518,83.7262825065247,81.47196491058365,82.7402217564283,83.29890390977866,83.03094875844988,81.64069107365047,81.92439664120529,82.61052329427892,82.90241825864858,82.13899435473792,81.64069107365047,81.92439664120529,81.87042448638385,80.83209912875851,76.26352219672039,77.89578714419169,78.74500505426688,79.47550744637809,77.76687415379686
-144.00000400716507,-143.66767432290894,-144.00003132792176,-143.6677016436656,51.78897023061081,51.85662325433978,51.78895315513788,51.8565959335831,-140.5438599852469,-143.42124109765487,26.339152628388035,25.893392285038203,25.893392285038203,23.504786339825532,24.545577395741244,-15.533726767083456,-18.26166504799882,-11.722085059244481,142.29234743163516,140.6436080678858,144.21747723033826,142.29234743163516,146.09359359155738,164.2344257629495,144.21747723033826,133.621463261439,148.1805715528331,146.09359359155738,133.24356255504054,151.80080403937166,148.1805715528331,80.31906312963135,126.8874704756967,-38.85260901807958,122.98102574217795,132.75133814231438,81.4558729848991,79.26036331771186,-18.26166504799882,-30.95388114864794,135.35930927310037,132.23136950117964,85.69293985538148,131.2120184090686,133.82714757810476,139.35853529630455,94.33230270255804,105.64170943969765,-22.418740158016607,-30.95388114864794,113.10335642866725,94.33230270255804,105.64170943969765,84.45501587964087,10.073555723812081,51.87382508576446,32.001645827706234,2.972483812637563,-11.519818398484663,67.8288601189691
62
2.104958696236281e-07,2.1196805732870416e-07,2.1674610195532296e-07,2.1817612605445902e-07,5.963577791590069e-07,5.944451686445973e-07,5.941146810073406e-07,5.921947945353168e-07,2.5252373347939283e-07,2.1654400939041807e-07,2.488795871613547e-06,-1.0,2.3278587377717486e-06,-1.0,1.9480905848467955e-06,2.20366200665012e-06,1.955771267603268e-06,1.230513589689508e-06,-1.0,-1.0,1.702151280369435e-06,-1.0,1.5826366279725335e-06,-1.0,1.240902065546834e-06,1.4628619737777626e-06,1.1069776064687176e-06,-1.0,1.3628668966703117e-06,1.1236809314141283e-06,1.128499093283608e-06,1.2660574384426582e-06,1.1006784461642383e-06,9.927397286446649e-07,1.084700215869816e-06,1.1280434364380199e-06,1.1470032177385292e-06,1.0932830036836094e-06,1.1697543413902167e-06,1.1596446256589843e-06,1.1260016208325396e-06,-1.0,1.0342366749682697e-06,1.172305019281339e-06,8.638278359285323e-07,1.0133754813068663e-06,1.097675749406335e-06,1.055608777278394e-06,-1.0,-1.0,1.0009872539740172e-06,1.0420232001706609e-06,9.361579031974543e-07,8.809180371827097e-07,9.114775139096309e-07,9.060055390364141e-07,8.073126309682266e-07,5.922746026953973e-07,6.12679116329673e-07,6.59570275729493e-07,7.052169621601934e-07,6.046145699656336e-07
1.3501703506335616e-05,4.864235052082222e-06,2.852573061318253e-06,9.941209100361448e-07,2.2368989505139325e-07,5.482256710820366e-07,8.676129255036358e-07,2.131958808604395e-06,3.650897895113303e-08,1.1446977055129537e-07,1.4191622876857934e-10,0.0,1.5809464848359767e-10,0.0,3.1624547425224137e-09,1.7174955901921862e-10,8.032259302126477e-10,4.4574349766790533e-10,0.0,0.0,2.3603083376677603e-10,0.0,2.6764193639117195e-10,0.0,3.1668478950308554e-09,1.977074753911623e-10,5.50396972442968e-09,0.0,3.4155966943671956e-10,5.034042627194424e-10,5.654028800705646e-09,3.8059067009044156e-10,2.7581062433945647e-10,7.133305501838549e-09,3.6185604512795067e-10,5.054906493384692e-10,1.2735935861485359e-08,5.722739615521277e-09,3.8106745536836684e-10,7.158133530360544e-10,3.4109984281549544e-10,0.0,6.3154308449497876e-09,2.9288280134487366e-10,2.1664444460611776e-08,1.0728793409242598e-09,5.229144339757852e-10,8.620582581109204e-10,0.0,0.0,7.916360900139807e-09,5.350522802594071e-10,1.5927076324473433e-09,1.770508717413577e-08,1.1414380551855174e-08,1.1434903690599185e-08,7.836167270625083e-10,1.6195487262393726e-07,3.265057335610777e-09,1.6395862445506282e-08,8.732561201929556e-11,6.111226191762853e-09
0.0,3.1380598545074463,-0.07327163964509964,3.063948631286621,-3.097357988357544,0.049017999321222305,-0.009308564476668835,3.136718273162842,-0.7883384823799133,-0.7867545485496521,2.402747631072998,0.0,2.4028124809265137,0.0,2.3489112854003906,2.3339436054229736,-0.8030610680580139,2.3615636825561523,0.0,0.0,2.444336175918579,0.0,2.4595072269439697,0.0,2.358745574951172,2.4283623695373535,2.3522965908050537,0.0,2.401024341583252,2.3454179763793945,2.3496761322021484,2.353935956954956,-0.8251023888587952,2.351475954055786,-0.7848984003067017,2.3610939979553223,2.3521673679351807,2.352634906768799,2.379465103149414,-0.7826004028320312,2.3340163230895996,0.0,2.3511850833892822,2.3610739707946777,2.3543782234191895,-0.7837738394737244,2.3752007484436035,-0.7892767786979675,0.0,0.0,2.3545730113983154,-0.8034518361091614,-0.7925933599472046,2.353902816772461,2.3538801670074463,2.3528809547424316,2.361396551132202,-0.7557993531227112,-0.8019603490829468,2.3520238399505615,-0.9627457857131958,-0.7939866185188293
127.5962665266256,127.29127125942786,129.69267014895595,129.38247027761065,103.42224629909117,103.46617124564352,102.48342313729458,102.52456136666557,23.299284730720068,26.595621109080138,92.9577886037955,93.16247571284245,93.16247571284245,93.34090757471986,93.77980187040654,93.34090757471986,93.7649393787726,95.9905701801996,96.5489244844698,94.65435295211331,94.32690685311374,95.03638592295964,94.65435295211331,95.40697832694619,95.94023851620577,95.03638592295964,96.66197777561185,95.82179620580858,95.40697832694619,96.56250973072895,96.53436252115932,95.82179620580858,96.70027464628811,97.43269632155608,96.79944216284753,96.53701946474646,96.4285014192133,96.74581151748458,96.30296254226846,96.35812998019466,96.5489244844698,97.0793091640888,97.13289199812755,96.28918605071254,98.54965764709578,97.2805197068482,96.71868883629045,96.98775047826477,98.3825843898081,98.09961648268364,97.37111533599925,97.0793091640888,97.88470458044918,98.3825843898081,98.09961648268364,98.14886214659943,99.15313901121226,101.81889354237653,102.09935477007559,101.22754942441517,100.49229322064163,102.26323832902088
36.99999875288908,-89.20207931506977,36.99999875288908,-89.2020724848806,-97.02873844347401,45.08039599386472,-97.02873844347401,45.08039599386472,-63.702257897933336,-64.43966561129542,27.549679007820444,27.24131645736188,27.24131645736188,26.971926966307404,25.468004688435222,26.971926966307404,26.340446949235755,-4.278504774403211,-5.532646607441205,130.3725744996957,129.52574032564084,131.37670793033595,130.3725744996957,132.37672958709587,151.0468740984073,131.37670793033595,116.22105091683292,133.5044074794433,132.37672958709587,116.10816155023096,135.5423583428567,133.5044074794433,69.35833071943172,107.66392354726332,-22.46214601019204,106.24713740772758,115.9729238046647,70.18617696759395,69.10318217279672,141.68290331237327,-5.532646607441205,-15.02122352271155,116.70580310260708,115.82424424681187,70.66588847376062,112.22002172368784,116.27573341132805,121.1406585910747,77.53656700517321,87.19861407677578,-7.396028507839641,-15.02122352271155,94.02342105772256,77.53656700517321,87.19861407677578,70.35896709321693,18.891679989493504,45.08945282470415,33.74305378301976,16.18071472866562,5.878975618174932,54.16244047662273
52.40372823704698,52.70951922128303,129.69273845084766,129.38167797566695,103.4221711670103,103.4661780758327,77.51656821128341,77.47544364229077,48.063993378055535,51.7478832276586,87.04221640516083,86.83752929611389,86.83752929611389,86.65910426442564,86.22020313854979,86.65910426442564,86.23506563018374,84.00943482875674,83.45108052448654,85.34565205684302,85.6730981558426,84.9636190859967,85.34565205684302,84.59302668201015,84.05976649275057,84.9636190859967,83.33802723334449,84.17820880314775,84.59302668201015,83.43749527822739,83.46563565760783,84.17820880314775,83.29972353247906,82.56730868740026,83.20056284610881,83.46297871402071,83.57149675955387,83.25418666128259,83.69704246668788,83.64186819857251,83.45108052448654,82.92068901467837,82.86711301082879,83.71080529786545,81.45034736186055,82.71949896248647,83.2813093424767,83.01225453069156,81.61742061914823,81.90038852627269,82.62889650314625,82.92068901467837,82.11530042850714,81.61742061914823,81.90038852627269,81.85114286235691,80.84686599774408,76.22155068427065,77.90064340869156,78.77245558454116,79.50772544869304,77.73677351012462
-143.00000967116185,-142.6786356103344,-142.99998235040516,-142.67855364806437,51.511647474835364,51.578409158877655,51.51160649370034,51.57840574378307,-139.64706980760258,-142.4388140081969,26.197707948413534,25.74162718922781,25.74162718922781,25.337232179038867,23.322300760675716,25.337232179038867,24.36308669394955,-15.718684874712817,-18.452497118314394,142.3489150583412,140.69096859959066,144.28565617863333,142.3489150583412,146.17391661619672,164.38907490613693,144.28565617863333,133.65927518868418,148.2753745785129,146.17391661619672,133.2788746330495,151.922668274543,148.2753745785129,80.06853179087527,126.88983372114953,-38.935862193872865,122.96214709931203,132.78341271065676,81.20868843883633,79.02238586665027,157.06351943637983,-18.452497118314394,-31.088511007378063,135.40951116349996,132.26016557872043,85.39324481497967,131.23970799596384,133.86636652431898,139.42873598059396,94.09879902540281,105.49620591980887,-22.6124152945742,-31.088511007378063,113.01348479956822,94.09879902540281,105.49620591980887,84.16439133045682,9.608797209285855,51.59462744306185,31.233229055512293,2.4143502088549167,-11.915309403316849,67.17695954382641
62
2.1049585541277338e-07,2.1198083288709313e-07,2.1674610195532296e-07,2.181885463414801e-07,5.9567901189439e-07,5.93763274991943e-07,5.934333557888749e-07,5.915103997722326e-07,2.5264844794037344e-07,2.1656605042608135e-07,2.4893690806493396e-06,-1.0,2.3284546841750853e-06,-1.0,1.948806357177091e-06,2.204278189310571e-06,1.956435653482913e-06,1.2328349612289458e-06,-1.0,-1.0,1.6993255940178642e-06,-1.0,1.5798327694938052e-06,-1.0,1.2385887657728745e-06,1.460086423321627e-06,1.104103262150602e-06,-1.0,1.3601222690340364e-06,1.1208038586119073e-06,1.1258672429903527e-06,1.2633506685233442e-06,1.098727693715773e-06,9.89853674582264e-07,1.0875105544982944e-06,1.1251605656070751e-06,1.1441230753916898e-06,1.091290300792025e-06,1.167840991911362e-06,1.1571301001822576e-06,1.128400299421628e-06,-1.0,1.0313759730706806e-06,1.1694216937030433e-06,8.616974582764669e-07,1.0104942020916496e-06,1.0948028830171097e-06,1.0527822951189592e-06,-1.0,-1.0,1.0034925708168885e-06,1.0447137128721806e-06,9.333668913313886e-07,8.785173122305423e-07,9.088071806218068e-07,9.039149517775513e-07,8.086672664830985e-07,5.915929364164185e-07,6.130087513156468e-07,6.612226570723578e-07,7.073970209603431e-07,6.032207693351666e-07
1.350170532532502e-05,4.790474577021087e-06,2.852573061318253e-06,9.766999937710352e-07,2.2397156840270327e-07,5.479100195771025e-07,8.705894174454443e-07,2.1351718260120833e-06,3.681447324765941e-08,1.1555178502931085e-07,1.4111364854407782e-10,0.0,1.5730663993629435e-10,0.0,3.166532147602652e-09,1.7104988259131204e-10,8.117812533292579e-10,4.4364015239217736e-10,0.0,0.0,2.3682256156121184e-10,0.0,2.671817211918892e-10,0.0,3.168641349304835e-09,1.9801343897896118e-10,5.532003299890675e-09,0.0,3.436022022462737e-10,5.07491326739995e-10,5.654558599132997e-09,3.8231134924515686e-10,2.705723145535188e-10,7.1848855753842145e-09,3.555088445850174e-10,5.0877602131294e-10,1.277348715689186e-08,5.747490483543061e-09,3.819686511530307e-10,7.082424646753793e-10,3.3703034807430754e-10,0.0,6.3468266198185574e-09,2.9530089484808286e-10,2.2450155512387937e-08,1.0792594595798732e-09,5.261376334608769e-10,8.618161739804009e-10,0.0,0.0,7.815972757896361e-09,5.213557918715139e-10,1.6191538110277293e-09,1.8164104886864152e-08,1.1581105852087603e-08,1.165512930612067e-08,7.73092090344818e-10,1.5951201248753932e-07,3.0482294466338544e-09,1.6053974150054273e-08,5.3387599896481674e-11,6.456032597412786e-09
0.0,3.13797926902771,-0.07327165454626083,3.063859224319458,-3.097249984741211,0.04914416745305061,-0.009325616993010044,3.13671612739563,-0.7886245250701904,-0.7866193056106567,2.3605127334594727,0.0,2.3024773597717285,0.0,2.348167896270752,2.418532371520996,-0.7956959009170532,2.3372743129730225,0.0,0.0,2.4597225189208984,0.0,2.3936524391174316,0.0,2.3514184951782227,2.4361231327056885,2.355571746826172,0.0,2.4172120094299316,2.4201018810272217,2.3547708988189697,2.345964193344116,-0.8828675150871277,2.349869966506958,-0.8848329186439514,2.361090660095215,2.3531718254089355,2.3507492542266846,2.368673086166382,-0.817449152469635,2.391162872314453,0.0,2.349579095840454,2.427724599838257,2.353118896484375,-0.8239951729774475,2.368772506713867,-0.7796674966812134,0.0,0.0,2.3535382747650146,-0.844946563243866,-0.8153473138809204,2.3513293266296387,2.3522706031799316,2.3507862091064453,2.372469186782837,-0.7570992112159729,-0.792283296585083,2.3524060249328613,-1.3242942094802856,-0.79253751039505
127.59628018700394,127.28826597619305,129.69268380933428,129.37932839059246,103.43859777196418,103.48192849205874,102.49834710063107,102.53928725451611,22.831590942398027,26.05010073026039,92.9571055848785,93.16166292033122,93.16166292033122,93.33997183880358,93.77840851181585,93.33997183880358,93.76365530320864,95.9792457265557,96.53493625704961,94.66263114138737,94.33411953287727,95.04598916893268,94.66263114138737,95.41791345980738,95.95137172455289,95.04598916893268,96.67940158818455,95.83431594255721,95.41791345980738,96.57942810930307,96.54970995622435,95.83431594255721,96.71222747733563,97.4544914551976,96.78178612384303,96.55384222067221,96.44475726943793,96.75818782026064,96.31333076942855,96.37200892458812,96.53493625704961,97.06098376654565,97.15277467880145,96.30475888202018,98.5709473467387,97.30137910457341,96.73640634699747,97.00659497018484,98.4056567688244,98.12357678629205,97.35260552334852,97.06098376654565,97.90843265762581,98.4056567688244,98.12357678629205,98.16783641211373,99.13767546293134,101.82192614636801,102.09275680733737,101.19912217708958,100.45958344470644,102.29201391599415
38.00000333417606,-90.19202644280391,38.00000333417606,-90.19202644280391,-97.30833223714849,45.36056693852406,-97.30833223714849,45.36056693852406,-64.75793876623968,-65.55345772906023,27.549679007820444,27.24131645736188,27.24131645736188,26.97193038140199,25.46800298088793,26.97193038140199,26.34044524168846,-4.278505201290034,-5.532646180554381,130.3725744996957,129.52574032564084,131.37670793033595,130.3725744996957,132.37672958709587,151.0468740984073,131.37670793033595,116.22105091683292,133.5044074794433,132.37672958709587,116.10816155023096,135.5423583428567,133.5044074794433,69.35833071943172,107.66392354726332,-22.46214771773933,106.24713740772758,115.9729238046647,70.18617696759395,69.10318217279672,141.68290331237327,-5.532646180554381,-15.02122352271155,116.70580310260708,115.82424424681187,70.66588847376062,112.22002172368784,116.27573341132805,121.1406585910747,77.53656700517321,87.19861407677578,-7.396029361613287,-15.02122352271155,94.02342105772256,77.53656700517321,87.19861407677578,70.35896709321693,18.8916816970408,45.36899539195985,33.74305378301976,16.18071472866562,5.878975618174932,54.16244389171732
52.40372823704698,52.712148844113486,129.69265648857763,129.37893223962058,103.4377508285071,103.48192166186958,77.50200624797294,77.46071092425105,48.112194023028316,51.756277530148544,87.04289259388865,86.83834208862511,86.83834208862511,86.66003317015276,86.22159649714047,86.66003317015276,86.2363497057477,84.02075928240062,83.46505509152838,85.33736703737979,85.66588547607907,84.95401584002366,85.33736703737979,84.58208471895978,84.04862645421427,84.95401584002366,83.32060342077179,84.16568906639912,84.58208471895978,83.42057689965327,83.45028822254282,84.16568906639912,83.28777070143154,82.54551355375874,83.2182188851133,83.44616278828413,83.5552477395184,83.24181718869569,83.68667423952779,83.6279960843682,83.46505509152838,82.93901441222151,82.84723033015489,83.69524612693615,81.42905083202845,82.69861907419374,83.26359866195887,82.99339637839316,81.59434824013194,81.87642822266429,82.64739948560782,82.93901441222151,82.09157235133053,81.59434824013194,81.87642822266429,81.8321685968426,80.862329546025,76.1828644928117,77.90724820161897,78.8008760016776,79.5404215642499,77.70799109296219
-142.00000167478026,-141.68969252040824,-142.00006997667197,-141.6897061807866,51.23233030382228,51.29825870478582,51.23230639816018,51.29823479912373,-138.75208279989914,-141.4567147678191,26.05686774018058,25.59054511233442,25.59054511233442,25.17718206376525,23.140867030658082,25.17718206376525,24.181567586567294,-15.897946604574386,-18.63679099004697,142.40236811878572,140.73533750843904,144.35061127764016,142.40236811878572,146.25092016889946,164.54129250197983,144.35061127764016,133.6921830401053,148.366776169986,146.25092016889946,133.30929629561274,152.04111741512938,148.366776169986,79.81175765921782,126.88609077748436,-39.01265059561673,122.93768136170505,132.81067882582346,80.95512449608879,78.77879400009094,157.19935823859305,-18.63679099004697,-31.215965752385085,135.45460407240037,132.2842215049772,85.08391920784813,131.26181048811802,133.90065407395244,139.49429213624774,93.85580821549044,105.34208270118752,-22.798297185288803,-31.215965752385085,112.91580626424786,93.85580821549044,105.34208270118752,83.86493534667595,9.152047945335116,51.31336366813531,30.468234208092525,1.8701619303667323,-12.296975251495285,66.5095271185111
60
2.104958696236281e-07,2.119931536981312e-07,2.1674610195532296e-07,2.1820052609200502e-07,5.950618628958182e-07,5.931430564487528e-07,5.928138762101298e-07,5.908877938054502e-07,2.527692686271621e-07,2.1658738091900887e-07,2.489999133103993e-06,-1.0,1.949580109794624e-06,2.204951670137234e-06,1.9571587017708225e-06,1.2351913483144017e-06,-1.0,-1.0,1.6964892211035476e-06,-1.0,1.5770167465234408e-06,-1.0,1.2362500001472654e-06,1.4572974578186404e-06,1.101224142985302e-06,-1.0,1.357362975795695e-06,1.1179225793966907e-06,1.1232173164898995e-06,1.2606279824467492e-06,1.0968242349918e-06,9.869686437014025e-07,1.0903329439315712e-06,1.1222825833101524e-06,1.14123895400553e-06,1.0893439821302309e-06,1.1659752772175125e-06,1.154594315266877e-06,1.1308319471936557e-06,-1.0,1.0285092457706924e-06,1.166534957519616e-06,8.59612214298977e-07,1.0076105354528408e-06,1.0919251280938624e-06,1.0499466043256689e-06,-1.0,-1.0,1.006026764116541e-06,1.0474243481439771e-06,9.305904313805513e-07,8.761519438849064e-07,9.061593573278515e-07,9.018700666274526e-07,8.100855666270945e-07,5.909729452469037e-07,6.134250725153834e-07,6.629369977417809e-07,7.09621076566691e-07,6.019000693413545e-07
1.3501703506335616e-05,4.720948709291406e-06,2.8525726065709023e-06,9.601183137419866e-07,2.2431564161706774e-07,5.476183559949277e-07,8.736469681025483e-07,2.138092668246827e-06,3.710999152417571e-08,1.1660324616968865e-07,1.4113678281635345e-10,0.0,3.170503859450946e-09,1.6997522833683831e-10,8.20310874782848e-10,4.416176868637933e-10,0.0,0.0,2.3673449311978345e-10,0.0,2.6822286058880707e-10,0.0,3.1708256020834824e-09,1.9803653161787338e-10,5.561449079038994e-09,0.0,3.4434041729092257e-10,5.098202415787512e-10,5.656598744963048e-09,3.8418987435839824e-10,2.628884054889369e-10,7.238776689177939e-09,3.459671993333302e-10,5.125680435646984e-10,1.281847694656335e-08,5.771653377451003e-09,3.829798422838593e-10,7.002967095104395e-10,3.328808340086198e-10,0.0,6.379968109371248e-09,2.965444279023899e-10,2.3311278241067157e-08,1.0847451825668486e-09,5.295558436202441e-10,8.620159586136822e-10,0.0,0.0,7.718780281606996e-09,5.067477548692523e-10,1.645596103827529e-09,1.8656095335245482e-08,1.1755343365393855e-08,1.1885631145958087e-08,7.643615185237707e-10,1.5735261627014552e-07,2.841548774057401e-09,1.5727907864970803e-08,2.1206546935159665e-11,6.8297025812569245e-09
0.0,3.1378955841064453,-0.07327163964509964,3.0637662410736084,-3.0971527099609375,0.0492594912648201,-0.009342559613287449,3.136713981628418,-0.7889746427536011,-0.7866725325584412,2.260004997253418,0.0,2.3548293113708496,2.376194953918457,-0.7840678691864014,2.38578200340271,0.0,0.0,2.3613710403442383,0.0,2.312741756439209,0.0,2.3550469875335693,2.383625030517578,2.3506598472595215,0.0,2.3534350395202637,2.3610236644744873,2.351038932800293,2.377488613128662,-0.8126224875450134,2.3532958030700684,-0.7788112163543701,2.4056453704833984,2.353983163833618,2.353109359741211,2.3607592582702637,-0.7873309254646301,2.4069111347198486,0.0,2.3531529903411865,2.3984365463256836,2.352346897125244,-0.8105177283287048,2.3609328269958496,-0.7901902794837952,0.0,0.0,2.3509421348571777,-0.7998681664466858,-0.8059937953948975,2.3538992404937744,2.355189800262451,2.351166009902954,2.4329960346221924,-0.7579529285430908,-0.7899959087371826,2.3529157638549805,-1.9730106592178345,-0.7952660322189331
127.5962665266256,127.28584808922686,129.69268380933428,129.37652801303275,103.45152048987384,103.49629237988329,102.51204162991694,102.55271540642435,22.36933398465532,25.511524946279252,92.9563542640698,93.33894731042807,93.77690587019846,93.33894731042807,93.76226194461795,95.96779832950676,96.52083191641353,94.67097763255313,94.34138002396499,95.05566071679742,94.67097763255313,95.42896470588447,95.96267568762926,95.05566071679742,96.69694834416231,95.8469586227109,95.42896470588447,96.59646943128224,96.56523497620778,95.8469586227109,96.72392759138386,97.476402702055,96.7641437452169,96.5707196181113,96.4611155725001,96.77031823622659,96.323473600346,96.38605862371084,96.52083191641353,97.04261738786748,97.17282128401544,96.32042733597619,98.59190236711231,97.32239559664954,96.75423997092038,97.02561704702332,98.42851058178726,98.14746878800875,97.33397959748189,97.04261738786748,97.93218122536994,98.42851058178726,98.14746878800875,98.18648282854787,99.12153572592261,101.82470603336021,102.08442397654994,101.16978651460437,100.42644336685355,102.31940980475507
38.99999767017929,-91.17946006092347,38.9999942550847,-91.1807304761091,-97.59015950268156,45.642544468218865,-97.58901886109017,45.642541053124276,-65.8594297133093,-66.71553928425703,27.549679007820444,26.971926966307404,25.46800298088793,26.971926966307404,26.34044524168846,-4.278505201290034,-5.532646180554381,130.3725744996957,129.52574032564084,131.37670793033595,130.3725744996957,132.37672958709587,151.0468740984073,131.37670793033595,116.22105091683292,133.5044074794433,132.37672958709587,116.10816155023096,135.5423583428567,133.5044074794433,69.35833071943172,107.66393037745249,-22.46214601019204,106.24713740772758,115.9729238046647,70.18617696759395,69.10318217279672,141.68290331237327,-5.532646180554381,-15.02122352271155,116.70580310260708,115.82424424681187,70.66588847376062,112.22002172368784,116.27573341132805,121.1406585910747,77.53656700517321,87.19861407677578,-7.396028507839641,-15.02122352271155,94.02342105772256,77.53656700517321,87.19861407677578,70.35896709321693,18.891679989493504,45.650300148021415,33.74305378301976,16.180716436212915,5.878975618174932,54.16244047662273
52.40372823704698,52.71467942920098,129.69265648857763,129.37641873000604,103.45195079179156,103.49629237988329,77.48873519041561,77.44728960253197,48.15864272447899,51.76437471940959,87.04365074488653,86.66105086833909,86.22309230856871,86.66105086833909,86.23773623414921,84.0321998492604,83.47917309254281,85.32902054621404,85.65862498499135,84.94433063178057,85.32902054621404,84.57104030307187,84.03733615151624,84.94433063178057,83.30305666479403,84.15303955605626,84.57104030307187,83.40354923805242,83.43477686293772,84.15303955605626,83.2760705873833,82.52360230690134,83.2358476033611,83.42927856065586,83.53888943645623,83.22967994254057,83.67653140861032,83.61393955505632,83.47917309254281,82.95738079089968,82.82719055513007,83.67957767298014,81.40810264184402,82.6776094123068,83.24575820784679,82.974387961933,81.57149442716907,81.85252939075842,82.66601858128527,82.95738079089968,82.06782378358639,81.57149442716907,81.85252939075842,81.81350852003014,80.87846245284456,76.14751143366772,77.9155810324064,78.83021166416279,79.57356164210279,77.68059520420127
-141.00000733877704,-140.70084505313048,-140.99991171612868,-140.7008860342655,50.95119630248997,51.016240193956,50.951213377962894,51.01624360905058,-137.8588443206232,-140.47497069727817,25.916695182938994,25.01796864666496,22.960575649779134,25.01796864666496,24.001105450959095,-16.071498296289825,-18.814546663196552,142.4526656318337,140.77670113405264,144.4122605650887,142.4526656318337,146.32453594777385,164.6910375693432,144.4122605650887,133.72007753267565,148.4547216857391,146.32453594777385,133.33477290121687,152.1560694988607,148.4547216857391,79.54882269692901,126.87614602205282,-39.083052770486645,122.90754656708695,132.8330545255444,80.69525628873731,78.52967651049306,157.3321371160581,-18.814546663196552,-31.336310270466125,135.49451969790994,132.30345531767998,84.76499718493272,131.2782575836394,133.92991460435678,139.55510814061753,93.60327563130757,105.17923050080691,-22.976428518842734,-31.336310270466125,112.81021836986864,93.60327563130757,105.17923050080691,83.55669573962246,8.703588823489481,51.03019768552492,29.70768922891702,1.3401659312001881,-12.664860339249572,65.82706827702177
62
2.104958696236281e-07,2.1200504818352783e-07,2.1674610195532296e-07,2.1821203688432433e-07,5.945066163803858e-07,5.925848540755396e-07,5.922564696447807e-07,5.903274882257392e-07,2.5288608185292105e-07,2.1660795823663648e-07,2.490685119482805e-06,-1.0,2.3298173346120166e-06,-1.0,1.950411160578369e-06,2.2056824491301086e-06,1.9579395029722946e-06,1.2375817277643364e-06,-1.0,-1.0,1.6936427300606738e-06,-1.0,1.5741896959298174e-06,-1.0,1.2338861097305198e-06,1.454496100450342e-06,1.0983410447806818e-06,-1.0,1.3545898127631517e-06,1.1150375485158293e-06,1.1205497685295995e-06,1.2578900623338996e-06,1.0949693205475342e-06,9.840855454967823e-07,1.093166815735458e-06,1.1194100579814403e-06,1.1383514220142388e-06,1.0874452982534422e-06,1.1641584478638833e-06,1.1520376119733555e-06,1.13329519990657e-06,-1.0,1.0256371751893312e-06,1.163645265478408e-06,8.575734682381153e-07,1.004724822450953e-06,1.0890431667576195e-06,1.047102159645874e-06,-1.0,-1.0,1.0085892654387862e-06,1.0501541964913486e-06,9.27829887586995e-07,8.738232963878545e-07,9.035354651132366e-07,8.998723615150084e-07,8.11566565062094e-07,5.904148565605283e-07,6.139276820249506e-07,6.647115924351965e-07,7.118876510503469e-07,6.006544595038577e-07
1.3501703506335616e-05,4.6559284783143084e-06,2.852572379197227e-06,9.444294732929848e-07,2.2471725458217406e-07,5.473518740473082e-07,8.767837016421254e-07,2.140719743692898e-06,3.739582155048993e-08,1.1762196550080262e-07,1.405128374765141e-10,0.0,1.5569909250778835e-10,0.0,3.173835638747846e-09,1.700700552609291e-10,8.287361907832747e-10,4.3928613524535365e-10,0.0,0.0,2.3756827061127694e-10,0.0,2.693573697420959e-10,0.0,3.173495910502311e-09,1.9881554735867724e-10,5.592224461281603e-09,0.0,3.458272279655006e-10,5.133062863649229e-10,5.659883672848309e-09,3.8590294848539486e-10,2.5627253097404434e-10,7.294851833705707e-09,3.3881480954178755e-10,5.155006976842458e-10,1.2871215204768305e-08,5.794859259111718e-09,3.8393274670589506e-10,6.934089968879675e-10,3.28847726827064e-10,0.0,6.4148775180683515e-09,2.9981792049049716e-10,2.425911738157538e-08,1.0911892500686804e-09,5.332138064417791e-10,8.627937808647346e-10,0.0,0.0,7.624444187115387e-09,4.937112940694988e-10,1.6738923580561504e-09,1.9185774746688367e-08,1.1937844490716998e-08,1.2127090442959343e-08,7.520098432856059e-10,1.554557087501962e-07,2.6450617252038455e-09,1.5416176779581292e-08,3.305168985723306e-11,7.234470800199233e-09
0.0,3.137808084487915,-0.07327164709568024,3.063669443130493,-3.0970664024353027,0.049363747239112854,-0.009359420277178288,3.136712074279785,-0.7875832319259644,-0.7865803837776184,2.259673595428467,0.0,2.3604795932769775,0.0,2.351109743118286,2.47699236869812,-0.7955511212348938,2.361593008041382,0.0,0.0,2.3614091873168945,0.0,2.394401788711548,0.0,2.360074758529663,2.420710563659668,2.3562519550323486,0.0,2.369453191757202,2.3242342472076416,2.3579604625701904,2.3381781578063965,-0.8167022466659546,2.3530094623565674,-0.7976461052894592,2.3387742042541504,2.3523669242858887,2.357361078262329,2.3530428409576416,-0.8166582584381104,2.3992114067077637,0.0,2.355111598968506,2.4569621086120605,2.3519654273986816,-0.7862192392349243,2.3751444816589355,-0.7998791337013245,0.0,0.0,2.3521127700805664,-0.8028155565261841,-0.7998876571655273,2.3544762134552,2.35129714012146,2.350954532623291,2.3387088775634766,-0.7587519288063049,-0.8088961839675903,2.3525664806365967,2.933650016784668,-0.7916291356086731
127.5962665266256,127.28289744750542,129.69268380933428,129.37387789963478,103.4660619626168,103.50924241854963,102.52417887607204,102.56482533182279,21.913164433010387,24.9806280024725,92.95554147155858,93.15981193906615,93.15981193906615,93.33784764997169,93.77529394555434,93.33784764997169,93.76076613318972,95.95622798905276,96.50659097199406,94.67938559542141,94.3486883263769,95.0654347174997,94.67938559542141,95.4401184047991,95.97413674505654,95.0654347174997,96.71460438316679,95.85973107645883,95.4401184047991,96.61360637590981,96.58092392073131,95.85973107645883,96.7353749884328,97.49843689231746,96.74652868734744,96.58765848725294,96.47756949821067,96.78219593519324,96.33337737464252,96.40029273794114,96.50659097199406,97.02422368843264,97.19300449301282,96.33617775220223,98.61248172708156,97.34354186231991,96.77219653824834,97.04480304840189,98.45113899850752,98.17129931802292,97.31525121877772,97.02422368843264,97.95592979311408,98.45113899850752,98.17129931802292,98.2047877355235,99.10474712094272,101.82721954297477,102.07438359847002,101.13959024828374,100.39287298708292,102.34535769341194
40.00000225146627,-92.16974869811612,39.99999883637168,-92.16974869811612,-97.8719457870796,45.92617148859823,-97.8719457870796,45.9261783187874,-67.00889590910907,-67.92783639023176,27.549679007820444,27.241313042267294,27.241313042267294,26.971926966307404,25.468004688435222,26.971926966307404,26.34044524168846,-4.278505201290034,-5.532646180554381,130.3725744996957,129.52574032564084,131.37670793033595,130.3725744996957,132.37672958709587,151.0468740984073,131.37670793033595,116.22105091683292,133.5044074794433,132.37672958709587,116.10816155023096,135.5423583428567,133.5044074794433,69.35833071943172,107.66392354726332,-22.46214601019204,106.24713740772758,115.9729238046647,70.18617696759395,69.10318217279672,141.68290331237327,-5.532646180554381,-15.021225230258842,116.70580310260708,115.82424424681187,70.66588847376062,112.22002172368784,116.27573341132805,121.1406585910747,77.53656700517321,87.19861407677578,-7.396028507839641,-15.021225230258842,94.02342105772256,77.53656700517321,87.19861407677578,70.35896709321693,18.891679989493504,45.93321341363251,33.74305378301976,16.18071472866562,5.878975618174932,54.16244389171732
52.40372823704698,52.717128052018424,129.69268380933428,129.37397352228317,103.46475739648534,103.50923558836045,77.47677552917892,77.43517967713355,48.20334972769131,51.77214747468506,87.04446353739776,86.84018623970101,86.84018623970101,86.66215735898463,86.22470423321283,86.66215735898463,86.23923887576662,84.04377701990357,83.49340720677311,85.32061258334575,85.65131668257943,84.9345771216458,85.32061258334575,84.5598934343464,84.02586143371063,84.9345771216458,83.28540062578953,84.14027393249751,84.5598934343464,83.38639863304653,83.41907425803586,84.14027393249751,83.26463002052353,82.50157494682804,83.2534763216089,83.4123465217034,83.52243551074567,83.21781590395227,83.66662080412463,83.59971227101519,83.49340720677311,82.9757813205237,82.80700051594351,83.66382042656493,81.38753011206394,82.65646997682559,83.227808470708,82.95520196055445,81.54886601044882,81.82870569093342,82.68475379017862,82.9757813205237,82.04407521584226,81.54886601044882,81.82870569093342,81.79521727343284,80.89525788801362,76.11556663891956,77.9256214104863,78.8604147606726,79.60713202187341,77.6546473155444
-139.99999934239548,-139.7120932085011,-139.9998763989904,-139.7120932085011,50.66851526331065,50.73259609810371,50.66848794255397,50.73262341886039,-136.9672587471264,-139.49351349468236,25.777244918202136,25.290715175696494,25.290715175696494,24.859663644724282,22.781510287856204,24.859663644724282,23.821787372036873,-16.239327997028088,-18.985782920783357,142.49975295597176,140.8149775141614,144.47057672022225,142.49975295597176,146.3946956509282,164.83822814595698,144.47057672022225,133.74289036450347,148.5391291635021,146.3946956509282,133.35519516683522,152.26744256346691,148.5391291635021,79.27980203608972,126.85986285107151,-39.14714385056346,122.8716607531877,132.85045784754962,80.42913845829527,78.27510169974835,157.46177410650495,-18.985782920783357,-31.44961627860747,135.5291487570019,132.3177713941803,84.43651972736848,131.28889901836627,133.95406615326192,139.61108837105496,93.34118078228667,105.00756052620781,-23.146853691465598,-31.44961627860747,112.69659817302548,93.34118078228667,105.00756052620781,83.23972715080967,8.263679390937408,50.745307080149104,28.95258449541543,0.8245712258160572,-13.019027845829536,65.13011577411366
63
2.104958696236281e-07,2.1201640265644528e-07,2.1674610195532296e-07,2.1822310714014748e-07,5.940138976257003e-07,5.920890089328168e-07,5.91761818213854e-07,5.898297104067751e-07,3.028772198376828e-06,2.529988876176503e-07,2.1662778237896418e-07,2.4914272671594517e-06,-1.0,2.3305838112719357e-06,-1.0,1.951299509528326e-06,2.206469616794493e-06,1.9587771475926274e-06,1.240004849023535e-06,-1.0,-1.0,1.6907874851312954e-06,-1.0,1.5713521861471236e-06,-1.0,1.2314977766436641e-06,1.4516826922772452e-06,1.0954548770314432e-06,-1.0,1.351803348370595e-06,1.1121497891508625e-06,1.1178653949173167e-06,1.255137362932146e-06,1.0931642009381903e-06,9.812055168367806e-07,1.0960106919810642e-06,1.1165441264893161e-06,1.135461616286193e-06,1.0855951586563606e-06,1.162391527032014e-06,1.1494607861095574e-06,1.1357889206919936e-06,1.0529018936722423e-06,1.0227604434476234e-06,1.1607537544477964e-06,8.555826980227721e-07,1.0018380862675258e-06,1.0861579085030826e-06,1.0442500979479519e-06,-1.0,-1.0,1.0111782557942206e-06,9.250861694454215e-07,8.715329613551148e-07,9.009366976897581e-07,8.355764293810353e-07,8.979229733085958e-07,8.131089543894632e-07,5.899193524783186e-07,6.145157840364845e-07,6.665447358500387e-07,7.141948117350694e-07,5.994854745949851e-07
1.350170532532502e-05,4.595626251102658e-06,2.852573061318253e-06,9.296834377892083e-07,2.2518156583828386e-07,5.471119379762968e-07,8.799971737971646e-07,2.1430519154819194e-06,9.495938257941816e-08,3.7672162278568067e-08,1.1860616666581336e-07,1.393600651544702e-10,0.0,1.550902045677205e-10,0.0,3.176617635602952e-09,1.6825192628022734e-10,8.372575965864826e-10,4.370701023326262e-10,0.0,0.0,2.393256426369561e-10,0.0,2.702151835620725e-10,0.0,3.1765825525553737e-09,1.9910278981072338e-10,5.624682053451124e-09,0.0,3.4742428378642387e-10,5.166752026219967e-10,5.665008906419189e-09,3.882029975255108e-10,2.505257390428284e-10,7.353124331643812e-09,3.323832320489828e-10,5.188731111438472e-10,1.2931368864599335e-08,5.817557546805574e-09,3.8474431973689605e-10,6.86220635870427e-10,3.2479147149544474e-10,6.6375003271446076e-09,6.451713385757785e-09,3.001006942948692e-10,2.5307283380016088e-08,1.098741764238298e-09,5.366369015824546e-10,8.642898619015682e-10,0.0,0.0,7.5329449344963e-09,1.703751806303444e-09,1.97567722182157e-08,1.2128709592218456e-08,1.7435374033425433e-08,1.2380199088113386e-08,7.412990776778372e-10,1.538085712127213e-07,2.457351433449162e-09,1.511774883056205e-08,6.673773339516131e-11,7.674925583955883e-09
0.0,3.1377174854278564,-0.07327165454626083,3.063568592071533,-3.0969913005828857,0.049456723034381866,-0.009376115165650845,3.1367104053497314,-0.00455159367993474,-0.7891243100166321,-0.7867138981819153,2.3175771236419678,0.0,2.3177621364593506,0.0,2.3566577434539795,2.3760175704956055,-0.8077279329299927,2.3616461753845215,0.0,0.0,2.4439525604248047,0.0,2.377872943878174,0.0,2.348597764968872,2.2877566814422607,2.3491623401641846,0.0,2.3456552028656006,2.324303388595581,2.3548026084899902,2.2990851402282715,-0.6892489790916443,2.3564412593841553,-0.8233548998832703,2.338733196258545,2.3522701263427734,2.3569016456604004,2.3607211112976074,-0.7972562909126282,2.3255093097686768,2.354088068008423,2.3534300327301025,2.3690028190612793,2.35260009765625,-0.7823752760887146,2.338912010192871,-0.7660417556762695,0.0,0.0,2.352846622467041,-0.7915455102920532,2.3528738021850586,2.3528709411621094,-0.7908899784088135,2.3512020111083984,2.3421785831451416,-0.7594733238220215,-0.8128172159194946,2.352412223815918,2.768735647201538,-0.7967065572738647
127.5962665266256,127.28153140967142,129.69268380933428,129.3726894467192,103.47652581242527,103.5207717778686,102.53387091450429,102.5755965401439,92.61960544742067,21.46375506109647,24.45832002154704,92.95466037715565,93.1587737503123,93.1587737503123,93.33665236686694,93.7735727378835,93.33665236686694,93.7591542085456,95.94454836557205,96.49224757473702,94.68785502999224,94.35604444011301,95.07527018990451,94.68785502999224,95.45136089617293,95.98576855721308,95.07527018990451,96.73237653538716,95.87262647361182,95.45136089617293,96.6308526035641,96.59680411055159,95.87262647361182,96.74654917791494,97.52056670522829,96.72894095023464,96.6046383375296,96.49412587675879,96.7938004265931,96.3430420923181,96.41470443708987,96.49224757473702,97.00580266824112,97.21335162655029,96.352037451455,98.63267176626812,97.3648179015845,96.79026921879219,97.06413931394219,98.47351469822847,98.19502739519955,97.29642038723598,97.97968519104738,98.47351469822847,98.19502739519955,98.84099936614267,98.22272381228395,99.08733013855918,101.8294666752117,102.06265616366511,101.10856069888438,100.35892694690797,102.36980977064059
40.9999965874695,-93.15688178791221,40.9999965874695,-93.15688178791221,-98.15560354331024,46.2112772449329,-98.15560354331024,46.21127382983831,-21.05626426766622,-68.20868010852435,-69.19250055657298,27.549679007820444,27.24131645736188,27.24131645736188,26.971926966307404,25.468004688435222,26.971926966307404,26.34044353414117,-4.278505201290034,-5.532646607441205,130.3725744996957,129.52574032564084,131.37670793033595,130.3725744996957,132.37672958709587,151.0468740984073,131.37670793033595,116.22105091683292,133.5044074794433,132.37672958709587,116.10816155023096,135.5423583428567,133.5044074794433,69.35833071943172,107.66392354726332,-22.46214771773933,106.24713740772758,115.9729238046647,70.18617696759395,69.10318217279672,141.68290331237327,-5.532646607441205,-15.02122352271155,116.70580310260708,115.82424424681187,70.66588847376062,112.22002172368784,116.27573341132805,121.1406585910747,77.53656700517321,87.19861407677578,-7.396028507839641,94.02342105772256,77.53656700517321,87.19861407677578,56.72562947211551,70.35896709321693,18.8916816970408,46.21755418878014,33.74305378301976,16.18071472866562,5.878975618174932,54.16244389171732
52.40372823704698,52.719474221998325,129.69275211122599,129.37155563531698,103.47613649164258,103.52077860805778,77.46613409445204,77.42440846881243,92.61960544742067,48.24630478738152,51.77961970163706,87.04534463180069,86.84122442845486,86.84122442845486,86.66335947227856,86.22643227107284,86.66335947227856,86.24085080041074,84.05544981319512,83.5077574342193,85.31214314877494,85.64396056884333,84.9247348190518,85.31214314877494,84.5486441127834,84.01423645174326,84.9247348190518,83.26762847356918,84.12737853534452,84.5486441127834,83.36914557520306,83.40320089840475,84.12737853534452,83.25345583104139,82.47943147353887,83.27105722853251,83.39535984123758,83.50587913219755,83.20619775217408,83.65695608644907,83.58530057186645,83.5077574342193,82.99420917090438,82.78666021259521,83.64796755750133,81.36733324268822,82.63518710737183,83.20973579016415,82.93586569501414,81.52648348053869,81.80497761375679,82.70359145190952,82.02031981790896,81.52648348053869,81.80497761375679,81.15899881262449,81.77728119667239,80.91266804020798,76.0870847500806,77.93735567548039,78.89144431007196,79.64107806204836,77.63018840812657
-139.00000500639226,-138.72340966576343,-139.00000500639226,-138.72335502425005,50.384314507041005,50.447531322904055,50.38431109194642,50.44751424743113,150.21491607636472,-136.07725777751708,-138.51237048078835,25.63858012521983,25.14209196690431,25.14209196690431,24.702343897571378,22.60375461470662,24.702343897571378,23.643700434712546,-16.401425461505415,-19.15049805526009,142.54358911006491,140.85013932800862,144.52549144114917,142.54358911006491,146.46135829722755,164.9828505714428,144.52549144114917,133.76052591294044,148.61995762214002,146.46135829722755,133.3704811301977,152.37515464667803,148.61995762214002,79.00479129934833,126.8371593022704,-39.20501262830639,122.82994195773726,132.862806829569,80.15686662741105,78.01515836031601,157.58821456842023,-19.15049805526009,-31.555955493795395,135.55838196664953,132.32710143258655,84.09853464647956,131.2936528300286,133.97299943764122,139.66213720491163,93.06948268729273,104.82697032455268,-23.309623929576173,112.57483639069166,93.06948268729273,104.82697032455268,64.50171104971581,82.91409105194013,7.832569803357251,50.458866021831696,28.20390013973365,0.32355774701028706,-13.359550341995106,64.41929798719045
67
2.104958696236281e-07,2.1202741606884956e-07,2.1674610195532296e-07,2.1823373685947445e-07,5.935837066317617e-07,5.916558052376786e-07,5.913299219173496e-07,5.893948582524899e-07,3.0260187031672103e-06,2.5310751539109333e-07,2.166468675568467e-07,2.492225121386582e-06,-1.0,2.331405767108663e-06,-1.0,1.9522447018971434e-06,2.2073131731303874e-06,1.959672090379172e-06,1.2424596889104578e-06,-1.0,-1.0,1.6879237136890879e-06,-1.0,1.5685050129832234e-06,1.3655787824973231e-06,1.1668814750009915e-06,-1.0,1.2290852282603737e-06,1.4488581427940517e-06,1.09256643554545e-06,-1.0,1.349004264739051e-06,1.109259869735979e-06,1.1151645367135643e-06,1.2523707937361905e-06,1.0914097856584704e-06,9.783294672160991e-07,1.0988638905473636e-06,1.113685925702157e-06,1.1325704463160946e-06,1.083795268641552e-06,1.1606754242166062e-06,1.1468641787359957e-06,1.1383119726815494e-06,1.0556664165051188e-06,1.0198799600402708e-06,1.117859937949106e-06,1.1578611065488076e-06,8.536412678950001e-07,9.989514637709362e-07,1.1296198181298678e-06,1.0832701491381158e-06,1.0413908739792532e-06,-1.0,-1.0,1.0137925983144669e-06,9.223604138242081e-07,8.692819619682268e-07,8.983644192994689e-07,8.344632078660652e-07,8.960237209976185e-07,8.147111429934739e-07,5.894863761568558e-07,7.560259973615757e-07,6.151884122118645e-07,6.684344384666474e-07,5.98394763073884e-07
1.350170532532502e-05,4.540539521258324e-06,2.852572379197227e-06,9.159944056591485e-07,2.2570571900359937e-07,5.468995141200139e-07,8.832743674247467e-07,2.145087819371838e-06,9.473787798697231e-08,3.79378626291782e-08,1.1955336276514572e-07,1.3929457587380512e-10,0.0,1.543628003197739e-10,0.0,3.1790114984886486e-09,1.6739509778318507e-10,8.451931376995958e-10,4.3640457914051467e-10,0.0,0.0,2.3932217319000415e-10,0.0,2.711794677701107e-10,3.868555753516745e-10,2.6783994466761385e-10,0.0,3.1802798172719804e-09,1.9933221739876217e-10,5.658660651164382e-09,0.0,3.4896308065412995e-10,5.202502317835922e-10,5.6715734331191925e-09,3.897824840670694e-10,2.4303631329658515e-10,7.413957003876703e-09,3.2653615922306756e-10,5.222224874756876e-10,1.2999333165453208e-08,5.839495997861377e-09,3.856023556014776e-10,6.796782026086134e-10,3.2138403049941644e-10,6.570668897865062e-09,6.490328274821877e-09,3.979193419212379e-09,3.0222851998829015e-10,2.6473328418319397e-08,1.1070410144142784e-09,4.769415418159895e-10,5.401730729381882e-10,8.666505846299799e-10,0.0,0.0,7.444175498250161e-09,1.7354285786197465e-09,2.037423385559123e-08,1.2328588816501451e-08,1.87213160529609e-08,1.2646150793216293e-08,7.307974225767566e-10,1.523958133020642e-07,1.1275576028424439e-09,2.277503297065664e-09,1.4831643468937727e-08,8.198240308843197e-09
0.0,3.137622833251953,-0.07327164709568024,3.0634636878967285,-3.0969276428222656,0.04953828081488609,-0.009392674081027508,3.136708974838257,-0.004545043222606182,-0.788776695728302,-0.7866445183753967,2.4461684226989746,0.0,2.4035842418670654,0.0,2.349860668182373,2.3606810569763184,-0.7976227402687073,2.4421064853668213,0.0,0.0,2.376938819885254,0.0,2.3614540100097656,2.316143035888672,2.3342013359069824,0.0,2.35781192779541,2.3168983459472656,2.353259563446045,0.0,2.3538262844085693,2.397712230682373,2.352707624435425,2.3224987983703613,-0.874946653842926,2.3558504581451416,-0.843695878982544,2.3611416816711426,2.3516199588775635,2.356450080871582,2.3495843410491943,-0.7941032648086548,2.2960917949676514,2.357748508453369,2.3498544692993164,2.3549859523773193,2.3239402770996094,2.352935314178467,-0.7901445627212524,2.354010820388794,2.3388850688934326,-0.8276562690734863,0.0,0.0,2.3539154529571533,-0.7939516305923462,2.3535473346710205,2.35416579246521,-0.78729248046875,2.352752685546875,2.34985613822937,-0.7601565718650818,2.391068696975708,-0.8070524334907532,2.353198289871216,-0.7966850996017456
127.5962665266256,127.27836220189653,129.69268380933428,129.37003933332124,103.48569875648059,103.53085996727272,102.54352197180152,102.58502903138769,92.621989183441,21.02176839726307,23.945442824318075,92.953710980861,93.15766042947759,93.15766042947759,93.33537512149215,93.7717490773751,93.33537512149215,93.75743300087476,95.9327594590646,96.47779489445328,94.6963791060764,94.3634483651733,95.08519445476855,94.6963791060764,95.39620711862509,96.31854220376526,95.46270584038433,95.99755746372051,95.08519445476855,96.75025797063425,95.88564481416985,95.46270584038433,96.6482081142451,96.61285505510111,95.88564481416985,96.7574433296411,97.54280580116585,96.71138736406772,96.62167282931959,96.51077787795528,96.80513854061532,96.35246775337272,96.42928006077868,96.47779489445328,96.98736115748208,97.23382853368199,96.59683143130826,96.36797228278864,98.65245882429365,97.38622371444332,96.5278533508803,96.80845801255194,97.08363950402259,98.49561036019347,98.21865984972779,97.27750076323505,98.00342009841317,98.49561036019347,98.21865984972779,98.85289072548767,98.24027739845089,99.06931209952869,101.83144059988184,99.77995913172266,102.04926216270272,101.0767593381088,102.39272505530599
41.999994338567305,-94.14755291569837,41.999994338567305,-94.14630299108026,-98.44167235631788,46.497680737209876,-98.44167235631788,46.497680737209876,-21.073974948184063,-69.4609679720895,-70.51366404772855,27.549679007820444,27.24131645736188,27.24131645736188,26.971926966307404,25.46800298088793,26.971926966307404,26.34044524168846,-4.278505201290034,-5.532646607441205,130.3725744996957,129.52574032564084,131.37670793033595,130.3725744996957,59.434940119616954,58.67960315968359,132.37672958709587,151.0468740984073,131.37670793033595,116.22105091683292,133.5044074794433,132.37672958709587,116.10816155023096,135.5423583428567,133.5044074794433,69.35833071943172,107.66392354726332,-22.46214601019204,106.24713740772758,115.9729238046647,70.18617696759395,69.10318217279672,141.68290331237327,-5.532646607441205,-15.02122352271155,116.70580310260708,135.0095626064607,115.82424424681187,70.66588847376062,112.22002172368784,134.81749768699993,116.27573341132805,121.1406585910747,77.53656700517321,87.19861407677578,-7.396028507839641,94.02342105772256,77.53656700517321,87.19861407677578,56.72562947211551,70.35896709321693,18.891679989493504,46.50317220930256,55.98336549425354,33.74305378301976,16.180716436212915,54.16244047662273
52.40372823704698,52.72173159951901,129.69265648857763,129.36926069175584,103.48608124707411,103.53085996727272,77.45683137680248,77.41496914737947,92.621989183441,48.28750107336045,51.786777739887235,87.04628719790615,86.84234457947875,86.84234457947875,86.66462988746419,86.22825593158123,86.66462988746419,86.24257883827075,84.06723871970256,83.52221011450305,85.30361907269076,85.63655664378302,84.91481055418778,85.30361907269076,84.60379789033125,83.68146280519107,84.53729233838284,84.00244754523582,84.91481055418778,83.24974703832207,84.11436019478649,84.53729233838284,83.35179689471124,83.3871567840444,84.11436019478649,83.24255484912605,82.45719920779048,83.28861081469945,83.37833900982591,83.48923396119024,83.19485963815185,83.64753725558361,83.57072494817766,83.52221011450305,83.01264385147425,82.76618330546351,83.4031667474589,83.6320327261677,81.34754618466269,82.61378129451302,83.47215165807603,83.1915469964044,82.91636550493375,81.50438098838453,81.78134515922855,82.72250424572128,81.99658491054315,81.50438098838453,81.78134515922855,81.14711428346867,81.75973444069463,80.93069973961681,76.06213406904256,80.22004587723367,77.95073601606444,78.92324567084754,77.60728678383953
-138.00001067038903,-137.73480808529578,-137.99995602887566,-137.7348900475658,50.098826260112816,50.16110734005957,50.0988296752074,50.16110734005957,150.23260626631506,-135.1887457891468,-137.53150067446117,25.500762275694605,24.994426692143218,24.994426692143218,24.54607087690878,22.427392300147723,24.54607087690878,23.466921478614275,-16.557795812363686,-19.308717679836143,142.58411945259977,140.88215925483766,144.57696374673438,142.58411945259977,64.20251461312341,64.16072751578128,146.52446924515846,165.12480922315237,144.57696374673438,133.77288855533817,148.69712509938284,146.52446924515846,133.38056248941265,152.47916476735898,148.69712509938284,78.72387244897486,126.80789877186605,-39.2567376508909,122.7823082184656,132.86999218857585,79.87852958854386,77.74994894503358,157.71139019991222,-19.308717679836143,-31.65540304811078,135.58211004382616,151.9378586152571,132.33137713100697,83.75112390453603,131.29239607522132,151.58214236328286,133.98663249522454,139.7081726799175,92.78816768594741,104.63737793357146,-23.464792167140523,112.4448169096513,92.78816768594741,104.63737793357146,64.04063229960494,82.57987623547308,7.410474357934218,50.17104526530194,63.88950070384006,27.462563360051515,-0.16274603896378792,63.69527061441241
67
2.104958696236281e-07,2.1203786104706523e-07,2.1674610195532296e-07,2.182439686748694e-07,5.932164413025021e-07,5.912855840506381e-07,5.909612923460372e-07,5.890231591365591e-07,3.0232492918003118e-06,2.532119935949595e-07,2.166651995594293e-07,2.4930784547905205e-06,-1.0,2.332283429495874e-06,-1.0,1.953245373442769e-06,2.208212663390441e-06,1.9606234218372265e-06,1.2449447694962146e-06,-1.0,-1.0,1.6850525526024285e-06,-1.0,-1.0,1.565648972245981e-06,1.1658210041787243e-06,-1.0,1.2266489193279995e-06,1.2782800240529468e-06,1.4460232478086255e-06,1.0896765161305666e-06,-1.0,1.346193357676384e-06,1.1063690408263938e-06,1.1124478760393686e-06,1.2495906958065461e-06,1.0897075526372646e-06,9.75458192442602e-07,1.1017251608791412e-06,1.110836251427827e-06,1.1296784805381321e-06,1.0820461966432049e-06,1.1590112762860372e-06,1.1442486993473722e-06,1.1408629916331847e-06,1.0584465144347632e-06,1.0169965207751375e-06,1.1151338412673795e-06,1.1549682312761433e-06,8.517505420968519e-07,9.96065523395373e-07,1.1268875823589042e-06,1.080380798157421e-06,1.0385251698608045e-06,-1.0,-1.0,1.0164311561311479e-06,9.196539849654073e-07,8.670720035297563e-07,8.958198804975837e-07,8.334180847668904e-07,8.941755140767782e-07,8.163721076925867e-07,5.89116325500072e-07,6.15944543369551e-07,6.703791086692945e-07,5.973839733997011e-07
1.3501703506335616e-05,4.4908451855008025e-06,2.8525721518235514e-06,9.034199024426925e-07,2.2628677243119455e-07,5.46716137250769e-07,8.866169878274377e-07,2.1468265458679525e-06,9.452522675701402e-08,3.8193000762021256e-08,1.2046194797221688e-07,1.3797599174303343e-10,0.0,1.5333427583197334e-10,0.0,3.180751884102051e-09,1.6673759595242643e-10,8.534429274398292e-10,4.326077274185991e-10,0.0,0.0,2.402402721202179e-10,0.0,0.0,2.7289168147426324e-10,2.595564596585831e-10,0.0,3.1844173964401534e-09,1.6389890333812218e-08,1.9985905985731023e-10,5.6939528647603765e-09,0.0,3.505691292815527e-10,5.236627798055338e-10,5.679467118824277e-09,3.918968760618924e-10,2.3475596466759896e-10,7.477163777025453e-09,3.204802256906447e-10,5.256560742239458e-10,1.3075185378852439e-08,5.860767871013195e-09,3.863116770919106e-10,6.734690582987923e-10,3.1716712589613394e-10,6.506416294627115e-09,6.5307768082334405e-09,3.990096253403408e-09,3.044456353684666e-10,2.777776941798038e-08,1.1160659063591538e-09,4.795874808394274e-10,5.44740030861135e-10,8.679817420365055e-10,0.0,0.0,7.358143427893538e-09,1.7691783593676291e-09,2.1044247233703572e-08,1.2538235338865888e-08,2.0190851657275743e-08,1.2925694292675871e-08,7.205284702216375e-10,1.5120532737000758e-07,2.106845808924618e-09,1.4557302918660753e-08,8.768137327308523e-09
0.0,3.1375248432159424,-0.07327164709568024,3.063354015350342,-3.0968751907348633,0.04960820451378822,-0.009409017860889435,3.1367075443267822,-0.004538444336503744,-0.7872503399848938,-0.7866761088371277,2.301741361618042,0.0,2.3762035369873047,0.0,2.357224464416504,2.4192776679992676,-0.807292103767395,2.337498426437378,0.0,0.0,2.345872163772583,0.0,0.0,2.410734176635742,2.367335796356201,0.0,2.3536486625671387,2.355203628540039,2.3249495029449463,2.3525772094726562,0.0,2.3694090843200684,2.3977081775665283,2.3548154830932617,2.4085676670074463,-0.7924988865852356,2.352489709854126,-0.8177871704101562,2.3610999584198,2.351357936859131,2.3545520305633545,2.333895444869995,-0.7974554300308228,2.3252124786376953,2.3528058528900146,2.3527960777282715,2.3551530838012695,2.398311138153076,2.3535780906677246,-0.7887492775917053,2.346741199493408,2.419055461883545,-0.7829757332801819,0.0,0.0,2.3556935787200928,-0.8066295981407166,2.3525025844573975,2.3537180423736572,-0.7891741991043091,2.352748394012451,2.3301758766174316,-0.7604158520698547,-0.8133149147033691,2.352382183074951,-0.7962159514427185
127.5962665266256,127.27655903195564,129.69268380933428,129.36721163500485,103.4955137383179,103.53948649619444,102.55099419875351,102.59310231498665,92.62439341002884,20.58803772458892,23.442979958026086,92.95270011286385,93.15646514637284,93.15646514637284,93.33401591384732,93.76980930365082,93.33401591384732,93.75560251017718,95.92087492990878,96.46324659152116,94.70497148405228,94.37090010155778,95.09518702152428,95.76594574896538,94.70497148405228,96.32431371361392,95.47414640724409,96.00951029476803,95.76594574896538,95.09518702152428,96.76824185871891,95.89878609813296,95.47414640724409,96.66566607776365,96.62906992419072,95.89878609813296,96.76804378323297,97.56513368956263,96.69388158922497,96.6387346418663,96.52751867161098,96.81619661688156,96.36162020686054,96.44404009957508,96.46324659152116,96.96891964672305,97.25445570497543,96.61303264001953,96.38398907639233,98.67180875021229,97.40774564051803,96.54374720107893,96.8267560893384,97.10328312807553,98.5174259844025,98.2421625306618,97.25850600715324,98.0271276850223,98.5174259844025,98.2421625306618,98.86407857534815,98.25742117326762,99.05070666422958,101.83312765660683,102.03424940690704,101.04422031690285,102.41402158513809
42.9999955047597,-95.13460404322443,42.99999208966512,-95.13585396784254,-98.72884765997107,46.78521462579449,-98.72864275429596,46.78521462579449,-21.090794289015218,-70.768027122609,-71.89133369388763,27.549679007820444,27.24131645736188,27.24131645736188,26.971926966307404,25.46800298088793,26.971926966307404,26.34044524168846,-4.278505201290034,-5.532646180554381,130.3725744996957,129.52574032564084,131.37670793033595,59.12939843728561,130.3725744996957,58.67960315968359,132.37672958709587,151.0468740984073,59.12939843728561,131.37670793033595,116.22105091683292,133.5044074794433,132.37672958709587,116.10816155023096,135.5423583428567,133.5044074794433,69.35833071943172,107.66392354726332,-22.46214601019204,106.24713740772758,115.9729238046647,70.18617696759395,69.10318217279672,141.68290331237327,-5.532646180554381,-15.02122352271155,116.70580310260708,135.0095626064607,115.82424424681187,70.66588847376062,112.22002172368784,134.81749768699993,116.27573341132805,121.1406585910747,77.53656700517321,87.19861407677578,-7.396028507839641,94.02342105772256,77.53656700517321,87.19861407677578,56.72562947211551,70.35896709321693,18.8916816970408,46.78988989028136,33.74305378301976,16.18071472866562,54.16244389171732
52.40372823704698,52.7238762789184,129.69265648857763,129.36706137084312,103.49458483259077,103.53950015657279,77.44887420641942,77.40690269396968,92.62439341002884,48.326931755438935,51.79362500453017,87.04730489609248,86.84353303239432,86.84353303239432,86.66598909510901,86.23018887511635,86.66598909510901,86.24438883840081,84.07913007904756,83.53675158724602,85.29503352490406,85.62910490739854,84.90481798743205,84.23405925999096,85.29503352490406,83.67568446515324,84.52585860171224,83.99048788399912,84.23405925999096,84.90481798743205,83.23176315023743,84.10121891082338,84.52585860171224,83.33434576138185,83.3709350847656,84.10121891082338,83.23194756534502,82.43486448920453,83.30611658954219,83.36127036709004,83.47248633734536,83.18380839207477,83.63837797190664,83.55595807919208,83.53675158724602,83.03108536223328,82.74555613417007,83.3869723689368,83.61602276275318,81.32818942855488,82.59226619862748,83.45625097768824,83.1732557498071,82.89672871106997,81.48257902455384,81.75784247829453,82.74150583199226,81.97287732393404,81.48257902455384,81.75784247829453,81.13591960341901,81.74258383568872,80.94929834472676,76.04074191656208,77.96574877186013,78.95578469205348,77.58598342381825
-137.0000163343858,-136.74628846709817,-136.9999753532508,-136.74639775012488,49.81224176782283,49.87357686656954,49.812248598012005,49.87357003638038,150.24943585242997,-134.3016544801239,-136.55091773607913,25.363852841328992,24.847775700473875,24.847775700473875,24.390919714817354,22.25250189135496,24.390919714817354,23.29153758865398,-16.708442464697487,-19.460463992626316,142.62131666281965,140.91099631351344,144.62493899546456,63.90302447839669,142.62131666281965,63.85078036143526,146.58394653245094,165.26406311995058,63.90302447839669,144.62493899546456,133.77988266904828,148.77059061409548,146.58394653245094,133.38534362183165,152.57936364248306,148.77059061409548,78.4371684283744,126.77198563721012,-39.30239746549243,122.728691233481,132.8719592830568,79.59422296434208,77.47956907654945,157.83123269908927,-19.460463992626316,-31.74803748872908,135.60025102626173,152.03536639584823,132.3305028667932,83.39436263361875,131.28503313129605,151.677000030476,133.99488336374193,139.74908551304588,92.49722894806155,104.43869456080496,-23.61241987586118,112.30643727706683,92.49722894806155,104.43869456080496,63.57323562451179,82.23718515424602,6.997600521664348,49.88204288604578,26.729484279075926,-0.6342322631420492,62.958778146399105
68
2.1049585541277338e-07,2.1204790812134888e-07,2.1674610195532296e-07,2.182536888994946e-07,5.929123290115967e-07,5.909784590585332e-07,5.90655929499917e-07,5.88714897276077e-07,3.020464873770834e-06,2.5331223696412053e-07,2.1668273575414787e-07,2.4939865852502408e-06,-1.0,2.333216571059893e-06,-1.0,1.954302206286229e-06,2.2091676328273024e-06,1.9616309145931154e-06,1.2474595223466167e-06,-1.0,-1.0,1.6821743429318303e-06,-1.0,1.5627846323695849e-06,1.1648221516225021e-06,-1.0,1.22418941828073e-06,1.4431785757551552e-06,1.0867860282814945e-06,-1.0,1.343371422990458e-06,1.1034778708562953e-06,1.1097162087025936e-06,1.0129380143553135e-06,1.2467979786379146e-06,1.0880581839955994e-06,9.72592602010991e-07,-1.0,1.1045935934816953e-06,1.1079961268478655e-06,1.1267866284470074e-06,1.0803495342770475e-06,1.1574002201086842e-06,1.1416143479436869e-06,1.14344095436536e-06,1.061241164279636e-06,1.0141109214600874e-06,1.1123933063572622e-06,1.1520760381245054e-06,8.499121122440556e-07,9.93181174635538e-07,9.324049301540072e-07,1.1241407946727122e-06,1.0774908787425375e-06,1.035654008774145e-06,-1.0,-1.0,1.019092906062724e-06,9.169680197373964e-07,8.649046208120126e-07,8.933043886827363e-07,8.324421401084692e-07,8.923798873183841e-07,8.180903137144924e-07,5.888094847250613e-07,6.167832111714233e-07,6.723768137817387e-07,5.96454526657908e-07
1.350170532532502e-05,4.447077571967384e-06,2.852573061318253e-06,8.92045875389158e-07,2.2692793777423503e-07,5.465629442369391e-07,8.900073567019717e-07,2.1482685497176135e-06,9.432202574544135e-08,3.8437917737610405e-08,1.2133051541241002e-07,1.3788707675654877e-10,0.0,1.5251093443691133e-10,0.0,3.182099916898551e-09,1.658012616090332e-10,8.611793500534759e-10,4.3030107255148664e-10,0.0,0.0,2.4131424636308907e-10,0.0,2.7340366082206913e-10,2.5153670812905204e-10,0.0,3.1889402229978714e-09,2.0151749713370748e-10,5.730854901742077e-09,0.0,3.529621317444054e-10,5.267032365807722e-10,5.688872928288902e-09,2.0291313074238815e-10,3.9391670481059293e-10,2.2795033916001017e-10,7.542782398672898e-09,0.0,3.153815819612049e-10,5.300220817794354e-10,1.3159110245908323e-08,5.881124476303512e-09,3.868831088826852e-10,6.6769673123801e-10,3.142454629845304e-10,6.443869882133413e-09,6.573150024280494e-09,4.001743825199355e-09,3.069989262804995e-10,2.9246798760595993e-08,1.1258192156304858e-09,7.282169867117716e-10,4.822570676132898e-10,5.475926934117581e-10,8.70882754799851e-10,0.0,0.0,7.274781221866533e-09,1.8038752713778194e-09,2.17731273011168e-08,1.2757858769418817e-08,2.1861325194549863e-08,1.3220007311076643e-08,7.107032184983098e-10,1.5023235278022185e-07,1.9436354747881524e-09,1.4293516592545075e-08,9.38855926335691e-09
0.0,3.137423038482666,-0.07327165454626083,3.0632400512695312,-3.096834421157837,0.049666326493024826,-0.009425082243978977,3.136706590652466,-0.004531780257821083,-0.7886478900909424,-0.7867094874382019,2.446592092514038,0.0,2.36043643951416,0.0,2.354891061782837,2.4196159839630127,-0.7768073678016663,2.329805612564087,0.0,0.0,2.327817678451538,0.0,2.361464500427246,2.294013261795044,0.0,2.349153518676758,2.465878963470459,2.352847099304199,0.0,2.424610137939453,2.353163242340088,2.3545284271240234,2.360295534133911,2.408562660217285,-0.8634214997291565,2.353818893432617,0.0,-0.8245094418525696,2.420226573944092,2.3539724349975586,2.3532238006591797,2.360714912414551,-0.8059709072113037,2.421851634979248,2.353522777557373,2.3521084785461426,2.352865695953369,2.2947750091552734,2.3541018962860107,-0.7893775701522827,2.3186213970184326,2.3467516899108887,2.3829407691955566,-0.8031339645385742,0.0,0.0,2.354952573776245,-0.7977586388587952,2.3534460067749023,2.354973793029785,-0.7894469499588013,2.352649450302124,2.4049079418182373,-0.7609575390815735,-0.8084520697593689,2.3554015159606934,-0.7937858700752258
127.59628018700394,127.27388159780101,129.69268380933428,129.36464348387693,103.50095056889724,103.54666502501213,102.55850740684053,102.59980273056243,92.6268181271842,20.16326484501124,22.951703234047287,92.95162777316416,93.15520839156555,93.15520839156555,93.33256791374328,93.76777390727815,93.33256791374328,93.75366956664207,95.90890843848292,96.44861632631898,94.71361167335235,94.37839281907729,95.10526155055005,94.71361167335235,96.32975737438242,95.48568259675224,96.02162705035563,95.10526155055005,96.78632819964109,95.91204349531195,95.48568259675224,96.68320600355224,96.64546920838792,97.28366842405558,95.91204349531195,96.77835053869052,97.58755720060778,97.91664254500816,96.67642362570642,96.65583060535883,96.54434142753671,96.82695416482433,96.37051311315989,96.45897772328989,96.44861632631898,96.95047813596402,97.27519898948476,96.62939777327088,96.40008100207687,98.69070788364571,97.42937001943028,97.91664254500816,96.55981180600679,96.84514978877324,97.12307701629024,98.53892741990968,98.26553543800159,97.23944294917975,98.05079429049638,98.53892741990968,98.26553543800159,98.87455608553495,98.27415513673414,99.03153432322935,101.83453467557587,102.01764521703473,101.01099827677992,102.43367886956938
44.00000008604669,-96.1235198123939,43.9999966709521,-96.1235198123939,-99.01629617119104,47.07371157105207,-99.01539458622061,47.07371157105207,-21.10671716751781,-72.13250767348079,-73.329477834958,27.549679007820444,27.24131645736188,27.24131645736188,26.97193038140199,25.468004688435222,26.97193038140199,26.34044353414117,-4.278505201290034,-5.532646180554381,130.3725744996957,129.52574032564084,131.37670793033595,130.3725744996957,58.67960315968359,132.37672958709587,151.0468740984073,131.37670793033595,116.22105091683292,133.5044074794433,132.37672958709587,116.10816155023096,135.5423583428567,57.88885849909287,133.5044074794433,69.35833071943172,107.66392354726332,57.41701537085005,-22.46214771773933,106.24713740772758,115.9729238046647,70.18617696759395,69.10318217279672,141.68290331237327,-5.532646180554381,-15.021221815164257,116.70580310260708,135.0095626064607,115.82424424681187,70.66588847376062,112.22002172368784,57.41701537085005,134.81749768699993,116.27573341132805,121.1406585910747,77.53656700517321,87.19861407677578,-7.396029361613287,94.02342105772256,77.53656700517321,87.19861407677578,56.72562947211551,70.35896709321693,18.891679989493504,47.07754330717645,33.74305378301976,16.180716436212915,54.16244389171732
52.40372823704698,52.725935580953156,129.69267014895595,129.3649849933354,103.5016404180034,103.54665819482295,77.44228307387036,77.40019544820474,92.6268181271842,48.36461049399531,51.8001546653767,87.04837723579217,86.84480344757995,86.84480344757995,86.66743026502388,86.23223110167818,86.66743026502388,86.24633544231426,84.09109657047341,83.55138185244817,85.28638650541481,85.62160535968987,84.89474345840628,85.28638650541481,83.67024080438475,84.51432241220408,83.97837112841152,84.89474345840628,83.21367680931523,84.08795468345521,84.51432241220408,83.31679900540409,83.35453580056841,82.71633658490076,84.08795468345521,83.22164764007664,82.41244780834855,82.08336246394816,83.32358138324992,83.3441744035975,83.45566358141961,83.17305767432117,83.62949189579645,83.54102728566644,83.55138185244817,83.04952687299232,82.72480601947157,83.37060723568545,83.59992400687946,81.30929029512146,82.57062815933688,82.08336246394816,83.44019320294954,83.1548552201831,82.8769279926661,81.46107075885747,81.73446957095474,82.76056205977659,81.94921071845995,81.46107075885747,81.73446957095474,81.12544892342139,81.72584987222218,80.96847068572698,76.02296976434171,77.9823597919216,78.98900673217642,77.56632613938696
-136.00000833800422,-135.75783715079226,-135.9999263757342,-135.75789179230563,49.52469421885988,49.585069676028205,49.52470446414364,49.585073091122794,150.26536385357446,-133.41592920893495,-135.57056702412885,25.227904756089057,24.702203878693393,24.702203878693393,24.23695700564151,22.0791602279565,24.23695700564151,23.11762389691253,-16.85336712605411,-19.60576431438729,142.65509877845454,140.93659586252264,144.669348885448,142.65509877845454,63.537465923828435,146.63974917796995,165.40057128070245,144.669348885448,133.78143995217903,148.84023122287294,146.63974917796995,133.384715244428,152.67569663053692,63.327656172903986,148.84023122287294,78.1447816903845,126.7292832945192,63.23718348715799,-39.34207061928645,122.66898171975674,132.86859882998516,79.30405603783242,77.20413486807952,157.94767376405966,-19.60576431438729,-31.8339476081095,135.6126956309295,152.12895364785575,132.32439667767522,83.02835328656528,131.27145471522607,63.23718348715799,151.7679508294639,133.99764276016663,139.78476642127004,92.19667330382431,104.23084507417231,-23.752571942535255,112.1595813797224,92.19667330382431,104.23084507417231,63.09984887351655,81.88611343090737,6.594124598805593,49.592026223697864,26.00551667045313,-1.0908346780256328,62.2105787341484
68
2.104958696236281e-07,2.1205747202657221e-07,2.1674610195532296e-07,2.182629543767689e-07,5.926713129156269e-07,5.907348281652958e-07,5.904142881263397e-07,5.884703000447189e-07,3.0176663585734786e-06,2.5340816023344814e-07,2.1669947614100238e-07,2.494949058018392e-06,-1.0,2.3342045096796937e-06,-1.0,1.9554140635591466e-06,2.2101778540672967e-06,1.962694113899488e-06,1.250002014785423e-06,-1.0,-1.0,1.679290448919346e-06,-1.0,1.5599131302224123e-06,1.1638860542007023e-06,-1.0,1.221707293552754e-06,1.4403250361283426e-06,1.0838958814929356e-06,-1.0,1.3405388017417863e-06,1.100587496694061e-06,1.1069698757637525e-06,1.0120151046066894e-06,1.2439933243513224e-06,1.0864630439755274e-06,9.697340601633186e-07,-1.0,1.1074680514866486e-06,1.1051669162043254e-06,1.1238960269110976e-06,1.0787058499772684e-06,1.155843165179249e-06,1.1389620340196416e-06,1.1460444966360228e-06,1.0640494565450354e-06,1.0112240715898224e-06,1.1096383332187543e-06,1.1491854365885956e-06,8.481271152049885e-07,9.902994406729704e-07,9.314885573985521e-07,1.1213800235054805e-06,1.0746008456408163e-06,1.0327780728403013e-06,-1.0,-1.0,1.021776370180305e-06,9.143036550085526e-07,8.627808938399539e-07,8.908192512535607e-07,8.315361128552468e-07,8.906380344342324e-07,8.198642262868816e-07,5.885658538318239e-07,6.177032787491044e-07,6.744257348145766e-07,5.956077302471385e-07
1.3501703506335616e-05,4.4095572775404435e-06,2.852572379197227e-06,8.819390018288686e-07,2.2762310436519329e-07,5.464406171995506e-07,8.93451954198099e-07,2.1494124666787684e-06,9.412829626853636e-08,3.867150510927786e-08,1.221570471443556e-07,1.3640806539871875e-10,0.0,1.5166705391589375e-10,0.0,3.1829427982188463e-09,1.6482372411363855e-10,8.69367633438145e-10,4.2803433020210946e-10,0.0,0.0,2.421081668479985e-10,0.0,2.7485816400663055e-10,2.4298940637379474e-10,0.0,3.1941145284264394e-09,2.010966393406477e-10,5.769475563965898e-09,0.0,3.540477355734595e-10,5.302651651106771e-10,5.699750449394969e-09,2.0499858754963185e-10,3.957479344229853e-10,2.1966320429278596e-10,7.61098739587851e-09,0.0,3.1045849224753397e-10,5.325231366981598e-10,1.3251866270991286e-08,5.900654631574298e-09,3.8742223318344315e-10,6.625067161536435e-10,3.103741708088137e-10,6.383471529147755e-09,6.617401293596004e-09,4.014215182479575e-09,3.0873190115521254e-10,3.091447098313438e-08,1.1365102192684162e-09,7.271314106382931e-10,4.849747270441185e-10,5.513361989173404e-10,8.74296135489061e-10,0.0,0.0,7.193801998539584e-09,1.8407207980075668e-09,2.2569606628053407e-08,1.298866436627577e-08,2.3786272507209105e-08,1.353041412244238e-08,6.994940182636356e-10,1.4947040938295686e-07,1.7884879133234222e-09,1.404008820315994e-08,1.006569583239525e-08
0.0,3.137317657470703,-0.07327163964509964,3.0631210803985596,-3.0968053340911865,0.04971255734562874,-0.009440959431231022,3.1367056369781494,-0.004525064490735531,-0.7881655097007751,-0.7865816354751587,2.344876766204834,0.0,2.360621452331543,0.0,2.3554985523223877,2.435250759124756,-0.8117697834968567,2.3777902126312256,0.0,0.0,2.377033233642578,0.0,2.394305944442749,2.425464630126953,0.0,2.347764730453491,2.3326833248138428,2.3521714210510254,0.0,2.377413034439087,2.3387391567230225,2.3548316955566406,2.3604116439819336,2.3148858547210693,-0.8041199445724487,2.3517074584960938,0.0,-0.7844043970108032,2.3611326217651367,2.3529632091522217,2.3535549640655518,2.368513822555542,-0.8180868029594421,2.295215129852295,2.3534555435180664,2.3517513275146484,2.3516619205474854,2.368938446044922,2.3538389205932617,-0.8011195659637451,2.3183372020721436,2.3389480113983154,2.39072847366333,-0.8035290837287903,0.0,0.0,2.3570563793182373,-0.7890658378601074,2.354454517364502,2.3523404598236084,-0.7894079685211182,2.3510987758636475,2.3615634441375732,-0.7610862255096436,-0.810010552406311,2.3528125286102295,-0.7911564707756042
127.5962665266256,127.27188718256336,129.69267014895595,129.3642200121484,103.50732996558202,103.55236140277992,102.56251672788333,102.60513027811504,92.62924967452872,19.748293286892533,22.472654256230104,92.95048713157277,93.15386967448823,93.15386967448823,93.33105161174754,93.76562922787876,93.33105161174754,93.75164100045858,95.8968394942195,96.43390409884678,94.72231333435494,94.38592651773182,95.11540438146751,94.72231333435494,96.33486635588159,95.49730757871961,96.03390773048332,95.11540438146751,96.80451016321167,95.92542383589601,95.49730757871961,96.70083472180005,96.66202558693604,97.29034834906385,95.92542383589601,96.78835676582459,97.61006267392297,97.92447677198616,96.65901347351206,96.67294022922971,96.5612461457325,96.83740435425445,96.37913281189245,96.47408610173396,96.43390409884678,96.93204345539415,97.29608570796665,96.64593366125149,96.41624122965312,98.70914939440475,97.4511173417476,97.92447677198616,96.57604033547474,96.86364594104565,97.1430143384775,98.5601078365259,98.28875808117964,97.22033207988204,98.0744130846463,98.5601078365259,98.28875808117964,98.88430276548056,98.29045196809379,99.01183605766303,101.83565482659974,101.9994769138425,100.97712736868581,102.45164226708651
45.00000125223908,-97.11233995891497,45.00000125223908,-97.11250388345505,-99.3041408333829,47.36298374278045,-99.30524732402844,47.36299057296962,-21.121753828975592,-73.55639720975334,-74.83121786739036,27.549679007820444,27.24131645736188,27.24131645736188,26.971926966307404,25.46800298088793,26.971926966307404,26.34044524168846,-4.278505201290034,-5.532646180554381,130.3725744996957,129.52574032564084,131.37670793033595,130.3725744996957,58.67960315968359,132.37672958709587,151.0468740984073,131.37670793033595,116.22105091683292,133.5044074794433,132.37672958709587,116.10816155023096,135.5423583428567,57.88885849909287,133.5044074794433,69.35833071943172,107.66392354726332,57.41701537085005,-22.46214601019204,106.24713740772758,115.9729238046647,70.18617696759395,69.10318217279672,141.68290331237327,-5.532646180554381,-15.02122352271155,116.70580310260708,135.0095626064607,115.82424424681187,70.66588847376062,112.22002172368784,57.41701537085005,134.81749768699993,116.27573341132805,121.1406585910747,77.53656700517321,87.19861407677578,-7.396028507839641,94.02342105772256,77.53656700517321,87.19861407677578,56.72562947211551,70.35896709321693,18.8916816970408,47.36594462978565,33.74305378301976,16.18071472866562,54.16244047662273
52.40372823704698,52.72790950562329,129.69275211122599,129.36297691771944,103.50724117312281,103.55236823296909,77.4370579791553,77.3948747308413,92.62924967452872,48.40053045884041,51.80638038280517,87.04951787738356,86.84612850427892,86.84612850427892,86.66896022739797,86.23438261126674,86.66896022739797,86.24836400849776,84.10316551473683,83.56610091010955,85.27769167460139,85.61407849122452,84.88460062748882,85.27769167460139,83.66513182288557,84.50269060004756,83.96609727847301,84.88460062748882,83.19550167593384,84.07457434287116,84.50269060004756,83.29917028715629,83.3379794220203,82.70964982970332,84.07457434287116,83.21164824313175,82.38994916522253,82.075521406781,83.34099836563344,83.32706477972663,83.43875886322384,83.16260065470188,83.62087219706389,83.52591890722238,83.56610091010955,83.06796155356218,82.70391930098968,83.35407134770485,83.58375694911403,81.29085561455159,82.54888766720873,82.075521406781,83.42397833385994,83.13635906791069,82.85699067047884,81.43989034224127,81.7112469277767,82.7796729290743,81.92559875449922,81.43989034224127,81.7112469277767,81.11570224347578,81.70955304086255,80.9881689512933,76.00883127275978,78.00052809511384,79.02287764027051,77.54836274186982
-135.00000034162267,-134.7694677967564,-135.00000034162267,-134.7694268156214,49.236426084939495,49.295824825056506,49.23640900946657,49.29581116467817,150.28039026974847,-132.53148801331002,-134.59048951974538,25.09297266148816,24.557776113598887,24.557776113598887,24.084252758820245,21.90745268731696,24.084252758820245,22.94526578075455,-16.992581749264602,-19.74464767342304,142.68545213912608,140.95891692073025,144.71015243554965,142.68545213912608,63.22096861806838,146.69179521944542,165.53425174313796,144.71015243554965,133.7774374613254,148.90604692571517,146.69179521944542,133.37859539493166,152.76808176925053,62.95310225919882,148.90604692571517,77.84684200859938,126.67968246076657,62.82231779697142,-39.37586298020509,122.60312503577948,132.85985618784756,79.0081449222308,76.92376243283967,158.06064509293165,-19.74464767342304,-31.913198293049156,135.6193209144244,152.21855206938798,132.31300392213964,82.65321880678067,131.25153788360632,62.82231779697142,151.85492645835484,133.99481506185023,139.81514710269826,91.8865212438032,104.0137611717818,-23.88531325395987,112.00416725534792,91.8865212438032,104.0137611717818,62.62085453721272,81.52679083905134,6.200214355879441,49.30118993864955,25.29149040216729,-1.5325102480866826,61.45153981168488
72
2.1049585541277338e-07,2.1206655276273523e-07,2.1674610195532296e-07,2.1827176510669233e-07,5.924941319790378e-07,5.90554634527507e-07,5.902363682253053e-07,5.882894242859038e-07,4.316084414313082e-06,3.0148551104502985e-06,2.534997065595235e-07,2.1671543493084755e-07,-1.0,2.3352467906079255e-06,-1.0,1.9565804905141704e-06,2.211242417615722e-06,1.963812337635318e-06,1.2525717920652824e-06,-1.0,-1.0,1.6764013253123267e-06,-1.0,-1.0,1.5570350342386519e-06,1.36167591335834e-06,1.1630132803475135e-06,-1.0,1.2192028862045845e-06,1.2754549061355647e-06,1.4374631973623764e-06,1.0810067578859162e-06,-1.0,1.3376968581724213e-06,1.0976984867738793e-06,1.104209786717547e-06,1.0111583605976193e-06,1.2411771876941202e-06,1.0849229283849127e-06,9.668833627074491e-07,-1.0,1.1103479664598126e-06,1.1023490742445574e-06,1.1210072443645913e-06,1.0771168490464333e-06,1.1543412483661086e-06,1.1362920986357494e-06,1.1486725952636334e-06,1.0668701406757464e-06,1.0083368806590443e-06,1.1068699450333952e-06,1.1462974498499534e-06,8.463971425953787e-07,9.874212310023722e-07,9.306402830588922e-07,1.1186059509782353e-06,1.07171206309431e-06,1.0298980441802996e-06,-1.0,-1.0,1.024480297928676e-06,9.116624255511852e-07,8.607024710727273e-07,8.88365946138947e-07,8.307011967190192e-07,8.889513765097945e-07,8.216927085413772e-07,5.883858307242917e-07,7.523277645304915e-07,6.187032113302848e-07,6.765241664652422e-07,5.948449484094454e-07
1.350170532532502e-05,4.378746780275833e-06,2.8525728339445777e-06,8.732762921681569e-07,2.2837323854218994e-07,5.463494971991167e-07,8.969262239588716e-07,2.1502580693777418e-06,4.999622049695063e-08,9.394398858830755e-08,3.889375577159626e-08,1.2294034945625754e-07,0.0,1.5104460737713765e-10,0.0,3.1833626845667595e-09,1.636293600615346e-10,8.764173275999099e-10,4.257406649443851e-10,0.0,0.0,2.430917689366652e-10,0.0,0.0,2.757607475700752e-10,3.8672126612127045e-10,2.339668181416954e-10,0.0,3.199778886298077e-09,1.493530277230093e-08,2.0180716819862e-10,5.8095621646714335e-09,0.0,3.557638628137738e-10,5.33779576095128e-10,5.71218805589524e-09,2.0728538330239132e-10,3.979939988685288e-10,2.1186785659210727e-10,7.681693503513998e-09,0.0,3.061888798061574e-10,5.364966249032932e-10,1.3352901007124274e-08,5.919198908799217e-09,3.8794556456167584e-10,6.572719590813847e-10,3.063592157737105e-10,6.324903267795889e-09,6.663595897293817e-09,4.027519207028263e-09,3.1136840328294113e-10,3.282291771711243e-08,1.1480290051935071e-09,7.25417725888633e-10,4.879153192582919e-10,5.549360415635363e-10,8.78082273558789e-10,0.0,0.0,7.115726230466635e-09,1.879711053476285e-09,2.344304483870019e-08,1.3230957662813125e-08,2.6028292410273934e-08,1.3858032943403487e-08,6.896144766344037e-10,1.4890819954871404e-07,1.1168536095951254e-09,1.6403206570814177e-09,1.3796014997069506e-08,1.0807027273074254e-08
0.0,3.137208938598633,-0.07327164709568024,3.062997817993164,-3.096788167953491,0.049746811389923096,-0.009456504136323929,3.136705160140991,-0.01538175716996193,-0.00451830867677927,-0.7880316972732544,-0.7865317463874817,0.0,2.404111385345459,0.0,2.352134943008423,2.3450045585632324,-0.8018702864646912,2.3933894634246826,0.0,0.0,2.3613529205322266,0.0,0.0,2.3450515270233154,2.368133306503296,2.4284210205078125,0.0,2.352782964706421,2.3518946170806885,2.324838638305664,2.351902484893799,0.0,2.3695600032806396,2.3531582355499268,2.3548314571380615,2.4061763286590576,2.4084763526916504,-0.7848071455955505,2.350558280944824,0.0,-0.8051282167434692,2.4058144092559814,2.3529179096221924,2.3491289615631104,2.3606717586517334,-0.8152951002120972,2.3326892852783203,2.351578712463379,2.3544867038726807,2.3515069484710693,2.398104667663574,2.3544602394104004,-0.8018240332603455,2.3430800437927246,2.3766660690307617,2.3531227111816406,-0.7933908104896545,0.0,0.0,2.349687337875366,-0.7990254759788513,2.352696657180786,2.35491681098938,-0.7881037592887878,2.354213237762451,2.39359188079834,-0.7613915205001831,2.3721935749053955,-0.8022098541259766,2.3519954681396484,-0.791549801826477
127.59628018700394,127.27023427678421,129.69268380933428,129.36212997426236,103.51122317340894,103.55656879930865,102.56656019987197,102.60907129726614,91.7050567779343,92.63170171244076,19.34399389935197,22.006999279375314,93.15246265551922,93.15246265551922,93.32943968710342,93.76338209564183,93.32943968710342,93.74950315124836,95.88469541787522,96.41912356948286,94.73105597649256,94.39350119752136,95.12560868408751,95.77875918384832,94.73105597649256,95.41171847823018,96.33964065811143,95.50902135314618,96.04635233515108,95.77875918384832,95.12560868408751,96.82278091924145,95.93891345950678,95.50902135314618,96.71855223250707,96.6787527202134,97.29656382120857,95.93891345950678,96.79804197406767,97.6326296189407,97.93175092345223,96.64166479302023,96.69007717385728,96.57823282619832,96.84754035498275,96.38746564267986,96.48935840471812,96.41912356948286,96.91362243520263,97.31709536985362,96.66263347377216,96.43247658931024,98.7270854711652,97.47295345652414,97.93175092345223,96.59241912910443,96.88223771596641,97.16309509463734,98.58093308330527,98.31180313943925,97.20118022944934,98.09795674671533,98.58093308330527,98.31180313943925,98.89330495480662,98.30629117677906,98.99161186753062,101.83648810967848,99.82851494653228,101.97979913884369,100.94266223413393,102.46785713617612
46.00000241843148,-98.10036780349233,46.00000583352607,-98.09913836944173,-99.59220406162818,47.65285697115579,-99.59485417502614,47.65285697115579,16.90893583759404,-21.135882075273766,-75.04211361839285,-76.39632156475294,27.24131645736188,27.24131645736188,26.971926966307404,25.46800298088793,26.971926966307404,26.34044524168846,-4.278505201290034,-5.532646180554381,130.3725744996957,129.52574032564084,131.37670793033595,59.12939843728561,130.3725744996957,59.434940119616954,58.67960315968359,132.37672958709587,151.0468740984073,59.12939843728561,131.37670793033595,116.22105091683292,133.5044074794433,132.37672958709587,116.10816155023096,135.5423583428567,57.88885849909287,133.5044074794433,69.35833071943172,107.66392354726332,57.41701537085005,-22.46214601019204,106.24713740772758,115.9729238046647,70.18617696759395,69.10318217279672,141.68290331237327,-5.532646180554381,-15.02122352271155,116.70580310260708,135.0095626064607,115.82424424681187,70.66588847376062,112.22002172368784,57.41701537085005,134.81749768699993,116.27573341132805,121.1406585910747,77.53656700517321,87.19861407677578,-7.396028507839641,94.02342105772256,77.53656700517321,87.19861407677578,56.72562947211551,70.35896709321693,18.891679989493504,47.65494017885265,55.98336549425354,33.74305719811435,16.18071472866562,54.16244389171732
52.40372823704698,52.72977756236129,129.69267014895595,129.36107812513018,103.511346116814,103.55658245968698,77.43320575246341,77.3909337116902,88.2949550612112,92.63170171244076,48.434684819785055,51.812285081342644,86.84754235343712,86.84754235343712,86.67056532185292,86.2366229133145,86.67056532185292,86.25050868789714,84.11530959108111,83.58088143947346,85.2689422022746,85.60650381143498,84.87438949467965,84.22124582510801,85.2689422022746,84.58828653072615,83.6603643508449,84.49097682562098,83.95365267380525,84.22124582510801,84.87438949467965,83.17722408971488,84.06109154944954,84.49097682562098,83.28145277644927,83.32125228874294,82.70344801793695,84.06109154944954,83.20196986507784,82.36737539001564,82.0682540855041,83.35834021593611,83.30992783509906,83.42177218275802,83.15246465397358,83.61253936627648,83.51064660423822,83.58088143947346,83.08637574356455,82.68291646929188,83.33737153518418,83.5675284196461,81.27291953779114,82.52704472224302,82.0682540855041,83.40759271004107,83.11776046280075,82.836909914319,81.4190650954619,81.68820186951709,82.79883160969618,81.90204826224101,81.4190650954619,81.68820186951709,81.1067000541497,81.69371383217728,81.00839314142571,75.99836059276215,80.17149006242404,78.02020587011265,79.05733594463322,77.53214104259104
-134.00000600561944,-133.78116674461222,-134.00008796788947,-133.78103014082882,48.94756030946673,49.00593110611366,48.94753298871005,49.00594135139741,-72.44867713016068,150.2945287613304,-131.64826259135734,-133.61063058141536,24.414555584440183,24.414555584440183,23.932870153603375,21.737447571328055,23.932870153603375,22.774538372260913,-17.126101702254598,-19.87714822067941,142.71230844294257,140.97791850700122,144.74728134387783,63.05111547378851,142.71230844294257,63.1545245378225,62.90149334983021,146.7400436757424,165.6650498657437,63.05111547378851,144.74728134387783,133.76780689459568,148.96791477921715,146.7400436757424,133.3669294318293,152.85642343597547,62.5748054018285,148.96791477921715,77.5434723264241,126.62308751330384,62.40315591779691,-39.40383943504546,122.53103921927917,132.84562207361725,78.70661939113141,76.63857471423495,158.17006472343527,-19.87714822067941,-31.985878336007264,135.62003125409808,152.30407969817486,132.29620165678142,82.26908896785915,131.22517335341007,62.40315591779691,151.93783129450046,133.98633196690108,139.8401046139255,91.5668000887549,103.78737455174172,-24.010717234668594,111.84007879072755,91.5668000887549,103.78737455174172,62.13660778543716,81.1593608126505,5.816012373084816,49.00972869129218,61.72050583101081,24.588175578047323,-1.959247874267797,60.682556133789824
69
2.104958696236281e-07,2.120751219081285e-07,2.1674610195532296e-07,2.18280163721829e-07,5.923803882978973e-07,5.904380486754235e-07,5.901222266402328e-07,5.881723836864694e-07,3.012031356774969e-06,2.5358690436405595e-07,2.1673055528026453e-07,-1.0,1.9578010324039496e-06,2.2123610960989026e-06,1.964984676305903e-06,1.2551673762573046e-06,-1.0,-1.0,1.6735078816054738e-06,-1.0,-1.0,1.5541511402261676e-06,1.360851797471696e-06,1.162204057436611e-06,-1.0,1.216676878357248e-06,1.2746369293381576e-06,1.4345941963256337e-06,1.0781199080156512e-06,-1.0,1.3348458196560387e-06,1.0948119779641274e-06,1.1014362826244906e-06,1.0103680097017786e-06,1.2383505918478477e-06,1.0834390877789701e-06,9.640411917644087e-07,-1.0,1.1132319741591346e-06,1.099544078897452e-06,1.1181215313627035e-06,1.0755829862318933e-06,1.152895038103452e-06,1.1336053375998745e-06,1.1513242270666524e-06,1.069701966116554e-06,1.0054500307887793e-06,1.1040885965485359e-06,1.1434127600296051e-06,8.447233312836033e-07,9.845473414316075e-07,9.298605618823785e-07,1.1158191455251654e-06,1.0688249858503696e-06,1.0270148322888417e-06,-1.0,-1.0,1.0272038934999728e-06,9.09045184016577e-07,8.586706599089666e-07,8.859457238941104e-07,8.299377896037186e-07,8.873211072568665e-07,8.235740551754134e-07,5.882693585590459e-07,7.515881179642747e-07,6.197818152031687e-07,6.786702329009131e-07,5.941672611697868e-07
1.3501701687346213e-05,4.355089913588017e-06,2.8525721518235514e-06,8.661785386721021e-07,2.2917593867077812e-07,5.462902095132449e-07,9.004226626529999e-07,2.1508042209461564e-06,9.376967824437088e-08,3.9104978810655666e-08,1.2367972601623478e-07,0.0,3.1831266511517242e-09,1.626231233009534e-10,8.8372154039007e-10,4.232834915907091e-10,0.0,0.0,2.442370750088685e-10,0.0,0.0,2.770211005032053e-10,3.8663017232209995e-10,2.2602043847630426e-10,0.0,3.2059317423005496e-09,1.4507312684486351e-08,2.0330949423996714e-10,5.851052087280095e-09,0.0,3.574136264727912e-10,5.375695999454422e-10,5.726155105634234e-09,2.0935948807920823e-10,3.9972114507236256e-10,2.0410052814501256e-10,7.754995756670269e-09,0.0,3.023424288706167e-10,5.396215141395544e-10,1.3462919667972528e-08,5.93678395333086e-09,3.884567389977889e-10,6.522054563085078e-10,3.028627904022585e-10,6.268307206624968e-09,6.7117151836271205e-09,4.041705192747713e-09,3.1382063614415756e-10,3.502995582493895e-08,1.1605130190162072e-09,7.239523425184302e-10,4.905983397307523e-10,5.587266760365139e-10,8.826131492334355e-10,0.0,0.0,7.039879790227133e-09,1.920507086694556e-09,2.440510193935097e-08,1.348595546346587e-08,2.8668109663954056e-08,1.420506201554872e-08,6.792451046067072e-10,1.4854988705792493e-07,1.1128775678770353e-09,1.5001917486046068e-09,1.3560800482537161e-08,1.1620747919494079e-08
0.0,3.137096881866455,-0.07327163219451904,3.0628700256347656,-3.0967824459075928,0.04976900294423103,-0.009471645578742027,3.136704683303833,-0.004511462990194559,-0.7885933518409729,-0.7866067290306091,0.0,2.3464224338531494,2.3449161052703857,-0.7864809632301331,2.369434118270874,0.0,0.0,2.327876567840576,0.0,0.0,2.393474817276001,2.3944969177246094,2.484868049621582,0.0,2.3564252853393555,2.355315923690796,2.25034761428833,2.3587119579315186,0.0,2.3380026817321777,2.3242812156677246,2.3516037464141846,2.405884027481079,2.3695290088653564,-0.8265876173973083,2.352484703063965,0.0,-0.7983749508857727,2.3834993839263916,2.3520212173461914,2.35501766204834,2.3803343772888184,-0.8009268641471863,2.3625943660736084,2.3512134552001953,2.3492228984832764,2.352717638015747,2.3903839588165283,2.35530686378479,-0.8102700710296631,2.3851847648620605,2.3539459705352783,2.353092670440674,-0.7958424091339111,0.0,0.0,2.3531723022460938,-0.7989485859870911,2.352440357208252,2.35284423828125,-0.7879725098609924,2.3526957035064697,2.329314708709717,-0.7616083025932312,2.3601512908935547,-0.8131886124610901,2.3524258136749268,-0.7928647398948669
127.5962665266256,127.26942831446215,129.69268380933428,129.35960280426946,103.51377083396935,103.55930087497666,102.56882782267643,102.61161895782655,92.6341742409203,18.951283635285623,21.555788445067808,93.32775946056759,93.76102568037818,93.32775946056759,93.74725601901143,95.87248303963923,96.40427473822726,94.73985326014353,94.40111002825675,95.13588811878839,95.78248163694599,94.73985326014353,95.41500379922095,96.34407345088277,95.52083075022114,96.05895403416976,95.78248163694599,95.13588811878839,96.84113363754128,95.95252602652262,95.52083075022114,96.73635170548411,96.69565060822,97.30230118011137,95.95252602652262,96.80739250304141,97.65526486585011,97.93844450883884,96.62437758423093,96.707220948674,96.59528097836667,96.85734850663088,96.39551160552213,96.50480829262068,96.40427473822726,96.89523556595695,97.33822114495646,96.67949038064376,96.44878025085906,98.74451611392708,97.49489885432739,97.93844450883884,96.60895501708504,96.9009182833464,97.18330562439141,98.60138949986946,98.33467061278046,97.18198056769242,98.12143210689266,98.60138949986946,98.33467061278046,98.901555823324,98.32165910241159,98.97090273396715,101.83702086443374,99.83828211704541,101.95863921279499,100.90763702407011,102.48230981645987
47.000006999718465,-99.08815659144875,47.00001041481305,-99.0880541386112,-99.88266468627215,47.94315025616509,-99.88243929002954,47.94314342597592,-21.149096783770446,-76.59161033350195,-78.02859334241342,26.971926966307404,25.46800298088793,26.971926966307404,26.34044524168846,-4.278505201290034,-5.532646180554381,130.3725744996957,129.52574032564084,131.37670793033595,59.12939843728561,130.3725744996957,59.434940119616954,58.67960315968359,132.37672958709587,151.0468740984073,59.12939843728561,131.37670793033595,116.22105091683292,133.5044074794433,132.37672958709587,116.10816155023096,135.5423583428567,57.88885849909287,133.5044074794433,69.35833071943172,107.66392354726332,57.41701537085005,-22.46214771773933,106.24713740772758,115.9729238046647,70.18617696759395,69.10318217279672,141.68290331237327,-5.532646180554381,-15.02122352271155,116.70580310260708,135.0095626064607,115.82424424681187,70.66588847376062,112.22002172368784,57.41701537085005,134.81749768699993,116.27573341132805,121.1406585910747,77.53656700517321,87.19861407677578,-7.396028507839641,94.02342105772256,77.53656700517321,87.19861407677578,56.72562947211551,70.35896709321693,18.8916816970408,47.94433870908067,55.98336549425354,33.74305719811435,16.180716436212915,54.16244047662273
52.40372823704698,52.73154316626174,129.69265648857763,129.35919299291925,103.51398940002278,103.55930087497666,77.43074005417303,77.38838605112979,92.6341742409203,48.46708382211301,51.8178755911783,86.67225237857791,86.23897249838899,86.67225237857791,86.25274215975573,84.12751513912792,83.5957234405399,85.26014491862362,85.5988881505104,84.86411689016795,84.21752337201035,85.26014491862362,84.58500120973538,83.6559247278844,84.4791742587352,83.94105097478658,84.21752337201035,84.86411689016795,83.15886454122588,84.04747898243372,84.4791742587352,83.26366013366139,83.3043612309255,82.69770382884496,84.04747898243372,83.19261250591492,82.34474697329539,82.06156050011748,83.37562059453624,83.29277723009315,83.40472403058966,83.14264967213627,83.60448657324503,83.49519671633566,83.5957234405399,83.10477627318855,82.66179069418904,83.3205077981234,83.55122475809726,81.25548889502926,82.50511298481811,82.06156050011748,83.3910499918713,83.09907989542076,82.81669938456493,81.39861550908688,81.6653275659867,82.81802444126392,81.8785660718745,81.39861550908688,81.6653275659867,81.09844918563233,81.67833907635558,81.02910227498919,75.9915850451055,80.1617297221001,78.04136579616134,79.09237481507539,77.5176883623073
-132.99999800923788,-132.7929203339814,-133.0000389903729,-132.7929203339814,48.65824715660333,48.71566855695563,48.658230081130405,48.71564123619895,150.3077383471852,-130.7661846411852,-132.63099020913876,23.782870661693433,21.569225134712518,23.782870661693433,22.605509973323315,-17.25394406049702,-20.00330693729142,142.735626708769,140.9935733005789,144.78069462929753,62.76206869830274,142.735626708769,62.8866445185746,62.579217704032324,146.7844125845908,165.79291100700632,62.76206869830274,144.78069462929753,133.7524526293415,149.02579380224384,146.7844125845908,133.34958075133747,152.94065332882005,62.19304563854897,149.02579380224384,77.23482290802039,126.55936184834763,61.980005208147105,-39.426099021550534,122.45264230798576,132.82582818540254,78.39960238793934,76.3487014858596,158.27586435367877,-20.00330693729142,-32.05207994453761,135.61471736692383,152.38546823232474,132.27393524008718,81.87612086415164,131.19225184161058,61.980005208147105,152.01661069638737,133.9720841922924,139.85954333230333,91.23755765000361,103.55163057253873,-24.128857309195013,111.66723402359119,91.23755765000361,103.55163057253873,61.647511599350885,80.78396678567744,5.441637324958546,48.717813236355006,61.16265696073919,23.896287660408785,-2.3710719958396003,59.90454977600118
65
2.104958696236281e-07,2.120832647278803e-07,2.1674610195532296e-07,2.1828805074619595e-07,5.923302524024621e-07,5.903851842958829e-07,5.900718633711222e-07,5.881192919332534e-07,3.0091957796685165e-06,2.53669583116789e-07,2.1674487982181745e-07,1.9590747797337826e-06,1.9662113572849194e-06,1.2577878578667878e-06,1.1539979141161893e-06,-1.0,1.6706110272934893e-06,-1.0,-1.0,1.551262471366499e-06,1.3600895272247726e-06,1.1614594086495345e-06,-1.0,1.2141296110712574e-06,1.2738815939883352e-06,1.4317184877654654e-06,1.0752361276900047e-06,-1.0,1.33198659568734e-06,1.091928993446345e-06,1.098650159292447e-06,1.0096451887875446e-06,1.2355141052466934e-06,1.0820124316524016e-06,9.612092526367633e-07,-1.0,1.1161192787767504e-06,1.0967528396577109e-06,1.115239797400136e-06,1.074105625775701e-06,1.1515058986333315e-06,1.1309022056593676e-06,1.0725441370595945e-06,1.0025647725342424e-06,1.101295197258878e-06,1.1405323903090903e-06,8.431072728853906e-07,9.816790225158911e-07,9.291501328334562e-07,1.1130205166409723e-06,1.0659407507773722e-06,1.0241293466606294e-06,-1.0,-1.0,1.0299455652784673e-06,9.064536925507127e-07,8.566871656512376e-07,8.8356011929136e-07,8.29247028377722e-07,8.857485909175011e-07,5.882164941795054e-07,7.509244142056559e-07,6.209375555954466e-07,6.808621719756047e-07,5.93575862239959e-07
1.3501703506335616e-05,4.339303359301994e-06,2.852572379197227e-06,8.607158861195785e-07,2.3002736782018474e-07,5.462633225761238e-07,9.039299584401306e-07,2.151052285626065e-06,9.360491759480283e-08,3.9304492105429745e-08,1.2437376994967053e-07,3.182760055508993e-09,8.909140647439528e-10,4.213703275190994e-10,4.348450932667447e-09,0.0,2.4535673492920296e-10,0.0,0.0,2.7994298545941376e-10,3.861779507285945e-10,2.1448795517464703e-10,0.0,3.2124769511199247e-09,1.4104427847883017e-08,2.0336658745900849e-10,5.894573273934611e-09,0.0,3.593192132722578e-10,5.409859782368187e-10,5.74162806188383e-09,2.1144673512107914e-10,4.0189110372956804e-10,1.9661570982432153e-10,7.830823101073747e-09,0.0,2.989092584559927e-10,5.431140537304202e-10,1.3582225122377167e-08,5.9535167906688e-09,3.886700683519706e-10,6.476819636169751e-10,6.213531911214432e-09,6.761910142927263e-09,4.056651903283637e-09,3.1621930074443583e-10,3.7611066261433734e-08,1.173354857719744e-09,7.219070341513145e-10,4.935239439340933e-10,5.625534482689432e-10,8.877531487705426e-10,0.0,0.0,6.966305754474433e-09,1.9636448023163666e-09,2.547005628628085e-08,1.3754443806135441e-08,3.1821784318708524e-08,1.4572678175284182e-08,1.48386916976051e-07,1.108825364859456e-09,1.366919355483276e-09,1.3333933956971578e-08,1.2516643721482978e-08
0.0,3.136981964111328,-0.07327164709568024,3.0627379417419434,-3.0967888832092285,0.04977906495332718,-0.009486457332968712,3.136704444885254,-0.004504580982029438,-0.7881067395210266,-0.7866406440734863,2.348726749420166,-0.788597822189331,2.409278154373169,2.352023124694824,0.0,2.4104251861572266,0.0,0.0,2.2322442531585693,2.368223190307617,2.3697102069854736,0.0,2.351407766342163,2.351350784301758,2.3918042182922363,2.3516223430633545,0.0,2.3851070404052734,2.3386707305908203,2.3530023097991943,2.3978352546691895,2.369507312774658,-0.8726091384887695,2.356325149536133,0.0,-0.7981961369514465,2.3757290840148926,2.3534586429595947,2.353081703186035,2.348827600479126,-0.8013737201690674,2.3544912338256836,2.3519511222839355,2.3556509017944336,2.3241593837738037,2.3553409576416016,-0.784903347492218,2.3602185249328613,2.3390769958496094,2.368734121322632,-0.7997109889984131,0.0,0.0,2.348900079727173,-0.8018898367881775,2.3528892993927,2.3527536392211914,-0.7869790196418762,2.352947950363159,-0.7616766095161438,2.3722305297851562,-0.8273059129714966,2.3532724380493164,-0.7925702333450317
127.5962665266256,127.26716069165771,129.69268380933428,129.35881050232572,103.51540324918098,103.56053713921642,102.57007774729453,102.61277325979628,92.63665359958902,18.571115306082714,21.12044243265495,93.75858047265531,93.74491326412611,95.86020918970073,96.38937809564746,94.74870518530787,94.40875984012716,95.14623585538095,95.7859172220985,94.74870518530787,95.41805006359078,96.34815790400644,95.53271527937696,96.07171282753934,95.7859172220985,95.14623585538095,96.85957514830031,95.96623421618683,95.53271527937696,96.7542126501637,96.71270559057753,97.30756042577228,95.96623421618683,96.81640835274584,97.6779547542729,97.944557528146,96.6071655075225,96.72436472349074,96.61239743242672,96.86682880919886,96.40325704004093,96.52041527487415,96.87687601746795,97.35944937289686,96.69650438186626,96.46513855392125,98.76140717174451,97.51692621440068,97.944557528146,96.62564116922738,96.91968081299642,97.20365275792888,98.62145659565095,98.35734001063572,97.16276041536801,98.14481184442161,98.62145659565095,98.35734001063572,98.90902805027599,98.33654208461304,101.83726675124386,99.84705891012887,101.93605177720976,100.8720858894402,102.49493883623522
48.000008165910856,-100.07605466243189,48.000008165910856,-100.07605466243189,-100.17265402786337,48.23367918270075,-100.17132214097522,48.233675767606165,-21.16139795446564,-78.20679980804822,-79.72967244577261,25.46800298088793,26.340446949235755,-4.278505628176857,-5.532646607441205,130.3725744996957,129.52574032564084,131.37670793033595,59.12939843728561,130.3725744996957,59.434940119616954,58.67960315968359,132.37672958709587,151.0468740984073,59.12939843728561,131.37670793033595,116.22105091683292,133.50439381906497,132.37672958709587,116.10816155023096,135.5423583428567,57.88885849909287,133.50439381906497,69.35833071943172,107.66392354726332,57.41701537085005,-22.462144302644745,106.24713740772758,115.9729238046647,70.18617696759395,69.10318217279672,141.68290331237327,-15.02122352271155,116.70580310260708,135.0095626064607,115.82424424681187,70.66588847376062,112.22002172368784,57.41701537085005,134.81749768699993,116.27573341132805,121.1406585910747,77.53656700517321,87.19861407677578,-7.396028507839641,94.02342105772256,77.53656700517321,87.19861407677578,56.72562947211551,70.35896709321693,48.23396946574048,55.98336549425354,33.74305378301976,16.18071472866562,54.16244047662273
52.40372823704698,52.73321314751381,129.69265648857763,129.35748544562676,103.51515736237086,103.56053713921642,77.42964722390583,77.38723174916005,92.63665359958902,48.497720635635105,51.82314849721755,86.24142453630103,86.25509174483021,84.13980264944477,83.61062691330886,85.25129982364847,85.59124516882916,84.8537623233862,84.21408778685783,85.25129982364847,84.58195494536555,83.65184027476073,84.46728972957938,83.92829218141699,84.21408778685783,84.8537623233862,83.14042986065603,84.0337707927695,84.46728972957938,83.24579235879264,83.28729941837881,82.69244458318406,84.0337707927695,83.1835966562105,82.32205025468343,82.05544748081033,83.39283950143384,83.27563345527642,83.38760074634044,83.13318302994664,83.59674113872623,83.47957607370384,83.12312899148837,82.64055563605947,83.30350062709007,83.53488011541343,81.23859100702265,82.483092454934,82.05544748081033,83.37435700953979,83.08031736577074,82.79634542083829,81.37854841330538,81.64266499832061,82.83724459358832,81.85519316453473,81.37854841330538,81.64266499832061,81.09097695868033,81.66346292434329,75.988511459979,80.15293926863829,78.0639464015574,79.12791911951614,77.50505934253194
-131.9999900128563,-131.8047422252423,-132.00004465436967,-131.80475588562066,48.368729098064826,48.425146460609135,48.368705192402736,48.425112309663284,150.32003268769122,-129.88517220052358,-131.65156840291561,21.402855386909344,22.438262546211796,-17.37613102210667,-20.123164804394097,142.75537961584865,141.00584032032825,144.81033765029537,62.470767960390866,142.75537961584865,62.61672227276487,62.25434658634984,146.82486096485562,165.9177805254125,62.470767960390866,144.81033765029537,133.73127904291445,149.07961569290356,146.82486096485562,133.32649471194281,153.02068948551425,61.80806885617038,149.07961569290356,76.92103718736082,126.48840984324954,61.55318668691301,-39.44271345670659,122.36787966038591,132.80037890055507,78.08724417681631,76.05429301187539,158.37797568177044,-32.11187825072108,135.60329729063156,152.46260838881088,132.24613637016523,81.47447842019821,131.1526640651812,61.55318668691301,152.09115538098888,133.95196245499756,139.87336763518346,90.89884856906268,103.30648142284863,-24.239808609619992,111.48553050110135,90.89884856906268,103.30648142284863,61.1539757903041,80.40079317323972,48.4256553097023,60.59957616556334,23.21651649835785,-2.7680142024270036,59.11853843650528
64
2.104958696236281e-07,2.1209093858942651e-07,2.1674610195532296e-07,2.1829552565577615e-07,5.923440085098264e-07,5.903960413888854e-07,5.900856194784865e-07,5.881302058696747e-07,3.0063497433729935e-06,2.5374777123943204e-07,2.167583943446516e-07,1.9604017325036693e-06,1.9674912437039893e-06,1.2604317589648417e-06,1.1566927469175425e-06,-1.0,1.6677115581842372e-06,-1.0,-1.0,1.5483697097806726e-06,1.3593893299912452e-06,1.1607794476731215e-06,-1.0,1.2115616527808015e-06,1.2731895822071237e-06,1.4288369811765733e-06,1.072356099030003e-06,-1.0,1.3291199820741895e-06,1.0890502153415582e-06,1.0958520988424425e-06,1.0089901252285927e-06,1.232668637385359e-06,1.0806438694999088e-06,9.583881137587014e-07,-1.0,1.1190089708179585e-06,1.0939764933937113e-06,1.1123626109110774e-06,1.0726857908593956e-06,1.150174398389936e-06,1.1281832712484174e-06,1.0753957440101658e-06,9.996816743296222e-07,1.0984900882249349e-06,1.1376573638699483e-06,8.415502179559553e-07,9.788171837499249e-07,9.285095075028948e-07,1.1102105190730072e-06,1.0630602673700196e-06,1.0212423831035267e-06,-1.0,-1.0,9.038888038048754e-07,8.547530114810797e-07,8.812103260424919e-07,8.286292541015428e-07,8.842349643600755e-07,5.882274081159267e-07,7.503372216888238e-07,6.221689545782283e-07,6.830982215433323e-07,5.930714337409881e-07
1.3501703506335616e-05,4.3316417759342585e-06,2.852572379197227e-06,8.571269063395448e-07,2.3092600542895525e-07,5.462687795443344e-07,9.074363447325595e-07,2.1510013539227657e-06,9.345008322725334e-08,3.949231341948689e-08,1.2502205493092333e-07,3.181814811625827e-09,8.979609833481561e-10,4.1869621658641165e-10,4.310541701357806e-09,0.0,2.462792469959396e-10,0.0,0.0,2.7950253222996935e-10,3.858771358000723e-10,2.052423508924761e-10,0.0,3.219521982344986e-09,1.372373326091747e-08,2.0440839298974112e-10,5.9394356100028745e-09,0.0,3.610564069944644e-10,5.446021411614765e-10,5.758445720260852e-09,2.140565502628533e-10,4.045887791459535e-10,1.8781363964048836e-10,7.909802590688741e-09,0.0,2.9689212199812687e-10,5.46613310170585e-10,1.3711194846166563e-08,5.969190919330458e-09,3.894025935036183e-10,6.435272315030716e-10,6.160600030113983e-09,6.814131925381162e-09,4.072549408817849e-09,3.187551056438309e-10,4.066991010631682e-08,1.1876937211496852e-09,7.200035012644435e-10,4.964730848655563e-10,5.664790858617152e-10,8.939833318066803e-10,0.0,0.0,2.0085635377142808e-09,2.665541032342844e-08,1.4037220275042728e-08,3.565544659522857e-08,1.496281321067272e-08,1.4842092355138448e-07,1.1044472003618466e-09,1.2395510173845992e-09,1.311496067302187e-08,1.3506562090981333e-08
0.0,3.136864423751831,-0.07327164709568024,3.0626018047332764,-3.096806764602661,0.04977699741721153,-0.009500925429165363,3.136704444885254,-0.004497645888477564,-0.7889420390129089,-0.7866743803024292,2.3536062240600586,-0.7860385775566101,2.377636432647705,2.356147527694702,0.0,2.312274932861328,0.0,0.0,2.3933866024017334,2.3868727684020996,2.4277358055114746,0.0,2.354531764984131,2.3524246215820312,2.303093433380127,2.353935956954956,0.0,2.3380439281463623,2.36104154586792,2.3507282733917236,2.4420723915100098,2.29952335357666,-0.7574013471603394,2.3495373725891113,0.0,-0.8670594096183777,2.3757457733154297,2.3534107208251953,2.3536672592163086,2.4158804416656494,-0.7852566242218018,2.3544974327087402,2.352875232696533,2.356367826461792,2.3611249923706055,2.3555026054382324,-0.7743952870368958,2.3855485916137695,2.3695645332336426,2.3466460704803467,-0.821104884147644,0.0,0.0,-0.7973183393478394,2.3515539169311523,2.352337598800659,-0.7858176231384277,2.354295253753662,-0.761464536190033,2.3277320861816406,-0.8258780241012573,2.352135181427002,-0.7903795838356018
127.5962665266256,127.26653231425406,129.69268380933428,129.35577789833425,103.51454947553472,103.56028442221714,102.56976355859271,102.61254103336451,92.63915344882524,18.204463921247257,20.701668166715837,93.7560328120949,93.74247488659242,95.84787386805968,96.37443364174348,94.75759809160724,94.41643697275425,95.15663823348689,95.78907276949505,94.75759809160724,95.42085044115049,96.35189401748244,95.54468860099199,96.08462871525984,95.78907276949505,95.15663823348689,96.87808496095104,95.98005851906694,95.54468860099199,96.77215555711332,96.72992449747512,97.31233472800211,95.98005851906694,96.82508269299174,97.70069245401987,97.95006949080621,96.59002856289493,96.74151532849665,96.62958218837848,96.87595394193,96.41070194623624,96.53620667223522,96.85855061992481,97.38079371405315,96.71368230762884,96.48153783811844,98.77774498423918,97.53902870655484,97.95006949080621,96.6424912459098,96.93851847472732,97.22412283487141,98.64112071027142,98.37977718205921,98.16808229892385,98.64112071027142,98.37977718205921,98.91572846585179,98.35091280262675,101.83721893991968,99.85484532578269,101.91208464341219,100.83607030194672,102.50574419550219
49.00000591700867,-101.06495677122301,49.00000591700867,-101.06482699762878,-100.46189204864591,48.52425933565519,-100.46189204864591,48.52426275074977,-21.172768511886417,-79.88958766481011,-81.50158061082482,25.46800298088793,26.34044524168846,-4.278505628176857,-5.532646180554381,130.3725744996957,129.52574032564084,131.37670793033595,59.12939843728561,130.3725744996957,59.434940119616954,58.67960315968359,132.37672958709587,151.0468740984073,59.12939843728561,131.37670793033595,116.22105091683292,133.5044074794433,132.37672958709587,116.10816155023096,135.5423583428567,57.88885849909287,133.5044074794433,69.35833071943172,107.66392354726332,57.41701537085005,-22.46214771773933,106.24713740772758,115.9729238046647,70.18617696759395,69.10318217279672,141.68290331237327,-15.02122352271155,116.70580310260708,135.0095626064607,115.82424424681187,70.66588847376062,112.22002172368784,57.41701537085005,134.81749768699993,116.27573341132805,121.1406585910747,77.53656700517321,87.19861407677578,94.02342105772256,77.53656700517321,87.19861407677578,56.72562947211551,70.35896709321693,48.523665109197395,55.98336549425354,33.74305378301976,16.18071472866562,54.16244047662273
52.40372823704698,52.73479433630666,129.69275211122599,129.355969143631,103.51485000385821,103.56028442221714,77.42994775222931,77.38746397559183,92.63915344882524,48.52658159997299,51.82811404474415,86.24397219686144,86.25753012236392,84.15213114089666,83.62557136721286,85.2424069173491,85.58356803620207,84.84336677546945,84.21093223946129,85.2424069173491,84.57915456780584,83.6481109914739,84.45531640796435,83.9153762936965,84.21093223946129,84.84336677546945,83.1219200480053,84.01994648988939,84.45531640796435,83.22784945184301,83.2700805114812,82.68767711114339,84.01994648988939,83.17492231596458,82.29930572474728,82.04993551815012,83.4099764460614,83.25848968045969,83.37042282057786,83.12404423683716,83.58929623253091,83.4637983367211,83.14145438903152,82.61921129490318,83.28631587113833,83.51846717083788,81.22225319452798,82.46097630240149,82.04993551815012,83.3575205932357,83.06147970403984,82.77588217408493,81.35889112887409,81.6202278268971,81.83192271003249,81.35889112887409,81.6202278268971,81.08427654310455,81.64909220632958,75.9891466675718,80.14515968317365,78.08792719573331,79.16393470700962,77.49426081345415
-130.99999567685308,-130.81661875801657,-130.99999567685308,-130.8165914372599,48.079139322540044,48.13449459066841,48.07913249235087,48.13451849633051,150.33141178284848,-129.0051842882375,-130.6723241816109,21.238408337357534,22.272866100365352,-17.49268990784023,-20.23675768048058,142.7714988622899,141.01466492473588,144.8361421049797,62.177384014782135,142.7714988622899,62.3448944041767,61.92709173264702,146.86132051464514,166.0395901190705,62.177384014782135,144.8361421049797,133.70419051266617,149.1292848285479,146.86132051464514,133.29757569099698,153.09644994378806,61.420161922637845,149.1292848285479,76.60226542860717,126.4101085546045,61.123021372985605,-39.45378177825659,122.27664199345287,132.76920591718314,77.76969502192408,75.75548589606566,158.4763167454403,-32.16537229230061,135.58562076105954,152.53544552611987,132.21269576398885,81.06434605110645,131.10630074109517,61.123021372985605,152.1613970464133,133.9258984531248,139.88145457916073,90.5507411478238,103.0518861215364,111.2948999213663,90.5507411478238,103.0518861215364,60.65642383002535,80.01001073006661,48.133429081157885,60.03178937004935,22.54947680891982,-3.1501483454504076,58.3255329832993
62
2.104958696236281e-07,2.120981292819124e-07,2.1674610195532296e-07,2.1830247476373188e-07,5.924212018726394e-07,5.904706199544307e-07,5.901632107452315e-07,5.882051254957332e-07,3.0034939300094265e-06,2.538213834668568e-07,2.1677108463791228e-07,1.961780526471557e-06,1.2630981700567645e-06,1.1594075886023347e-06,-1.0,1.6648103837724193e-06,-1.0,-1.0,1.5454736512765521e-06,1.35875188789214e-06,1.1601650840020739e-06,-1.0,1.2725614624287118e-06,1.4259504723668215e-06,1.0694811862776987e-06,-1.0,1.326246774624451e-06,1.0861766668313066e-06,1.0930428970823414e-06,1.0084033874591114e-06,1.2298145293243579e-06,1.0793344245030312e-06,9.55579025685438e-07,-1.0,1.1219002544748946e-06,1.0912161769738304e-06,1.1094913361375802e-06,1.0713241636040038e-06,1.1489016742416425e-06,1.1254494438617257e-06,1.0782553090393776e-06,9.96801873043296e-07,1.0956739515677327e-06,1.1347888175805565e-06,8.400533033636748e-07,9.759627346284105e-07,9.279393680117209e-07,1.1073899486291339e-06,1.0601845588098513e-06,1.0183547374253976e-06,-1.0,-1.0,9.013519957079552e-07,8.528699027010589e-07,8.788978220763966e-07,8.280851488962071e-07,8.827814781398047e-07,5.883019298380532e-07,7.498271088479669e-07,6.234743636923668e-07,6.853766194581112e-07,5.926550556978327e-07
1.3501703506335616e-05,4.332948265073355e-06,2.852572379197227e-06,8.554588930564933e-07,2.3186596820323757e-07,5.463069783218089e-07,9.109224379244552e-07,2.150651653209934e-06,9.330520356343186e-08,3.966777484265549e-08,1.2562398410409514e-07,3.180333774110977e-09,4.163362710141172e-10,4.273525089359964e-09,0.0,2.4719959412777825e-10,0.0,0.0,2.807044041652773e-10,3.8620126541211164e-10,1.9532418737977508e-10,0.0,1.3363429474111399e-08,2.0606767681119464e-10,5.986163120752508e-09,0.0,3.6366423761258204e-10,5.483167808684186e-10,5.777025524622559e-09,2.1558159424284185e-10,4.0647990529052436e-10,1.8026333203913225e-10,7.991438621957059e-09,0.0,2.9384547572952613e-10,5.499311561685261e-10,1.3850190327957534e-08,5.983894713068594e-09,3.890580635435015e-10,6.398250262940053e-10,6.109510231055992e-09,6.868468904741576e-09,4.089226290915349e-09,3.2153252282896005e-10,4.435457512386165e-08,1.2024935491794508e-09,7.174227878437023e-10,4.994975544292402e-10,5.708346018096222e-10,8.997403933008741e-10,0.0,0.0,2.056372627734504e-09,2.7983034556200437e-08,1.4335628684136736e-08,4.040995449372531e-08,1.5378249784703257e-08,1.486508125481123e-07,1.0990772736363397e-09,1.1176618519570525e-09,1.290348450311285e-08,1.4605165077341553e-08
0.0,3.1367452144622803,-0.07327164709568024,3.062462329864502,-3.0968363285064697,0.049762796610593796,-0.009514964185655117,3.136704683303833,-0.004490642808377743,-0.7882465124130249,-0.786652147769928,2.3573546409606934,2.377638578414917,2.353510856628418,0.0,2.36140775680542,0.0,0.0,2.3294520378112793,2.432352066040039,2.4289238452911377,0.0,2.353201389312744,2.4505701065063477,2.3542237281799316,0.0,2.4321038722991943,2.3531720638275146,2.349606513977051,2.4049606323242188,2.3229753971099854,-0.8834133744239807,2.3492507934570312,0.0,-0.846785843372345,2.3532564640045166,2.3537216186523438,2.352644443511963,2.3407576084136963,-0.801236629486084,2.3554229736328125,2.349581480026245,2.3472917079925537,2.3610363006591797,2.356661796569824,-0.7981348633766174,2.3602371215820312,2.353869915008545,2.397077798843384,-0.786033034324646,0.0,0.0,-0.8066660761833191,2.3531575202941895,2.3507962226867676,-0.7841768264770508,2.3543643951416016,-0.7615656852722168,2.356292247772217,-0.7885925769805908,2.3535614013671875,-0.7913814783096313
127.5962665266256,127.26389586123445,129.69268380933428,129.35498559639052,103.51371619245599,103.55853589378961,102.56853412454211,102.61090861815288,92.64166695843981,17.852369377080393,20.30121417567799,93.7533895288861,95.83548390490527,96.35944137651529,94.7665319790416,94.4241482563272,95.16710891348451,95.79194827913562,94.7665319790416,95.4233981017109,96.3552749611216,95.55673705468789,95.79194827913562,95.16710891348451,96.89666307549348,95.99399210497377,95.55673705468789,96.79014627538713,96.74730049872365,97.31661042642254,95.99399210497377,96.83340186340082,97.72347113490187,97.95498722700862,96.57296675034824,96.75864544293503,96.64681475565442,96.8847443953918,96.41783266372974,96.5521551639472,96.84027303370586,97.402240508047,96.73101732774234,96.497991763829,98.79350906084358,97.56120633078987,97.95498722700862,96.6594847565648,96.95743126853908,97.24472268540816,98.66034086259583,98.40199578742927,98.19122981002101,98.66034086259583,98.40199578742927,98.92162974929467,98.36476442626353,101.83687743046117,99.86161404325017,101.88677879253729,100.7996107521572,102.51467808293656
50.0000002530119,-102.05400914417588,50.00000366810648,-102.05268408747689,-100.75087052223998,48.81473362067749,-100.75194286193967,48.81473362067749,-21.183218701316537,-81.64116918689237,-83.34539017726976,25.46800298088793,-4.278505201290034,-5.532646180554381,130.3725744996957,129.52574032564084,131.37670793033595,59.12939843728561,130.3725744996957,59.434940119616954,58.67960315968359,132.37672958709587,59.12939843728561,131.37670793033595,116.22105091683292,133.5044074794433,132.37672958709587,116.10816155023096,135.5423583428567,57.88885849909287,133.5044074794433,69.35833071943172,107.66392354726332,57.41701537085005,-22.46214601019204,106.24713740772758,115.9729238046647,70.18617696759395,69.10318217279672,141.68290331237327,-15.02122352271155,116.70580310260708,135.0095626064607,115.82424424681187,70.66588847376062,112.22002172368784,57.41701537085005,134.81749768699993,116.27573341132805,121.1406585910747,77.53656700517321,87.19861407677578,94.02342105772256,77.53656700517321,87.19861407677578,56.72562947211551,70.35896709321693,48.81323439415467,55.98336549425354,33.74305378301976,16.18071472866562,54.16244047662273
52.40372823704698,52.736269657167384,129.69268380933428,129.35448016239195,103.51304683391733,103.55854272397877,77.43162797876514,77.38909639080346,92.64166695843981,48.55368720569419,51.832755158285174,86.24661548007023,84.16451427386188,83.64056363244103,85.23347302991473,85.57584992243996,84.83290292566099,84.20806356000989,85.23347302991473,84.57660007705626,83.6447368780239,84.44326795426845,84.20806356000989,84.83290292566099,83.10334193346286,84.00601973417174,84.44326795426845,83.20985190338003,83.25270451023269,82.68340141272296,84.00601973417174,83.16660314555551,82.27653387405446,82.04501778194772,83.42703142841893,83.24135273583212,83.35319025330192,83.1152674437537,83.58216551503743,83.44784984500913,83.15973197525048,82.59776450090934,83.26898085102484,83.50200641493815,81.2064891179236,82.43879867816646,82.04501778194772,83.34051342220238,83.04256691022808,82.75528232354817,81.3396641463605,81.59801605171623,81.80877519893531,81.3396641463605,81.59801605171623,81.07837525966166,81.63524741288197,75.99348383769475,80.138384135517,78.11322621641905,79.20039425679914,77.48533375620895
-130.00000134084985,-129.82856359268254,-130.00012428425492,-129.8284543096558,47.789672490420315,47.84406128678113,47.78967932060949,47.844057871686545,150.3418619722786,-128.12613894205685,-129.6932712056029,21.07595399549607,-17.603644623359795,-20.344147037253396,142.78392980657932,141.02001979304518,144.85806701221543,61.88208078601664,142.78392980657932,62.071324837350176,61.597658048598966,146.8937229320677,61.88208078601664,144.85806701221543,133.6710914159483,149.17476022804183,146.8937229320677,133.26271440547325,153.16785274137135,61.029584385139835,149.17476022804183,76.27869204686698,126.32434869938582,60.68983711544506,-39.45937911828142,122.17890198642999,132.73219995226,77.44711884780273,75.45243723278136,158.5708192427966,-32.212637201357104,135.56160581593778,152.60388402160342,132.17355878004466,80.64593549274065,131.0530389259474,60.68983711544506,152.22724007001221,133.8937829036474,139.88370854158686,90.19333783912455,102.7878105176562,111.09524666173765,90.19333783912455,102.7878105176562,60.15527919024318,79.61183119202238,47.84132921111312,59.45986347989833,21.895747450626853,-3.5175563871798525,57.526626246650416
61
2.104958696236281e-07,2.1210479417277384e-07,2.1674610195532296e-07,2.1830896912433673e-07,5.92562230394833e-07,5.906090336793568e-07,5.903047508581949e-07,5.883439371245913e-07,3.000629021698842e-06,2.5389044822077267e-07,2.1678289385818061e-07,1.963211161637446e-06,1.2657861816478544e-06,1.162141188615351e-06,-1.0,1.6619084135527373e-06,-1.0,-1.0,1.5425752053488395e-06,1.1596164313232293e-06,-1.0,1.2719971209662617e-06,1.4230599845177494e-06,1.0666119578672806e-06,-1.0,1.3233677691459889e-06,1.0833094847839675e-06,1.0902230087594944e-06,1.0078854302264517e-06,1.226952917932067e-06,1.078084892469633e-06,9.527830115985125e-07,-1.0,1.1247919928791816e-06,1.0884730272664456e-06,1.1066267688875087e-06,1.0700218808779027e-06,1.1476882946226397e-06,1.122700950872968e-06,1.081122377399879e-06,9.9392605079629e-07,1.0928479241556488e-06,1.1319273198751034e-06,8.386180070374394e-07,9.731164709592122e-07,9.274401691072853e-07,1.1045594874303788e-06,1.057314534591569e-06,1.0154674328077817e-06,-1.0,-1.0,8.98844632502005e-07,8.5103908986639e-07,8.766239716351265e-07,8.276152811959037e-07,8.813892691250658e-07,5.884401161893038e-07,7.493946441172739e-07,6.248520776352962e-07,6.876956604173756e-07,5.923272397012624e-07
1.3501701687346213e-05,4.343190539657371e-06,2.8525726065709023e-06,8.559268280805554e-07,2.3284677297397138e-07,5.463768388835888e-07,9.143736292571703e-07,2.1500029561138945e-06,9.317037097389402e-08,3.983180008049203e-08,1.2617962852345954e-07,3.178586727159427e-09,4.138853426649547e-10,4.237266537643336e-09,0.0,2.4827562228324496e-10,0.0,0.0,2.820005895465272e-10,1.8471288387722495e-10,0.0,1.302210428377748e-08,2.063915427452656e-10,6.0344937935497e-09,0.0,3.64950236697581e-10,5.520042756224086e-10,5.797007318619762e-09,2.1739697542155767e-10,4.0870384854230224e-10,1.7272033803195086e-10,8.075956792197303e-09,0.0,2.9173835569551443e-10,5.536643921111306e-10,1.3999683190490941e-08,5.997571328464346e-09,3.89039106485356e-10,6.36390939945386e-10,6.060214996495006e-09,6.9248247136499685e-09,4.106893047861604e-09,3.2517386006070126e-10,4.8878725067424966e-08,1.2189943499052447e-09,7.156601422586562e-10,5.026203342417546e-10,5.743079900533132e-10,9.067605555301839e-10,0.0,0.0,2.10584771842548e-09,2.9480151653160647e-08,1.4651100777030024e-08,4.6460691294214485e-08,1.5821488119627247e-08,1.490807193249566e-07,1.0938077110722588e-09,1.0045989595752758e-09,1.2699151064055059e-08,1.582962561030854e-08
0.0,3.136625051498413,-0.07327163964509964,3.0623202323913574,-3.0968778133392334,0.049736473709344864,-0.0095285102725029,3.136705160140991,-0.004483591299504042,-0.7891520857810974,-0.7865241169929504,2.3547370433807373,2.3456225395202637,2.3561410903930664,0.0,2.345785140991211,0.0,0.0,2.3294637203216553,2.403949022293091,0.0,2.352769136428833,2.429065704345703,2.353944778442383,0.0,2.377204418182373,2.3688738346099854,2.3565633296966553,2.3606584072113037,2.3849234580993652,-0.927396833896637,2.354649543762207,0.0,-0.8538199067115784,2.33180832862854,2.3534207344055176,2.3519139289855957,2.3605761528015137,-0.8033393025398254,2.3548519611358643,2.3534364700317383,2.352721929550171,2.4267330169677734,2.3571925163269043,-0.8148057460784912,2.411435604095459,2.346982955932617,2.3467345237731934,-0.7758569717407227,0.0,0.0,-0.7985292077064514,2.353436231613159,2.35198974609375,-0.7835737466812134,2.352630138397217,-0.7611297369003296,2.3808512687683105,-0.8430823683738708,2.3527169227600098,-0.7910494208335876
127.5962665266256,127.2631991819391,129.69268380933428,129.35400204915004,103.51001422992584,103.55529838412302,102.5651668412813,102.60788284435056,92.64418729824354,17.515919381207443,19.920074252065646,93.75065062302893,95.82305296061585,96.34442179053045,94.775506847611,94.431893690846,95.17763423499551,95.79452326045272,94.775506847611,96.35829390473474,95.56886064046466,95.79452326045272,95.17763423499551,96.91530266173845,96.00802131352897,95.56886064046466,96.80821212574182,96.76483359432306,97.32038752103357,96.00802131352897,96.84135903378389,97.74627030635136,97.9592970763749,96.55600056044993,96.77576189699509,96.66410196444372,96.89315918844926,96.42464919252141,96.5682607500101,96.82205008900026,97.42377609450004,96.74850944220674,96.51449350086376,98.80867891099017,97.5834522569166,97.9592970763749,96.67662853138152,96.97641236424255,97.26543181897163,98.67911705262419,98.42394118523252,98.21423388714562,98.67911705262419,98.42394118523252,98.92673873079384,98.37806963476672,101.8362353926792,99.86736506253132,101.86018886609843,100.7627550513958,102.52172000797084
51.00000483429888,-103.0402679697582,51.00000824939347,-103.0402679697582,-101.04012903359002,49.104903962281725,-101.04012903359002,49.104907377376314,-21.192731447283073,-83.46297188383153,-85.26130605078254,25.468004688435222,-4.278505201290034,-5.532646180554381,130.3725744996957,129.52574032564084,131.37670793033595,59.12939843728561,130.3725744996957,58.67960315968359,132.37672958709587,59.12939843728561,131.37670793033595,116.22105091683292,133.5044074794433,132.37672958709587,116.10816155023096,135.5423583428567,57.88885849909287,133.5044074794433,69.35833071943172,107.66392354726332,57.41701537085005,-22.46214601019204,106.24713740772758,115.9729238046647,70.18617696759395,69.10318217279672,141.68290331237327,-15.021225230258842,116.70580310260708,135.0095626064607,115.82424424681187,70.66588847376062,112.22002172368784,57.41701537085005,134.81749768699993,116.27573341132805,121.1406585910747,77.53656700517321,87.19861407677578,94.02342105772256,77.53656700517321,87.19861407677578,56.72562947211551,70.35896709321693,49.102509980977636,55.98336549425354,33.74305378301976,16.180716436212915,54.16244389171732
52.40372823704698,52.73764252519056,129.69265648857763,129.35305948304458,103.50976151292654,103.55531204450136,77.4346879035133,77.39212216460578,92.64419412843272,48.57903062260952,51.83708208312438,86.2493543859274,84.17695887852965,83.65558321842589,85.22449133115616,85.56811131811034,84.82237077396083,84.20548174850362,85.22449133115616,83.6417111042216,84.4311375383025,84.20548174850362,84.82237077396083,83.08469551702872,83.99198369542736,84.4311375383025,83.19179971340368,83.23517141463327,82.67962431811195,83.99198369542736,83.15864597517245,82.2537278724158,82.04070793258144,83.44401127869558,83.22424311196124,83.33590304451262,83.10684582050706,83.57535581643492,83.43174425894624,83.17795491995606,82.5762289144563,83.25148873656043,83.48551150809257,81.19131926777699,82.4165595822289,82.04070793258144,83.32337647757481,83.02359264471379,82.73457318998469,81.32088112614296,81.57606382372381,81.78577112181071,81.32088112614296,81.57606382372381,81.07326627816249,81.62193537418962,76.00152297034786,80.13263994642502,78.13982297304707,79.23724312737136,77.47829183117466
-129.00000700484662,-128.84053574810517,-129.00008896711665,-128.8404128047001,47.50056424323202,47.553884114987724,47.500536922475334,47.55389436027148,150.35136959560324,-127.24798152046831,-128.71439581451338,20.915560663216663,-17.70902761206392,-20.445377270942156,142.7926587883386,141.02187760449942,144.87605773048924,61.58504951939112,142.7926587883386,61.266264100259114,146.9220135756099,61.58504951939112,144.87605773048924,133.63191345086912,149.21595992911534,146.9220135756099,133.22185621385822,153.23480225561582,60.63663677199983,149.21595992911534,75.9504741364912,126.23102099456678,60.253975423749864,-39.45959426924028,122.07455035629053,132.68929270389398,77.11967274880314,75.14531094656257,158.66141487194764,-32.25376177034975,135.53111585148287,152.6678419129914,132.12864345606266,80.21946531115422,130.9927693367112,60.253975423749864,152.28861614989395,133.85553384429534,139.88003389981338,89.82672060523494,102.51423412064051,110.88650925051289,89.82672060523494,102.51423412064051,59.65097217287529,79.20645946478211,47.54955035995935,58.884358570622226,21.255837272572116,-3.8703480375288817,56.72290081154209
59
2.1049585541277338e-07,2.1211097589457495e-07,2.1674610195532296e-07,2.183150229484454e-07,5.927668098593131e-07,5.908108278163127e-07,5.905101829739579e-07,5.885465839128301e-07,2.997755927935941e-06,2.5395485181434196e-07,2.1679386463802075e-07,1.2684944294960587e-06,1.1648926374618895e-06,-1.0,1.6590063296462176e-06,-1.0,1.5396752814922365e-06,1.357666405965574e-06,1.1591340580707765e-06,-1.0,1.4201660860635457e-06,1.0637497780408012e-06,-1.0,1.3204836477598292e-06,1.0804494650074048e-06,1.087393115994928e-06,1.00743693565164e-06,1.2240843716426753e-06,1.0768964102680911e-06,9.5000132205314e-07,-1.0,1.1276835039097932e-06,1.0857479537662584e-06,1.1037699323424022e-06,1.0687799658626318e-06,1.1465353964013048e-06,1.1199385880900081e-06,1.0839955848496174e-06,9.910553444569814e-07,1.0900123470491963e-06,1.129074121308804e-06,8.372453521587886e-07,9.702798706712201e-07,9.2701230869352e-07,1.1017198175977683e-06,1.054450990523037e-06,1.0125811513717053e-06,-1.0,-1.0,8.963681352724961e-07,8.492621645928011e-07,8.743904231778288e-07,8.272202762782399e-07,8.800595310276549e-07,5.886418534828408e-07,7.490404527743522e-07,6.263005047912884e-07,6.900536959619785e-07,5.92088497342047e-07
1.3501707144314423e-05,4.363063908385811e-06,2.8525732886919286e-06,8.587281854488538e-07,2.3386286329696304e-07,5.464784180730931e-07,9.177753099720576e-07,2.149056172129349e-06,9.304547887722947e-08,3.998371056468386e-08,1.2668901661072596e-07,4.118854701751218e-10,4.201849534979374e-09,0.0,2.493920348012324e-10,0.0,2.8345253921813196e-10,3.8405334468194496e-10,1.7433154919643812e-10,0.0,2.0688305235605498e-10,6.0845444238566415e-09,0.0,3.671467019294994e-10,5.558736249078322e-10,5.818686421577013e-09,2.2020429923941265e-10,4.109689810682937e-10,1.628346207871445e-10,8.163433484753568e-09,0.0,2.8986391065188855e-10,5.570377492603029e-10,1.4160118411155054e-08,6.010115960464191e-09,3.8952244207912656e-10,6.337788072130479e-10,6.012728537285739e-09,6.983236655599967e-09,4.125152219813799e-09,3.2744396083472793e-10,5.456572793605119e-08,1.235425428625092e-09,7.12084224918641e-10,5.05719355281542e-10,5.783867274011811e-10,9.143712453862918e-10,0.0,0.0,2.158057732515317e-09,3.118029567872327e-08,1.498469970329097e-08,5.442170092351262e-08,1.629502044409037e-08,1.497056558719123e-07,1.0876129996617578e-09,8.94196883205467e-10,1.2501231161365922e-08,1.7201914559450415e-08
0.0,3.136504650115967,-0.07327163964509964,3.0621769428253174,-3.096930742263794,0.04969815909862518,-0.009541640058159828,3.1367058753967285,-0.004476512782275677,-0.7881041765213013,-0.7864798307418823,2.4091219902038574,2.354658603668213,0.0,2.3456368446350098,0.0,2.313053607940674,2.387207508087158,2.4183297157287598,0.0,2.3247199058532715,2.353667736053467,0.0,2.392932176589966,2.3754892349243164,2.353301525115967,2.432358741760254,2.346247673034668,-0.8510379195213318,2.35463285446167,0.0,-0.8537933230400085,2.3758416175842285,2.3547821044921875,2.35318660736084,2.4086592197418213,-0.8254892826080322,2.3485589027404785,2.352238178253174,2.3600265979766846,2.324460983276367,2.358163595199585,-0.7864113450050354,2.342240333557129,2.3695859909057617,2.375143527984619,-0.802853524684906,0.0,0.0,-0.7947685718536377,2.354551076889038,2.3536665439605713,-0.7813582420349121,2.354154109954834,-0.7612427473068237,2.343998908996582,-0.8186726570129395,2.356642246246338,-0.7928418517112732
127.59628018700394,127.2623795592387,129.69268380933428,129.35154318104884,103.50445445594144,103.55057872340655,102.56020812394387,102.60347054214672,92.64672812861478,17.196148707287662,19.55963663182761,95.81057420500224,96.3293748837889,94.78452269731542,94.4396596159323,95.18820736783069,94.78452269731542,95.4277489322122,96.3609440181327,95.58106618851147,95.18820736783069,96.93400371968595,96.02215297492172,95.58106618851147,96.82631895723152,96.78251695408423,97.32366601183517,96.02215297492172,96.84894737395177,97.76909679855756,97.96299903890504,96.53910950263248,96.79284420010929,96.68142332417887,96.90121198148071,96.43113787223292,96.58453026061306,96.80388178580803,97.4454004734123,96.76614499064371,96.53102938884436,98.82324087430064,97.6057528245567,97.96299903890504,96.69391574017082,96.99545493164855,97.28625706575102,98.69741512941066,98.44561337546898,98.23708770010849,98.69741512941066,98.44561337546898,98.93103491978178,98.39082159794714,101.83530648695208,99.8720847232478,101.8323626754198,100.72554418079757,102.52684264984835
51.999999170302104,-104.02825483320055,51.999999170302104,-104.02925887100855,-101.32856792223966,49.394585945360305,-101.32989980912781,49.394585945360305,-21.20129821204956,-85.35511869903266,-87.24910966530967,-4.278505628176857,-5.532646607441205,130.3725744996957,129.52574032564084,131.37670793033595,130.3725744996957,59.434940119616954,58.67960315968359,132.37672958709587,131.37670793033595,116.22105091683292,133.5044074794433,132.37672958709587,116.10816155023096,135.5423583428567,57.88885849909287,133.5044074794433,69.35833071943172,107.66392354726332,57.41701537085005,-22.46214601019204,106.24713740772758,115.9729238046647,70.18617696759395,69.10318217279672,141.68290331237327,-15.02122352271155,116.70580310260708,135.0095626064607,115.82424424681187,70.66588847376062,112.22002172368784,57.41701537085005,134.81749768699993,116.27573341132805,121.1406585910747,77.53656700517321,87.19861407677578,94.02342105772256,77.53656700517321,87.19861407677578,56.72562947211551,70.35896709321693,49.391324530031625,55.98336549425354,33.74305378301976,16.18071472866562,54.16244047662273
52.40372823704698,52.73891294037618,129.69265648857763,129.35177540748063,103.50501453145338,103.55057872340655,77.43912752647381,77.39653446680961,92.64672812861478,48.60260502052982,51.84109140416717,84.1894308039541,83.67063012516743,85.21548231164091,85.56034539302402,84.81179081093649,85.21548231164091,84.57225607674414,83.63906099082364,84.41893882044486,84.81179081093649,83.06599445908122,83.9778520340346,84.41893882044486,83.17368605172481,83.21748122468294,82.67633899712116,83.9778520340346,83.15105763500456,82.23090821039878,82.03701280024046,83.46089550632385,83.20715397865787,83.31857485458829,83.09879302747562,83.56886713672341,83.41546791815409,83.1961232231483,82.55460453554403,83.23386001831263,83.46898245030114,81.1767641346557,82.39425218439963,82.03701280024046,83.30608243859633,83.00455007730778,82.7137547733945,81.30258987954566,81.55439163348736,81.76292413903703,81.30258987954566,81.55439163348736,81.06897008917456,81.6091834110092,76.01324357496361,80.12792028570854,78.16764233353653,79.27446082815877,77.47316235910799
-128.0000126688434,-127.85256254504117,-127.9999443669517,-127.85261718655453,47.21186580739392,47.26420213190914,47.211879467772256,47.26420213190914,150.3599483132008,-126.37064372158018,-127.73565702720722,-17.80887302489846,-20.540496192871046,142.79761750567602,141.0201700572069,144.89005961828778,142.79761750567602,61.51958215619655,60.93311479330257,146.9461104830017,144.89005961828778,133.58653367402354,149.2528019694984,146.9461104830017,133.17487817274687,153.29720286387305,60.2415991209738,149.2528019694984,75.61780294277655,126.13000249674229,59.815791467736865,-39.45451260849779,121.96354612189948,132.64040220981505,76.7875479702221,74.83427096194936,158.74799434986673,-32.288841621926935,135.4940689054247,152.7272235776355,132.07785416939444,79.7851813931573,130.9253963507382,59.815791467736865,152.34544332378846,133.81104199204188,139.87032137081363,89.45102604993839,102.23115010030016,110.66860572542197,89.45102604993839,102.23115010030016,59.14396723078524,78.79413460496679,47.25828377299332,58.30584154792215,20.63022951063938,-4.208643892025028,55.9155007346603
62
2.104958696236281e-07,2.121167170798799e-07,2.1674610195532296e-07,2.1832057939263905e-07,5.930347128924041e-07,5.910762297389738e-07,5.907789386583318e-07,5.888129521736118e-07,2.9948755582154263e-06,2.540146226692741e-07,2.1680402539914212e-07,1.2712216630461626e-06,1.1676605708998977e-06,-1.0,1.6561051552343997e-06,-1.0,-1.0,1.5367744481409318e-06,1.3572190482591395e-06,1.1587180779315531e-06,-1.0,1.2710627288470278e-06,1.4172698001857498e-06,1.0608953289192868e-06,-1.0,1.3175953199606738e-06,1.0775977443699958e-06,1.084554014596506e-06,1.0070577900478384e-06,1.221209913637722e-06,1.0757694326457568e-06,9.472348665440222e-07,-1.0,1.1305737643851899e-06,1.0830423207153217e-06,1.1009217359969625e-06,1.067599214366055e-06,1.1454435480118264e-06,1.1171630376338726e-06,1.0868741355807288e-06,9.881908908937476e-07,1.0871679023694014e-06,1.12623013137636e-06,8.359365892829373e-07,9.674538432591362e-07,9.266560709875193e-07,1.0988716212523286e-06,1.0515952908463078e-06,1.009696916298708e-06,-1.0,8.271459819297888e-07,-1.0,8.939235840443871e-07,8.475401500618318e-07,8.721982567294617e-07,8.269001909866347e-07,8.787933438725304e-07,5.889070848752453e-07,7.487648190362961e-07,6.278177124841022e-07,6.924487934156787e-07,5.919392265241186e-07
1.3501703506335616e-05,4.392842583911261e-06,2.8525726065709023e-06,8.638754138701188e-07,2.3490805745041143e-07,5.466118295771594e-07,9.210995131070376e-07,2.1478099370142445e-06,9.293070490912214e-08,4.012320786728196e-08,1.271525320589717e-07,4.0907163767478494e-10,4.167342027017185e-09,0.0,2.514443098178276e-10,0.0,0.0,2.8475974356290124e-10,3.833729167457278e-10,1.6599259466953953e-10,0.0,1.2389887338315475e-08,2.084068473351408e-10,6.136259944611311e-09,0.0,3.689352157110193e-10,5.596691998732695e-10,5.8415823289692526e-09,2.2219728834649288e-10,4.133213493684451e-10,1.5410916986979828e-10,8.25394153025627e-09,0.0,2.8884986069677154e-10,5.60830881735086e-10,1.4332524500559884e-08,6.021619647356147e-09,3.8887293385414523e-10,6.305917454874077e-10,5.9669806873330344e-09,7.043903682557584e-09,4.144622867130465e-09,3.303523288256116e-10,6.193242541030486e-08,1.2535218418818772e-09,7.090033005141549e-10,5.08908526430929e-10,5.823745374833322e-10,9.226074348944735e-10,0.0,4.966356570434982e-08,0.0,2.213057070932223e-09,3.313114049774413e-08,1.5338102343775972e-08,6.535529450957256e-08,1.680296968231687e-08,1.5054035884531913e-07,1.081265188496161e-09,7.907869359335962e-10,1.2310295893769307e-08,1.8747609686897704e-08
0.0,3.136385202407837,-0.07327163964509964,3.062032699584961,-3.0969951152801514,0.04964780434966087,-0.009554220363497734,3.136706829071045,-0.004469356499612331,-0.7882429957389832,-0.7865565419197083,2.369410514831543,2.353970527648926,0.0,2.4435863494873047,0.0,0.0,2.3778889179229736,2.314206123352051,2.542552947998047,0.0,2.3537957668304443,2.4367668628692627,2.353914260864258,0.0,2.3146257400512695,2.3754591941833496,2.3567373752593994,2.439511299133301,2.3384010791778564,-0.7369319796562195,2.353515625,0.0,-0.8744815587997437,2.3983023166656494,2.353478193283081,2.3545472621917725,2.3684165477752686,-0.7815031409263611,2.3531744480133057,2.3525164127349854,2.357232093811035,2.3610916137695312,2.360013961791992,-0.7847509384155273,2.3265092372894287,2.3392064571380615,2.382962226867676,-0.8000333905220032,0.0,-0.7843120098114014,0.0,-0.7983049154281616,2.354764461517334,2.3553507328033447,-0.7771987318992615,2.3527445793151855,-0.7607666850090027,2.3602454662323,-0.8213777542114258,2.3535876274108887,-0.7914333939552307
127.5962665266256,127.2607403138379,129.69267014895595,129.35096944515857,103.49862830457943,103.54438374182934,102.55502401036382,102.59767171154138,92.6492757891752,16.894209949743495,19.221332239595,95.79806812863195,96.31430748647985,94.79357952815485,94.44745286177529,95.1988419723684,95.79879212868397,94.79357952815485,95.42954527196392,96.36323896169382,95.59333320826082,95.79879212868397,95.1988419723684,96.95275258895762,96.03638025896286,95.59333320826082,96.84446676985624,96.8003574081963,97.32643223844903,96.03638025896286,96.85615322352614,97.79192329076373,97.96607262403155,96.52232089765259,96.80989918246681,96.69878566504904,96.90888228391863,96.4372918726751,96.60096369575612,96.78577495431833,97.46709998440544,96.78393080324243,96.54758576739248,98.83716079982912,97.62810120352098,97.96607262403155,96.71133955274352,97.01454531037874,97.30717793517876,98.71522143257688,97.36166918437712,98.46699869776029,98.2597707583421,98.71522143257688,98.46699869776029,98.93452514644765,98.40299982523726,101.8340907132798,99.87574570464292,101.80335486201476,100.68800546111918,102.53005283875825
53.00000375158909,-105.01711596085666,53.00000375158909,-105.01693154574907,-101.61562711267695,49.68361564537315,-101.6169589995651,49.68361564537315,-21.208934363541637,-87.3180262740351,-89.31041294549534,-4.278505201290034,-5.532646180554381,130.3725744996957,129.52574032564084,131.37670793033595,59.12939843728561,130.3725744996957,59.434940119616954,58.67960315968359,132.37672958709587,59.12939843728561,131.37670793033595,116.22105091683292,133.5044074794433,132.37672958709587,116.10816155023096,135.5423583428567,57.88885849909287,133.5044074794433,69.35833071943172,107.66392354726332,57.41701537085005,-22.46214601019204,106.24713740772758,115.9729238046647,70.18617696759395,69.10318217279672,141.68290331237327,-15.02122352271155,116.70580310260708,135.0095626064607,115.82424424681187,70.66588847376062,112.22002172368784,57.41701537085005,134.81749768699993,116.27573341132805,121.1406585910747,77.53656700517321,55.63628601648476,87.19861407677578,94.02342105772256,77.53656700517321,87.19861407677578,56.72562947211551,70.35896709321693,49.67949362620905,55.98336549425354,33.74305378301976,16.18071472866562,54.16244047662273
52.40372823704698,52.740094563102595,129.69273845084766,129.3505732941867,103.49880588949785,103.54438374182934,77.44494001745748,77.40233329741496,92.6492757891752,48.624430890022595,51.84477970631898,84.20194371051355,83.68569069228731,85.20642548080147,85.55255214718105,84.80116303658794,84.20121288027237,85.20642548080147,84.57045973699242,83.63675921707333,84.40666497050634,84.20121288027237,84.80116303658794,83.04725241999871,83.96363158018264,84.40666497050634,83.1555382391001,83.19964077057087,82.6735727705073,83.96363158018264,83.1438517854302,82.20807488800342,82.03393238492478,83.47768411130374,83.19009899630035,83.30121934390729,83.09112272503769,83.56271313628123,83.39903448301105,83.21423005463801,82.53289819436172,83.21606737552474,83.4524124113747,81.16284420912721,82.37190380543535,82.03393238492478,83.28865862602363,82.98545286838844,82.69282707377758,81.28478357637945,78.7071931270217,81.53300631119605,81.74023425061424,81.28478357637945,81.53300631119605,81.06547986250868,81.59701201390824,76.02863199116365,80.12425930431341,78.19665697713076,79.31199271764798,77.4699453400089
-127.00000467246183,-126.86464398349052,-127.00003199321851,-126.86464398349052,46.92385722066199,46.975158771517954,46.92388454141867,46.97518267718005,150.3675708043145,-125.49405724350073,-126.75708216444116,-17.90321501280926,-20.629568689837182,142.79876497745659,141.01488349078934,144.90001803409766,60.98651321223373,142.79876497745659,61.24174372113877,60.59843552397195,146.96598633348643,60.98651321223373,144.90001803409766,133.53488378351992,149.2852317076776,146.96598633348643,133.12172564062584,153.3549999246297,59.84476513019606,149.2852317076776,75.28085605064148,126.02119758326398,59.37562675686456,-39.44422292851316,121.84580732098681,132.58544650775312,76.4509289271672,74.51948803367098,158.83050303504046,-32.31796554854787,135.45035569473663,152.78196071364397,132.02113627852665,79.34333645574917,130.850783364245,59.37562675686456,152.397612308669,133.7602390449953,139.85446167156084,89.06638394682912,56.98854394383681,101.93855845663515,110.44149510532988,89.06638394682912,101.93855845663515,58.634721986647435,78.37509566919734,46.96770703513347,57.72490663825588,20.019325438442394,-4.532593361056386,55.105570072691016
58
2.104958696236281e-07,2.1212193246356037e-07,2.1674610195532296e-07,2.1832563845691766e-07,5.933658826506871e-07,5.914047846999892e-07,5.911114726586675e-07,5.891428145332611e-07,2.9919885946583236e-06,2.5406964709873137e-07,2.1681329087641643e-07,1.2739673138639773e-06,1.1704440794346738e-06,-1.0,1.6532057998119853e-06,-1.0,-1.0,1.533874069536978e-06,1.3568356962423422e-06,1.1583690593397478e-06,-1.0,1.2706929055639193e-06,1.4143716953185503e-06,1.0580497473711148e-06,-1.0,1.3147036952432245e-06,1.0747552323664422e-06,1.0817068414326059e-06,1.006748789222911e-06,1.218329998664558e-06,1.074705096471007e-06,9.444850093132118e-07,1.0803571512951748e-06,1.0980835440932424e-06,1.0664801948223612e-06,1.1444135452620685e-06,1.1143749816255877e-06,1.0897570064116735e-06,9.853333722276147e-07,1.084315499610966e-06,1.1233964869461488e-06,8.346928552782629e-07,9.646391845308244e-07,1.0960155805150862e-06,1.0487481176824076e-06,1.0068156370834913e-06,-1.0,8.269774980362854e-07,-1.0,8.915125135899871e-07,8.458746378892101e-07,8.700490070623346e-07,8.266556505986955e-07,8.775917876846506e-07,5.892354693060042e-07,7.485681408070377e-07,6.294019954111718e-07,5.918797683079902e-07
1.350170532532502e-05,4.432180048752343e-06,2.8525721518235514e-06,8.71555755566078e-07,2.35978191653885e-07,5.467756523103162e-07,9.243343015441496e-07,2.1462669792526867e-06,9.282603485871732e-08,4.025098832016738e-08,1.2757026013332506e-07,4.0725653405182527e-10,4.1336156719751216e-09,0.0,2.5177201989912135e-10,0.0,0.0,2.8609223323705635e-10,3.82197967718767e-10,1.5235332440077798e-10,0.0,1.2096697865615624e-08,2.088991341020474e-10,6.189963652758479e-09,0.0,3.7164646360388076e-10,5.633163935314656e-10,5.866453545166905e-09,2.2357182771770567e-10,4.157155730766249e-10,1.4530412983937424e-10,8.34765234714041e-09,5.640706790543959e-10,1.4516962743016393e-08,6.031884769441831e-09,3.8978487104657233e-10,6.282124820344848e-10,5.922828005822112e-09,7.106896848796396e-09,4.16480938625341e-09,3.335399179071885e-10,7.184884509570111e-08,1.2726328879608673e-09,5.123868551670796e-10,5.862021423830299e-10,9.315993532155176e-10,0.0,4.9632095766583006e-08,0.0,2.2706856395160457e-09,3.5389103203442573e-08,1.5713647272264097e-08,8.129135409262744e-08,1.7348753544865758e-08,1.5158406085902243e-07,1.0748241185964957e-09,6.930473972488471e-10,2.050120251340104e-08
0.0,3.136267900466919,-0.07327164709568024,3.061890125274658,-3.0970709323883057,0.04958563670516014,-0.009566315449774265,3.1367080211639404,-0.004462184384465218,-0.788448691368103,-0.7866133451461792,2.30617094039917,2.352017402648926,0.0,2.31227970123291,0.0,0.0,2.3778159618377686,2.333310604095459,2.3871870040893555,0.0,2.3528170585632324,2.3699731826782227,2.356632709503174,0.0,2.2833876609802246,2.338683605194092,2.349447011947632,2.3254141807556152,2.361729145050049,-0.7787081003189087,2.354917526245117,2.3238208293914795,2.352959632873535,2.356067180633545,2.4292685985565186,-0.7881653904914856,2.3528199195861816,2.353442668914795,2.352372169494629,2.3611104488372803,2.363246440887451,-0.7854026556015015,2.3167006969451904,2.338853120803833,-0.8000034093856812,0.0,-0.7836551666259766,0.0,-0.7957146763801575,2.3536696434020996,2.35522723197937,-0.770635187625885,2.352729558944702,-0.7604455947875977,2.3814187049865723,-0.8340513110160828,-0.7910732626914978
127.5962665266256,127.25981140811078,129.69268380933428,129.34933019975776,103.49216011543542,103.53671343939142,102.54793427400536,102.59050001291287,92.65183711011396,16.611231797335282,18.9063495282834,95.7855279013158,96.29923325898163,94.80266367975098,94.45526659818579,95.20952438823029,95.80048601559814,94.80266367975098,95.43108206452716,96.36516507503977,95.60567536009103,95.80048601559814,95.20952438823029,96.9715492695535,96.05070316565238,95.60567536009103,96.86265556361599,96.81834129628095,97.3286930310643,96.05070316565238,96.86297658250697,97.81475661315909,96.82690635350014,96.71618215686506,96.91616326557387,96.44311119384795,96.61755422525007,96.76773642472033,97.48888145766861,96.80186004981371,96.56417629688643,98.85043868757563,97.65049056362028,96.72891362947797,97.03369033062228,97.32820125744406,98.73251547155536,97.3619219013764,98.48806983134978,98.28226257127895,98.73251547155536,98.48806983134978,98.9371820900348,98.4145838260696,101.8325880716624,99.87836849728421,101.77321323720749,102.53133691432222
54.00000491778148,-106.00384606949173,54.00000833287607,-106.00498671108312,-101.90316441635615,49.9718018170235,-101.9044963032443,49.9718018170235,-21.215598920624277,-89.35086815594933,-91.44236770245561,-4.278505201290034,-5.532646180554381,130.3725744996957,129.52574032564084,131.37670793033595,59.12939843728561,130.3725744996957,59.434940119616954,58.67960315968359,132.37672958709587,59.12939843728561,131.37670793033595,116.22105091683292,133.5044074794433,132.37672958709587,116.10816155023096,135.5423583428567,57.88885849909287,133.5044074794433,69.35833071943172,107.66392354726332,106.24713740772758,115.9729238046647,70.18617696759395,69.10318217279672,141.68290331237327,-15.02122352271155,116.70580310260708,135.0095626064607,115.82424424681187,70.66588847376062,112.22002172368784,134.81749768699993,116.27573341132805,121.1406585910747,77.53656700517321,55.83926899333378,87.19861407677578,94.02342105772256,77.53656700517321,87.19861407677578,56.72562947211551,70.35896709321693,49.96684309968607,55.98336549425354,33.74305378301976,54.16244047662273
52.40372823704698,52.7411634877077,129.69262916782094,129.34946680354116,103.49112875687075,103.53670660920224,77.45211854627517,77.40949816585429,92.65183711011396,48.64448091033117,51.84815381976897,84.21447710764052,83.70077174997469,85.19734132920536,85.54473158058138,84.79048062072604,84.1995189933582,85.19734132920536,84.56892294442916,83.63483993391657,84.39432281867613,84.1995189933582,84.79048062072604,83.02846256959201,83.94930184330396,84.39432281867613,83.13734944534035,83.18165688248622,82.67130514770287,83.94930184330396,83.13702159626018,82.18524839579725,83.17309865545619,83.28382285209126,83.0838349131933,83.55689381510838,83.38245078370625,83.23226858423601,82.51111672109856,83.19813812895346,83.4358287120699,81.14957315156987,82.34952127552522,83.27109137947836,82.96631467833406,82.67179692132311,81.26748953740098,78.70196803230664,81.51193517760656,81.71774243767739,81.26748953740098,81.51193517760656,81.06281608873238,81.58541435269755,76.04764040762379,80.12163651167212,78.22678494155967,77.46867492482328
-125.99999667608026,-125.87675274269655,-125.99996935532359,-125.8768347049666,46.63673314342758,46.686996505529706,46.63674338871133,46.68699309043512,150.37423706894444,-124.61816744471665,-125.77861658470181,-17.992094556931345,-20.712647695806634,142.7960465621669,141.0059632637333,144.90587833640552,60.68539749248455,142.7960465621669,60.96279879543545,60.26245168850985,146.98154550441572,60.68539749248455,144.90587833640552,133.47686815670983,149.31315352100464,146.98154550441572,133.06228933446837,153.4080978152374,59.44643532799009,149.31315352100464,74.93984519595026,125.9044833107268,121.72129297241747,132.52434363543819,76.11000003474601,74.20114657683503,158.9088726255772,-32.34121209738801,135.39985327601354,152.8319303776118,131.95840782118927,78.89421053668582,130.76883475458317,152.44505480264394,133.70298839937226,139.83234551902834,88.67295139025805,56.783272853615834,101.63645918964549,110.20510908834491,88.67295139025805,101.63645918964549,58.12370089332542,77.94961586504056,46.67801139167655,57.1421548982704,19.423504131480087,54.29427678798231
62
2.104958696236281e-07,2.121267215215994e-07,2.1674610195532296e-07,2.1833027119555481e-07,1.3052227814114303e-06,8.280137535621179e-07,5.937601486039057e-07,5.917966063861968e-07,1.3032166634729947e-06,5.915071596973576e-07,8.263996278401464e-07,5.89536114148359e-07,2.98909617413301e-06,2.541199819461326e-07,2.1682170370240783e-07,1.2767297903337749e-06,1.1732421398846782e-06,-1.0,1.650309286560514e-06,-1.0,-1.0,1.5309747141145635e-06,1.35651646360202e-06,1.1580870022953604e-06,-1.0,1.2703883385256631e-06,1.4114730220171623e-06,1.0552140565778245e-06,-1.0,1.3118095694153453e-06,1.0719230658651213e-06,1.0788515965032275e-06,1.0065098194900202e-06,1.215445536217885e-06,1.0737040838648682e-06,9.417527735422482e-07,1.077693582374195e-06,1.0952558113785926e-06,1.0654240440999274e-06,1.1434460702730576e-06,1.1115751021861797e-06,1.0926434015345876e-06,9.824839253269602e-07,1.081456048268592e-06,1.120574097512872e-06,8.335155143868178e-07,9.618372587283375e-07,1.0931529459412559e-06,1.0459107215865515e-06,1.0039382232207572e-06,-1.0,8.268689271062613e-07,-1.0,8.891364586816053e-07,8.442669923169888e-07,8.679442089487566e-07,8.264867119578412e-07,8.76455942488974e-07,5.896270067751175e-07,7.484503612431581e-07,6.310514777396747e-07,5.91910065850243e-07
1.350170532532502e-05,4.481010819290532e-06,2.8525726065709023e-06,8.817185630505264e-07,2.991982626099343e-07,6.227549533832644e-07,2.3707015373020113e-07,5.469685788739298e-07,6.302295219029475e-07,9.274531862502045e-07,1.545220470688946e-06,2.144426616723649e-06,9.273161793998952e-08,4.0366781917100525e-08,1.279435650758387e-07,4.0436265447141295e-10,4.100697115205776e-09,0.0,2.5279278670353733e-10,0.0,0.0,2.8738705859510105e-10,3.81901399393314e-10,1.4121957769841487e-10,0.0,1.1816979395007365e-08,2.1172776032418739e-10,6.245545414174103e-09,0.0,3.7281289166912757e-10,5.670597325035942e-10,5.8926148405191725e-09,2.256299591607558e-10,4.181510693257451e-10,1.396110310691867e-10,8.444669852281095e-09,5.675241943059461e-10,1.4714245821778604e-08,6.041139144485896e-09,3.885308463846826e-10,6.262346752272663e-10,5.880411713121703e-09,7.171911509118445e-09,4.185921387289682e-09,3.3755159778436905e-10,8.591057110152178e-08,1.293296914006703e-09,5.160359917155688e-10,5.901862887291998e-10,9.412591817081761e-10,0.0,4.961191635288742e-08,0.0,2.3312414221265954e-09,3.803462433893401e-08,1.6113528289452006e-08,1.066299475382948e-07,1.793711312814139e-08,1.5285408494492003e-07,1.0672337458217385e-09,6.008801789469942e-10,2.2504993424377062e-08
0.0,3.1361544132232666,-0.07327163964509964,3.0617499351501465,3.1294455528259277,0.025784743949770927,-3.0971579551696777,0.049511753022670746,-0.0074055390432477,-0.009577833116054535,3.1367568969726562,3.136709451675415,-0.00445494893938303,-0.7887945175170898,-0.7864672541618347,2.3538429737091064,2.350857734680176,0.0,2.345790386199951,0.0,0.0,2.3614182472229004,2.2944350242614746,2.3777542114257812,0.0,2.3513216972351074,2.2288777828216553,2.3532495498657227,0.0,2.361576795578003,2.368786573410034,2.3531737327575684,2.403470754623413,2.3616511821746826,-0.9941323399543762,2.351590156555176,2.323723077774048,2.3532257080078125,2.352916717529297,2.380974292755127,-0.7881945371627808,2.3554317951202393,2.356985092163086,2.3535776138305664,2.425990581512451,2.3688414096832275,-0.8120631575584412,2.3020777702331543,2.368697166442871,-0.7967931032180786,0.0,-0.7847916483879089,0.0,-0.793430507183075,2.355717182159424,2.3520891666412354,-0.7578573822975159,2.3527426719665527,-0.7598287463188171,2.3602499961853027,-0.8556534647941589,-0.7900680303573608
127.5962665266256,127.25817216270997,129.69267014895595,129.34870182235412,95.6462466837609,99.62402591297128,103.4822358505714,103.52758147647111,95.65525570327615,102.54008638664901,98.93997563740533,102.58196910663952,92.65439843105271,16.348307080330226,18.61634652631383,95.77296718343216,96.28414537110508,94.81177515210376,94.46310765535296,95.22024778522722,95.80187937418881,94.81177515210376,95.43236614009113,96.36671552798136,95.61808581381294,95.80187937418881,95.22024778522722,96.99036644071688,96.0651148648011,95.61808581381294,96.88087850832159,96.83647544852732,97.330448389681,96.0651148648011,96.86941062070512,97.83756261479776,96.84385205283094,96.73360596943776,96.92305492644641,96.44858900556231,96.63429501890579,96.74977985739235,97.51073123282347,96.81993273035756,96.5807873169479,98.86303355640513,97.67291407466543,96.74661747980664,97.0528626716225,97.34932703254691,98.74927675577857,97.3620858259165,98.50879945548076,98.30455630872987,98.74927675577857,98.50879945548076,98.9390262411107,98.42557360044415,101.83079856209986,99.87993944079331,101.7420061028897,102.5306812161619
54.999999253784715,-106.9929189330121,55.0000026688793,-106.99292576320127,-130.08837032833148,56.041278668226084,-102.18953375768727,50.25897029048752,78.22787777182688,-102.18953375768727,56.041278668226084,50.25897029048752,-21.221314081412284,-91.45247638242724,-93.6437649927074,-4.278505201290034,-5.532646607441205,130.3725744996957,129.52574032564084,131.37670793033595,59.12939843728561,130.3725744996957,59.434940119616954,58.67960315968359,132.37672958709587,59.12939843728561,131.37670793033595,116.22105091683292,133.5044074794433,132.37672958709587,116.10816155023096,135.5423583428567,57.88885849909287,133.5044074794433,69.35833071943172,107.66392354726332,106.24713740772758,115.9729238046647,70.18617696759395,69.10318217279672,141.68290331237327,-15.02122352271155,116.70580310260708,135.0095626064607,115.82424424681187,70.66588847376062,112.22002172368784,134.81749768699993,116.27573341132805,121.1406585910747,77.53656700517321,56.04248419661459,87.19861407677578,94.02342105772256,77.53656700517321,87.19861407677578,56.72562947211551,70.35896709321693,50.253202195733444,55.98336549425354,33.74305378301976,54.16244047662273
52.40372823704698,52.74214020475901,129.69272479046933,129.34846959592232,84.35347145725028,99.62402591297128,103.48199679395044,103.52758147647111,84.34475613586935,77.46065628273769,81.06002937155101,77.4180359023168,92.65439843105271,48.66278923240139,51.85120691432796,84.22703782552418,83.71585280766209,85.18822985685256,85.53689735360338,84.77975722372912,84.19812563476752,85.18822985685256,84.56764569905438,83.63327582059664,84.38191919514338,84.19812563476752,84.77975722372912,83.00963173805027,83.93489014415522,84.38191919514338,83.11912650063475,83.163529560429,82.66955661927534,83.93489014415522,83.1305943882512,82.16243556396941,83.15614612593622,83.26639903951856,83.07695008250992,83.5514228335832,83.36570999005055,83.25022515156398,82.48928060632203,83.18006544840961,83.41921769200843,81.13696462236203,82.32709093429091,83.25338752914969,82.94714233733383,82.65067797640943,81.25072825317777,78.69860074904582,81.49119189309724,81.69545553041563,81.25072825317777,81.49119189309724,81.06097876784564,81.57443140851218,76.07024833377653,80.12007239835219,78.25799890606663,77.46932379279444
-125.00000234007703,-124.88890248303761,-125.00002966083372,-124.88890248303761,59.10073896352823,56.575918555697996,46.35057212286614,46.399800711309005,59.12318296514089,46.35060627381199,56.57592880098176,46.3998246169711,150.37996076746893,-123.74291968371453,-124.80028760874586,-18.075550930852437,-20.78979126738734,142.78944859942868,140.99339571566048,144.90758588369803,60.38328456511655,142.78944859942868,60.68293862438335,59.925395513348064,146.99274701465453,60.38328456511655,144.90758588369803,133.41239117094491,149.33651276796607,146.99274701465453,132.99648729200447,153.45637359229104,59.04691707286853,149.33651276796607,74.59498211456715,125.7797777168607,121.58993477429979,132.4570116306002,75.76497985901199,73.87943783673826,158.98299383845017,-32.35868713637949,135.34245236622877,152.87707792802559,131.88958683511223,78.4381041642907,130.67944123872604,152.48768884344315,133.6392490740377,139.80387729056773,88.27089913495442,56.57775587658473,101.32489328046618,109.95940669333204,88.27089913495442,101.32489328046618,57.61137523387193,77.51796156987409,46.38938467282474,56.55820104499099,18.84307977845428,53.482799088166026
66
2.104958838344828e-07,2.1213095635630452e-07,2.1674613037703239e-07,2.1833439234342222e-07,1.3050439520156942e-06,8.299961109514697e-07,8.279649250653165e-07,5.942172265349654e-07,5.922511832068267e-07,1.3030366972088814e-06,8.283859074253996e-07,5.91965999774402e-07,8.26350799343345e-07,5.899924531149736e-07,2.9861989787605125e-06,2.54165570368059e-07,2.1682926387711632e-07,1.2795082966476912e-06,1.176053501694696e-06,-1.0,1.6474161839141743e-06,-1.0,-1.0,1.5280774050552282e-06,1.3562618050855235e-06,1.157872361545742e-06,-1.0,1.2701495961664477e-06,1.4085743487157742e-06,1.052389507094631e-06,-1.0,1.3089136245980626e-06,1.0691020406738971e-06,1.075989416676748e-06,1.0063413355965167e-06,1.2125576631660806e-06,1.0727669632615289e-06,9.39039580316603e-07,-1.0,1.0750530918812728e-06,1.0924401294687414e-06,1.06443144431978e-06,1.1425419188526575e-06,1.1087638540629996e-06,1.0955319567074184e-06,9.796435733733233e-07,1.0785898894027923e-06,1.1177640999449068e-06,8.324053055730474e-07,9.590490890332148e-07,9.260211299988441e-07,1.0902837175308377e-06,1.0430838983666035e-06,1.0010656978920451e-06,-1.0,8.268203259831353e-07,-1.0,8.867964993442001e-07,8.427185207438015e-07,8.658852266307804e-07,8.263936024377472e-07,8.753866040933644e-07,5.900814130654908e-07,7.484121624656837e-07,6.327643404802075e-07,5.920301759942959e-07
1.3501701687346213e-05,4.53810571343638e-06,2.8525716970762005e-06,8.943055149757129e-07,2.9890756536588015e-07,2.746416498666804e-07,6.227900257727015e-07,2.3817615613097587e-07,5.471908366416756e-07,6.325737444967672e-07,6.80985806411627e-07,9.304444006374979e-07,1.5454044159923797e-06,2.1422895315481583e-06,9.264741152037459e-08,4.047052470923518e-08,1.2827295847728237e-07,4.0344130813885215e-10,4.06857747492495e-09,0.0,2.542303589869732e-10,0.0,0.0,2.889461725441578e-10,3.8015837700022814e-10,1.310223596284743e-10,0.0,1.1549977863012373e-08,2.1124889337809094e-10,6.302749877562519e-09,0.0,3.7559391707908674e-10,5.721407236869425e-10,5.920584467133949e-09,2.2749793715526323e-10,4.2075701256472087e-10,1.2875377153331868e-10,8.544887464267958e-09,0.0,5.706638495084349e-10,1.4925602087600964e-08,6.049206024982823e-09,3.885225197119979e-10,6.246537731513513e-10,5.83969361755976e-09,7.239516985890759e-09,4.207894921393063e-09,3.400173753664859e-10,1.073759179348599e-07,1.3145275978843074e-09,6.985508282930653e-10,5.188177110149184e-10,5.94261029274179e-10,9.517097110389727e-10,0.0,4.9603041674117776e-08,0.0,2.3949047189830708e-09,4.117954333082707e-08,1.6539262404080546e-08,1.527032651438276e-07,1.8573487636786012e-08,1.5434342515163735e-07,1.0597186461680508e-09,5.120641133338211e-10,2.481555227973331e-08
0.0,3.1360461711883545,-0.07327163964509964,3.061614990234375,3.1294450759887695,-3.120694160461426,0.025787271559238434,-3.0972559452056885,0.049426279962062836,-0.0074049318209290504,-0.009610368870198727,-0.009588828310370445,3.136756658554077,3.1367108821868896,-0.004447687417268753,-0.7885774374008179,-0.7867704033851624,2.448303699493408,2.3535244464874268,0.0,2.4103899002075195,0.0,0.0,2.3131046295166016,2.379810333251953,2.4895880222320557,0.0,2.354731321334839,2.3247904777526855,2.3535244464874268,0.0,2.4239792823791504,2.2874863147735596,2.3511528968811035,2.3263137340545654,2.37716007232666,-0.6736220717430115,2.3543777465820312,0.0,2.3532540798187256,2.352471351623535,2.352904796600342,2.4172799587249756,-0.7933860421180725,2.34952449798584,2.353437900543213,2.357231378555298,2.361011028289795,2.3792853355407715,-0.7764972448348999,2.38659405708313,2.3616929054260254,2.3608789443969727,-0.7899249792098999,0.0,-0.7843372225761414,0.0,-0.7883076071739197,2.3554205894470215,2.3523707389831543,-0.7265586853027344,2.352771282196045,-0.7591105103492737,2.3514506816864014,-0.8379135131835938,-0.790016770362854
127.5962665266256,127.25699737017273,129.69267014895595,129.34781389776202,95.64815230653934,99.59984704330942,99.62459964886155,103.47137584979107,103.51700151344676,95.65604117503071,98.91744967352263,102.52930834813873,98.94051522234976,102.57207216253218,92.65698024255897,16.10661742145474,18.3522999507376,95.76038597498099,96.26906431341769,94.82092077540241,94.4709555427093,95.2310258237375,95.80298586483435,94.82092077540241,95.43338383827746,96.36790398089694,95.63055773923739,95.80298586483435,95.2310258237375,97.00923142320447,96.07961535640905,95.63055773923739,96.8991219435947,96.85474620455712,97.3316778237316,96.07961535640905,96.87544167774226,97.86035495605809,97.9715709263134,96.86074311064839,96.75103661219964,96.92954360615792,96.45371164743982,96.6511929069124,96.7318915919561,97.53262881930254,96.83814884487398,96.59739833700937,98.8749522365068,97.6953580762781,97.9715709263134,96.76445110372954,97.07208282394691,97.3705347699198,98.76547796448985,97.36216095799736,98.52918757015325,98.32662464993818,98.76547796448985,98.52918757015325,98.94004393929703,98.43593499741506,101.82872901478135,99.88045170498106,101.70977444019641,102.52809257446647
56.000000419977106,-107.98031840018582,56.000000419977106,-107.98031840018582,-129.9599491115569,-108.1493314311978,56.245555965922826,-102.47525423104724,50.54495031103595,78.09951802675484,-108.14890112928008,-102.47525423104724,56.245552550828236,50.54495031103595,-21.226064477980028,-93.62066529293442,-95.91127168393574,-4.278505201290034,-5.532646180554381,130.3725744996957,129.52574032564084,131.37670793033595,59.12939843728561,130.3725744996957,59.434940119616954,58.67960315968359,132.37672958709587,59.12939843728561,131.37670793033595,116.22105091683292,133.5044074794433,132.37672958709587,116.10816155023096,135.5423583428567,57.88885849909287,133.5044074794433,69.35833071943172,107.66392354726332,57.41701537085005,106.24713740772758,115.9729238046647,70.18617696759395,69.10318217279672,141.68290331237327,-15.02122352271155,116.70580310260708,135.0095626064607,115.82424424681187,70.66588847376062,112.22002172368784,57.41701537085005,134.81749768699993,116.27573341132805,121.1406585910747,77.53656700517321,56.24583258858421,87.19861407677578,94.02342105772256,77.53656700517321,87.19861407677578,56.72562947211551,70.35896709321693,50.53840698981108,55.98336549425354,33.74305719811435,54.16244047662273
52.40372823704698,52.74301105387819,129.69268380933428,129.34754069019522,84.35269964587407,99.60082376036074,99.62459964886155,103.47143049130443,103.5169946832576,84.34397749430397,81.08163325989575,77.47052590608835,81.05949661679574,77.42793284642416,92.65698024255897,48.67932512038199,51.85394240509056,84.23961220378618,83.73094069553865,85.17907740336474,85.52904946624703,84.76897918521884,84.19702597431115,85.17907740336474,84.56662117067887,83.63209419787022,84.36944726971895,84.19702597431115,84.76897918521884,82.99077358575187,83.92038965254729,84.36944726971895,83.10088306536164,83.14525197421005,82.66832035503558,83.92038965254729,83.12456333121408,82.13965005289825,82.02843408264293,83.1392482379296,83.24896156656753,83.07046140279841,83.54628653132735,83.34880527185477,83.2680997566219,82.46737618965379,83.16186299427152,83.40260667194696,81.12504594226036,82.30465376286742,82.02843408264293,83.2355539052268,82.92792218500941,82.6294770692257,81.23452021427732,78.69709127723925,81.47081060861392,81.67338718920732,81.23452021427732,81.47081060861392,81.05996106965931,81.56407001154126,76.09641478848685,80.11955330397527,78.2902373989491,77.47189877411152
-124.0000080040738,-123.90107954413534,-124.0000080040738,-123.901065883757,58.972570463752945,56.35183712450281,56.37166857875794,46.065671272206565,46.11385484170642,58.99483005025802,56.35186444525949,46.0656644420174,56.3716549183796,46.113848011517256,150.3847282395096,-122.8682456586027,-123.82206791581663,-18.153626823254854,-20.86106087628184,142.77888912697185,140.97712620505752,144.9050860344618,60.08036567542648,142.77888912697185,60.4023134721442,59.587485564540025,146.99950890193284,60.08036567542648,144.9050860344618,133.34137086395512,149.3552274862919,146.99950890193284,132.92425121134244,153.4997726142773,58.646504062965704,149.3552274862919,74.24646488197807,125.64697151863898,58.04687492554112,121.45167808512039,132.3833685309691,75.41606647545105,73.55455305867744,159.05279837176772,-32.370469212697756,135.27804368235553,152.9172940818586,131.81460501840382,77.97532469707649,130.58250719402523,58.04687492554112,152.52540514803997,133.56888446520824,139.76893404277394,87.86041159602583,56.372081805202725,101.00388804985393,109.7043605995346,87.86041159602583,101.00388804985393,57.09822995171805,77.08043331202141,46.10201812387479,55.97363930487545,18.27831534164802,52.67229810540105
66
2.1049585541277338e-07,2.1213469381109462e-07,2.1674607353361353e-07,2.1833803032222932e-07,1.3049224207861698e-06,1.3039383475188515e-06,8.30008673347038e-07,8.279765211227641e-07,5.947367753833532e-07,5.927683446316223e-07,1.302913915424142e-06,8.28398412977549e-07,5.924875381424499e-07,8.263623954007926e-07,5.905116609028482e-07,2.983298145409208e-06,1.3059452612651512e-06,2.542063270993822e-07,2.1683591455712303e-07,1.282301695937349e-06,1.1788772553700255e-06,-1.0,1.6445277424281812e-06,-1.0,-1.0,1.5251829381668358e-06,1.3560716070060153e-06,1.1577250234040548e-06,-1.0,1.26997633742576e-06,1.4056768122827634e-06,1.0495766673557227e-06,-1.0,1.3060171113465913e-06,1.0662935210348223e-06,1.0731210977610317e-06,1.006243223855563e-06,1.2096667205696576e-06,1.0718945304688532e-06,9.363462254441401e-07,1.0724364756242721e-06,1.0896372941715526e-06,1.0635030776029453e-06,1.1417015457482194e-06,1.1059420330639114e-06,1.0984223308696528e-06,9.768134532350814e-07,1.0757179325082689e-06,1.1149675174237927e-06,8.313633657053288e-07,9.562759260006715e-07,1.0874092595258844e-06,1.0402688985777786e-06,9.981989705920569e-07,-1.0,8.268318083537451e-07,-1.0,8.844941703500808e-07,8.412304168814444e-07,8.638734243504587e-07,8.263765494120889e-07,8.743848525227804e-07,5.905982902731921e-07,7.484531465706823e-07,6.345386509565287e-07,5.922398713664734e-07
1.3501703506335616e-05,4.601977707352489e-06,2.8525732886919286e-06,9.090948083212425e-07,2.985592288951011e-07,3.646976267646096e-07,2.754924537384795e-07,6.227814992598724e-07,2.392890507962875e-07,5.474398676597048e-07,6.348217880258744e-07,6.830557595094433e-07,9.33271167014027e-07,1.5453608739335323e-06,2.139856860594591e-06,9.257341559987253e-08,1.7140573049800878e-07,4.056268210206326e-08,1.2855976194714458e-07,3.9966072118424734e-10,4.0371994636245745e-09,0.0,2.554402245280585e-10,0.0,0.0,2.903569606971246e-10,3.8150935188774326e-10,1.2034816199157916e-10,0.0,1.1294815749351983e-08,2.125702808219998e-10,6.361654314446241e-09,0.0,3.7694561361156786e-10,5.749067333304936e-10,5.9500626647945865e-09,2.2945878530578057e-10,4.231478223370999e-10,1.190598036826529e-10,8.648609828298959e-09,5.742191722113432e-10,1.515148184694226e-08,6.056022350264811e-09,3.880408216971887e-10,6.234701643847984e-10,5.800533831035182e-09,7.3093553432102e-09,4.230556349682502e-09,3.435031425969015e-10,1.4394935021755373e-07,1.3368796070167832e-09,5.22723087037491e-10,5.984484574561577e-10,9.629550490330985e-10,0.0,4.9605265672880705e-08,0.0,2.4616864102711133e-09,4.497561789662541e-08,1.6993997320469134e-08,2.564344470101787e-07,1.926375148286752e-08,1.5607756154167873e-07,1.0517809956311908e-09,4.303687961559888e-10,2.7506301236712716e-08
0.0,3.1359448432922363,-0.07327163219451904,3.0614874362945557,3.1294445991516113,-3.131866216659546,-3.120699882507324,0.025786660611629486,-3.097364664077759,0.04932941496372223,-0.00740431435406208,-0.00961504690349102,-0.009599210694432259,3.1367568969726562,3.1367125511169434,-0.004440384916961193,0.004944028332829475,-0.7884365320205688,-0.7865440249443054,2.3694283962249756,2.355717182159424,0.0,2.394787549972534,0.0,0.0,2.362245559692383,2.4733028411865234,2.532650947570801,0.0,2.3541440963745117,2.399487257003784,2.353886365890503,0.0,2.3694167137145996,2.38338565826416,2.351437568664551,2.326569080352783,2.3384604454040527,-0.7932261228561401,2.3543646335601807,2.375951051712036,2.352994441986084,2.352646827697754,2.409703254699707,-0.800240159034729,2.3548667430877686,2.3509225845336914,2.357600688934326,2.368867874145508,2.401942014694214,-0.7937544584274292,2.4066162109375,2.3829617500305176,-0.8002194762229919,0.0,-0.7843358516693115,0.0,-0.7919818162918091,2.3558921813964844,2.352842330932617,-0.630747377872467,2.3552358150482178,-0.7584769129753113,2.342543601989746,-0.8868966698646545,-0.7896326184272766
127.59628018700394,127.25619140785066,129.69268380933428,129.3459970674428,95.64771517443246,96.09413633858449,99.600673496199,99.62446304507816,103.46060464146997,103.50498038050753,95.6565670995968,98.91819416414215,102.51904940400537,98.94038544875552,102.56084333153667,92.65956205406525,96.08492241339415,15.887189056631616,18.115565594104957,95.74779793634066,96.25399008591947,94.83009371945775,94.47882392063316,95.24183801319363,95.80377133658891,94.83009371945775,95.4341488194645,96.36872360359735,95.6430843061752,95.80377133658891,95.24183801319363,97.02811006607038,96.09419098009785,95.6430843061752,96.91737903924613,96.8731535643703,97.33240182378361,96.09419098009785,96.88106292342917,97.8831063161834,96.87756586657413,96.76848774552903,96.93562247451923,96.45847911948049,96.66824105908074,96.71410577935738,97.55458104729496,96.8564810726063,96.61402301744918,98.8861605769348,97.71780890807993,96.78241450124668,97.0913098064605,97.39181763937356,98.78110543731083,97.36214046742985,98.54920002442138,98.34844710433637,98.78110543731083,98.54920002442138,98.94022835440461,98.44566801698234,101.82639992027437,99.87990528984746,101.6765660604518,102.52359147980343
57.00000500126409,-108.96764956546785,57.00000500126409,-108.96897462216683,-129.83068095132523,77.9709943571427,-108.35229733257388,56.44986399947083,-102.75929447787139,50.82957112393955,77.97100118733186,-108.35097910606407,-102.75766206265976,56.44985716928166,50.82957112393955,-21.22986035561126,-129.83068095132523,-95.85239545329023,-98.24187566271667,-4.278505201290034,-5.532646180554381,130.3725744996957,129.52574032564084,131.37670793033595,59.12939843728561,130.3725744996957,59.434940119616954,58.67960315968359,132.37672958709587,59.12939843728561,131.37670793033595,116.22105091683292,133.5044074794433,132.37672958709587,116.10816155023096,135.5423583428567,57.88885849909287,133.5044074794433,69.35833071943172,107.66392354726332,106.24713740772758,115.9729238046647,70.18617696759395,69.10318217279672,141.68290331237327,-15.02122352271155,116.70580310260708,135.00954894608233,115.82424424681187,70.66588847376062,112.22002172368784,134.81749768699993,116.27573341132805,121.1406585910747,77.53656700517321,56.44922196168885,87.19861407677578,94.02342105772256,77.53656700517321,87.19861407677578,56.72562947211551,70.35896709321693,50.82227648190598,55.98336549425354,33.74305378301976,54.16244047662273
52.40372823704698,52.7437828652544,129.69264282819927,129.34687133165656,84.35216689111881,96.09413633858449,99.600673496199,99.62445621488898,103.45944350931106,103.50498721069671,84.34343790935954,81.08176986367916,77.48173424651635,81.05962639038998,77.43916167741966,92.65956205406525,96.08473799828656,48.69409881955672,51.85635346186757,84.25220707261568,83.74601492303687,85.16990445930942,85.52117425813401,84.7581669957627,84.19623367236743,85.16990445930942,84.56584935930266,83.63128140535899,84.35691387259197,84.19623367236743,84.7581669957627,82.97189494288595,83.90581402885849,84.35691387259197,83.08262596971021,83.12684461439686,82.66761001536189,83.90581402885849,83.11894208552717,82.11689869277293,83.12243231219304,83.2315172634273,83.0643825344371,83.54151905928668,83.33175711968642,83.28589922959895,82.44542396166138,83.14351710616087,83.38597516131797,81.11383760183237,82.2821961008764,83.21758367752048,82.90868837230666,82.60818736958278,81.21889957164551,78.69744644707609,81.45080498453494,81.65155790461996,81.21889957164551,81.45080498453494,81.05977665455171,81.554336991974,76.12607830005221,80.12010654929804,78.32343894850453,77.47641352915291
-123.00000000769224,-122.91328392598976,-123.00008196996228,-122.91328392598976,58.844258530005085,58.86633370140257,56.14808916646674,56.167336639547834,45.7821125537189,45.82925451937033,58.866320041024224,56.148078921182986,45.78209547824598,56.167343469737006,45.82922036842448,150.3885121643098,58.84426536019426,-121.9940634071111,-122.84393018515745,-18.226364922820903,-20.926521409287243,142.76435448441805,140.9571274111677,144.89832414718347,59.77684572908945,142.76435448441805,60.12109409344727,59.248954068517506,147.00179018511562,59.77684572908945,144.89832414718347,133.26371161309206,149.36922937409042,147.00179018511562,132.8454718094555,153.53818559816946,58.2455173171726,149.36922937409042,73.89451889442564,125.5059554330349,121.30645460298759,132.3033323742749,75.06347845011665,73.22669031813848,159.1181906028814,-32.37664711880203,135.20653160174552,152.95249687684085,131.73336674841568,77.50619998412333,130.47788235631896,152.55812175416432,133.4918399313705,139.7274201529986,87.44169367914736,56.16638382815862,100.67348447894373,109.43992982581754,87.44169367914736,100.67348447894373,56.5847329148219,76.63732478961684,45.81608249955596,55.389091225138245,17.72944475504038,51.86394863222462
68
2.104958696236281e-07,2.1213796230767912e-07,2.1674610195532296e-07,2.183411851319761e-07,1.3048576192886685e-06,1.303872409152973e-06,8.300812623929232e-07,8.280483143607853e-07,5.953186246188125e-07,5.933478064434894e-07,1.3028479770582635e-06,8.28471115710272e-07,5.930716042712447e-07,8.264344160124892e-07,5.910932259212132e-07,2.980394128826447e-06,1.3058803460808122e-06,2.5424230898352107e-07,2.1684171258584684e-07,1.2851089650212089e-06,1.1817123777291272e-06,-1.0,1.6416447579103988e-06,-1.0,-1.0,1.5222924503177637e-06,1.3559464377976838e-06,1.1576454426176497e-06,-1.0,1.2698690170509508e-06,1.4027812085259939e-06,1.0467769016031525e-06,-1.0,1.3031203707214445e-06,1.0634984164425987e-06,1.0702473218771047e-06,1.006215825327672e-06,1.2067740726706688e-06,1.0710874676078674e-06,9.336741868537501e-07,-1.0,1.069844984158408e-06,1.0868485560422414e-06,1.0626397397572873e-06,1.1409256330807693e-06,1.103110434996779e-06,1.1013132734660758e-06,9.73994588093774e-07,1.0728409733928856e-06,1.112185486817907e-06,8.303906042783638e-07,9.535186791254091e-07,9.259605349143385e-07,1.0845302540474222e-06,1.037466859088454e-06,9.953390645023319e-07,-1.0,8.269033742180909e-07,-1.0,8.822307790978812e-07,8.398037607548758e-07,8.619101663498441e-07,8.26435325507191e-07,8.734515404285048e-07,5.911775247113837e-07,7.485732567147352e-07,6.36372590179235e-07,5.925388109062624e-07
1.3501701687346213e-05,4.670358975999989e-06,2.8525732886919286e-06,9.255041391043051e-07,2.981538784752047e-07,3.6590282093129645e-07,2.7629209853330394e-07,6.227298854355467e-07,2.404055123861326e-07,5.477152740240854e-07,6.369687071128283e-07,6.84949952756142e-07,9.359302453049168e-07,1.5450902992597548e-06,2.1371304228523513e-06,9.2509822025022e-08,1.7116309436460142e-07,4.0643204357593277e-08,1.288051549863667e-07,3.9735184587108563e-10,4.006691423086295e-09,0.0,2.563653178633274e-10,0.0,0.0,2.9182326000132264e-10,3.7758418613975664e-10,1.0688513268908295e-10,0.0,1.1050763859543622e-08,2.1386305226744895e-10,6.422911980052959e-09,0.0,3.7910619088421527e-10,5.785648626854822e-10,5.981200867921643e-09,2.3198246101863162e-10,4.2568565339351494e-10,1.101575150541656e-10,8.755828062589899e-09,0.0,5.77439984716932e-10,1.5392707553019136e-08,6.061638746501785e-09,3.8684899728025357e-10,6.226060222935814e-10,5.763110433321117e-09,7.381546929252636e-09,4.25458157593539e-09,3.471161968970904e-10,2.1792182280933048e-07,1.361057822002465e-09,6.909142147293323e-10,5.258312119060804e-10,6.025270837817231e-10,9.761670360930452e-10,0.0,4.961843202977434e-08,0.0,2.5323234620344692e-09,4.965260202993704e-08,1.7480831004945685e-08,5.591517719949479e-07,2.0016594604044258e-08,1.5805970576820982e-07,1.0434184627428067e-09,3.5118738472839084e-10,3.067760445674139e-08
0.0,3.1358518600463867,-0.07327163964509964,3.0613698959350586,3.1294443607330322,-3.1318647861480713,-3.120708465576172,0.02578294649720192,-3.0974841117858887,0.049221351742744446,-0.007403683848679066,-0.009619468823075294,-0.009609081782400608,3.1367568969726562,3.1367146968841553,-0.004433034919202328,0.004944507963955402,-0.787945032119751,-0.7865830659866333,2.3458170890808105,2.353865146636963,0.0,2.3613932132720947,0.0,0.0,2.3778178691864014,2.372201442718506,2.316199541091919,0.0,2.354011058807373,2.4071621894836426,2.352689504623413,0.0,2.3381388187408447,2.3609676361083984,2.3491716384887695,2.4363174438476562,2.361626625061035,-0.7753959894180298,2.3544325828552246,0.0,2.346170425415039,2.3542141914367676,2.3520374298095703,2.3605873584747314,-0.797065794467926,2.355074167251587,2.354738473892212,2.3483386039733887,2.3328745365142822,2.463487148284912,-0.8061985373497009,2.40578293800354,2.376354455947876,2.3830957412719727,-0.8338092565536499,0.0,-0.7836759686470032,0.0,-0.804629385471344,2.357811212539673,2.3538625240325928,-0.27451246976852417,2.354036569595337,-0.7575226426124573,2.369300127029419,-0.8854934573173523,-0.7880619168281555
127.5962665266256,127.25565865309541,129.69268380933428,129.3459697466861,95.64822060843105,96.09445052728631,99.60085108111743,99.62362293181025,103.44648664045555,103.49153856822096,95.65685396754193,98.9190274472209,102.50515679923356,98.93959997700098,102.54828261365303,92.66215752594985,96.08589913044545,15.691055051972823,17.907429239527158,95.73519623732199,96.23892268861043,94.83928715408058,94.48670595893535,95.2526843535956,95.80426311020915,94.83928715408058,95.43465425346308,96.36916073570423,95.65567234481553,95.80426311020915,95.2526843535956,97.04699553912546,96.10885539624587,95.65567234481553,96.93564979527592,96.89170435815605,97.33259989926954,96.10885539624587,96.88626752757672,97.90580986498452,97.9720968508795,96.89430666022983,96.78593204866924,96.94128470134117,96.46289825187348,96.68543264522167,96.69639509883953,97.5765742564224,96.87496356450035,96.63064086769982,98.89665857768911,97.74025973988175,97.9720968508795,96.80051450254722,97.11056410973077,97.4131756409082,98.7961455138632,97.3620380145923,98.56881632771767,98.37002367192444,98.7961455138632,98.56881632771767,98.93958631662264,98.45475899876762,101.82379078801144,99.87830019539251,101.64244243535842,102.51717110198362
57.99999933726732,-109.95629212707051,58.00000616745649,-109.95629212707051,-129.70195920622717,77.84240238563888,-108.55283851679464,56.65409007074879,-103.04011770559647,51.11265855937449,77.84240921582804,-108.55371961119756,-103.04278147937278,56.65409007074879,51.11265855937449,-21.232679516191187,-129.7037077346547,-98.143903429262,-100.6302152305517,-4.278504774403211,-5.532646180554381,130.3725744996957,129.52574032564084,131.37670793033595,59.12939843728561,130.3725744996957,59.434940119616954,58.67960315968359,132.37672958709587,59.12939843728561,131.37670793033595,116.22105091683292,133.5044074794433,132.37672958709587,116.10816155023096,135.5423583428567,57.88885849909287,133.5044074794433,69.35833071943172,107.66393037745249,57.41701537085005,106.24713740772758,115.9729238046647,70.18617696759395,69.10318217279672,141.68290331237327,-15.02122352271155,116.70580310260708,135.0095626064607,115.82424424681187,70.66588847376062,112.22002172368784,57.41701537085005,134.81749768699993,116.27573341132805,121.1406585910747,77.53656700517321,56.6525396178072,87.19861407677578,94.02342105772256,77.53656700517321,87.19861407677578,56.72562947211551,70.35896709321693,51.1046604078564,55.98336549425354,33.74305719811435,54.16244047662273
52.40372823704698,52.74445563888764,129.69268380933428,129.34607902971283,84.35188002317368,96.09445052728631,99.59982655274192,99.62362976199941,103.44604950834866,103.49155222859929,84.3431510414144,81.08256216562287,77.49426081345415,81.06039820176619,77.4517223953033,92.66215069576067,96.08504535679921,48.70711374502019,51.858453745037345,84.26480194144519,83.7610823203459,85.16071785487576,85.51329905002098,84.74732065536072,84.19574189874719,85.16071785487576,84.56535075549326,83.63084427325211,84.34433266414081,84.19574189874719,84.74732065536072,82.95300946983087,83.89114278252129,84.34433266414081,83.06435521368041,83.10830065080029,82.66741193987596,83.89114278252129,83.11373065119044,82.09418831378264,82.02790815807684,83.1056983487265,83.21406613009793,83.05872030761516,83.53710675708285,83.31455870335633,83.30360307992763,82.4234375827231,83.12504144445599,83.36936414125651,81.10333960107806,82.25974526907457,82.02790815807684,83.19949050640912,82.88944089922556,82.58682936804814,81.20385266490396,78.69967308874551,81.4311818510495,81.6299813370319,81.20385266490396,81.4311818510495,81.0604186923337,81.54524601018872,76.15919788733761,80.12170481356382,78.35756257359792,77.48282707678355
-122.00000567168901,-121.92552928897919,-122.00007397358071,-121.92558393049256,58.715857803798016,58.73771440914206,55.94434803861984,55.96311739845904,45.50001891080821,45.54612268770579,58.73771440914206,55.944354868809015,45.500035986281134,55.96311398336446,45.546139763178715,150.39132620224782,58.715857803798016,-121.12035926886142,-121.86588807714665,-18.293818163516658,-20.986237753200662,142.74579003025397,140.9333720132344,144.88725924072807,59.47291597140223,142.74579003025397,59.83945807321096,58.91004008190148,146.99950890193284,59.47291597140223,144.88725924072807,133.17933145608572,149.37845012946994,146.99950890193284,132.76008078445201,153.57153058169746,57.84425736381269,149.37845012946994,73.53937637834167,125.35664749777843,57.15781993713182,121.15425066752302,132.2168485190042,74.70745483962973,72.89605452079651,159.17911589027793,-32.37731989243528,135.1277931809936,152.98259069032395,131.64585836476948,77.03109202545724,130.36551208409392,57.15781993713182,152.5857566995462,133.40800618949774,139.67921267783666,87.01498444093998,55.96076439828997,100.3337713601948,109.16610754199174,87.01498444093998,100.3337713601948,56.07136565151999,76.18897068192969,45.53176221497584,54.80516127752093,17.196626820529563,51.058908385701066
59
2.104958838344828e-07,2.1214071921349387e-07,2.1674610195532296e-07,2.1834388519437198e-07,5.959622626505734e-07,5.939890570516582e-07,5.937175728831789e-07,5.917369776398118e-07,2.977487611133256e-06,2.542734875987662e-07,2.16846643752433e-07,1.2879289670308935e-06,1.184557618216786e-06,-1.0,1.6387681398555287e-06,-1.0,-1.0,1.519406737315876e-06,1.3558857290263404e-06,1.1576331644391757e-06,-1.0,1.2698275213551824e-06,1.3998883332533296e-06,1.043991574078973e-06,-1.0,1.3002246532778372e-06,1.0607179774524411e-06,1.067368884832831e-06,1.0062589126391686e-06,1.2038799468427896e-06,1.0703462294259225e-06,9.31024658257229e-07,-1.0,1.0672799817257328e-06,1.0840747108886717e-06,1.0618419992169947e-06,1.1402146355976583e-06,1.100269741982629e-06,1.1042039886888233e-06,9.711880011309404e-07,1.0699601489250199e-06,1.1094190313087893e-06,8.294881013171107e-07,9.507786558060616e-07,9.260392062060419e-07,1.081647155842802e-06,1.0346786893933313e-06,9.924870028044097e-07,-1.0,-1.0,8.800079172033293e-07,8.384402008232428e-07,8.599968168709893e-07,8.265700444098911e-07,8.725876341486583e-07,5.918186616327148e-07,7.487727202715178e-07,6.382640549418284e-07,5.929264830228931e-07
1.3501703506335616e-05,4.739897576655494e-06,2.852572379197227e-06,9.428537737221632e-07,2.415182791537518e-07,5.480152935888327e-07,9.383747396896069e-07,2.1341086267057108e-06,9.245642473842963e-08,4.071223358437237e-08,1.2901008972221462e-07,3.952221050429472e-10,3.977104867658454e-09,0.0,2.576074076277024e-10,0.0,0.0,2.932655507326132e-10,3.761845279726117e-10,9.655053839763283e-11,0.0,1.0816780360300982e-08,2.1502116753779887e-10,6.485865178262884e-09,0.0,3.8126443668851095e-10,5.826513715945225e-10,6.013848086183771e-09,2.3332477616655467e-10,4.291386412891285e-10,1.0179889570194334e-10,8.866873457691327e-09,0.0,5.807297420723501e-10,1.5651167473151872e-08,6.066001034810142e-09,3.8656619572030593e-10,6.224707971291821e-10,5.7271405395908914e-09,7.456221418067344e-09,4.2792671628433254e-09,3.5242606055696513e-10,4.0802123635330645e-07,1.3870319337527803e-09,6.861154422388438e-10,5.301928340806228e-10,6.064525548410415e-10,9.878466933344043e-10,0.0,0.0,2.6057174196125743e-09,5.5556178324422945e-08,1.8003474266947705e-08,4.3783663272733975e-07,2.083991290646736e-08,1.6031168570407317e-07,1.0347992462911293e-09,2.7591431916995646e-10,3.446809415663665e-08
0.0,3.1357696056365967,-0.07327163964509964,3.0612642765045166,-3.09761381149292,0.04910232126712799,-0.009618230164051056,3.136716842651367,-0.004425662104040384,-0.7886349558830261,-0.7864794731140137,2.3221993446350098,2.3561789989471436,0.0,2.3613803386688232,0.0,0.0,2.393402576446533,2.3879528045654297,2.5316343307495117,0.0,2.35227108001709,2.354259490966797,2.3516411781311035,0.0,2.33020281791687,2.3240368366241455,2.3525795936584473,2.394571304321289,2.423344612121582,-0.8877299427986145,2.3516063690185547,0.0,2.3531994819641113,2.352997064590454,2.354429006576538,2.310877799987793,-0.818366289138794,2.356203317642212,2.3492653369903564,2.3518733978271484,2.460881233215332,2.673945188522339,-0.8207162022590637,2.314462900161743,2.421164035797119,2.353086471557617,-0.8035151958465576,0.0,0.0,-0.7839670777320862,2.3582358360290527,2.35290789604187,2.702852725982666,2.352842330932617,-0.7564329504966736,2.3693909645080566,-0.858296275138855,-0.7885736227035522
127.5962665266256,127.25550838893366,129.69267014895595,129.34545065230918,103.43102309217464,103.47670339734368,102.49199502470294,102.53441049944873,92.66475982802362,15.519250181137615,17.728997377649744,95.72259453830331,96.22388261205806,94.84850107927093,94.49460165761589,95.26357167513261,95.80445435550591,94.84850107927093,95.43489331008404,96.36922903759593,95.66830136459087,95.80445435550591,95.26357167513261,97.06589467255888,96.1236086048531,95.66830136459087,96.9539205513057,96.91037809534687,97.33228571056773,96.1236086048531,96.8910554901849,97.92845194208311,97.9714138319625,96.91095183123714,96.80338318199861,96.94652345643458,96.46694172386213,96.70277449552432,96.67878687115925,97.5986016164957,96.89356216961029,96.6472518877613,98.90641891801306,97.76271057168358,97.9714138319625,96.81872378687447,97.12982524319021,97.43460194433452,98.8105640432011,98.58802281966373,98.39131337156738,98.8105640432011,98.58802281966373,98.93811782595108,98.46319428239259,101.82092210856003,99.87564325180537,101.60746503661879,102.5088587617637
59.00000050345972,-110.94386917916266,59.00000733364888,-110.94386917916266,-103.32186983904867,51.3940418626115,-103.32053795216052,51.39403503242233,-21.234540742740013,-100.49046272994407,-103.06984268886437,-4.278505201290034,-5.532646180554381,130.3725744996957,129.52574032564084,131.37670793033595,59.12939843728561,130.3725744996957,59.434940119616954,58.67960315968359,132.37672958709587,59.12939843728561,131.37670793033595,116.22105091683292,133.5044074794433,132.37672958709587,116.10816155023096,135.5423583428567,57.88885849909287,133.5044074794433,69.35833071943172,107.66393037745249,57.41701537085005,106.24713740772758,115.9729238046647,70.18617696759395,69.10318217279672,141.68290331237327,-15.02122352271155,116.70580310260708,135.0095626064607,115.82424424681187,70.66588847376062,112.22002172368784,57.41701537085005,134.81749768699993,116.27573341132805,121.1406585910747,77.53656700517321,87.19861407677578,94.02342105772256,77.53656700517321,87.19861407677578,56.72562947211551,70.35896709321693,51.38538118274393,55.98336549425354,33.74305719811435,54.16244047662273
52.40372823704698,52.74502254458876,129.69269746971264,129.34550529382255,103.43125531860642,103.47671022753286,77.50808511633426,77.46559450950761,92.66475982802362,48.71837331186695,51.86023642441072,84.27740364046386,83.77612922708745,85.1515039296854,85.50540335134045,84.73643333382373,84.19555065345043,85.1515039296854,84.56510486868314,83.6307759713604,84.33170364436546,84.19555065345043,84.73643333382373,82.93410350620827,83.87639640410323,84.33170364436546,83.04608445765064,83.08962691360946,82.66772612857778,83.87639640410323,83.10894951877144,82.07155306687322,82.02858434680466,83.08904634753002,83.19662182695771,83.0534747223326,83.5330632850942,83.29722368324283,83.32121813779709,82.40140339246064,83.10644966953521,83.35275312119504,81.09357926075411,82.23730809765108,82.02858434680466,83.18128122208186,82.87017976576612,82.56540989481098,81.18944096575524,81.41197535910342,81.60869163738896,81.18944096575524,81.41197535910342,81.06188035281608,81.53681072656374,76.19569158807299,80.12436175715096,78.39254680252672,77.49114624719263
-120.99999767530745,-120.93778831234697,-121.00009329795583,-120.93787027461701,45.219677211419615,45.26474962975253,45.21969428689254,45.26475304484712,150.3931703533237,-120.24705128158358,-120.8879006106492,-18.356030941571717,-21.040276502366513,142.72316844372287,140.90581903012256,144.87182301320382,59.16876764766156,142.72316844372287,59.5575829963537,58.57096217074536,146.99261041087112,59.16876764766156,144.87182301320382,133.08814843066605,149.38279412978207,146.99261041087112,132.66800983444023,153.59969828183458,57.443024731209455,149.38279412978207,73.1812695601579,125.19893842984283,56.713430754257864,120.994997976835,132.12383500288698,74.34820737985457,72.56285057232661,159.2354512905522,-32.37256949586754,135.0417191370731,153.00747989965947,131.55195692406014,76.55035599091507,130.24525977356666,56.713430754257864,152.6082143615372,133.3173149376983,139.62422965501807,86.5805092776463,99.98480333512052,108.88288691786799,86.5805092776463,99.98480333512052,55.55860969014879,75.7357056682293,45.249231439958265,54.2224641790488,16.680015217371896,50.25831117723261
64
2.104958696236281e-07,2.1214300716110301e-07,2.1674610195532296e-07,2.1834607366599812e-07,8.323023621414904e-07,8.302657761305454e-07,5.96667291574704e-07,5.946918690824532e-07,8.306964218718349e-07,5.944253871348337e-07,8.286560841952451e-07,5.924424044678744e-07,2.9745801839453634e-06,2.5429977767998935e-07,2.168506654243174e-07,1.290760906158539e-06,1.1874122947119758e-06,-1.0,1.6358989114451106e-06,-1.0,-1.0,1.5165265949690365e-06,1.3558900491261738e-06,1.1576886436159839e-06,-1.0,1.2698519640252925e-06,1.3969992096463102e-06,1.0412211395305349e-06,-1.0,1.2973308685104712e-06,1.0579531135590514e-06,1.0644868098097504e-06,1.006372713163728e-06,1.2009858210149105e-06,1.0696716117308824e-06,9.28398776522954e-07,-1.0,1.0647427188814618e-06,1.0813168955792207e-06,1.0611103107294184e-06,1.139569121733075e-06,1.097420863516163e-06,8.294329063573969e-07,1.1070936807300313e-06,9.68394829214958e-07,1.067075686478347e-06,1.1066692877648165e-06,8.286565389425959e-07,9.480569360675872e-07,9.261905233870493e-07,1.0787612154672388e-06,1.031905526360788e-06,9.89643694992992e-07,-1.0,-1.0,8.778267783782212e-07,8.371405328944093e-07,8.581351949032978e-07,8.267804787465138e-07,8.717937589608482e-07,5.925213031332532e-07,7.490508551200037e-07,6.402113967851619e-07,5.934023761255958e-07
1.3501703506335616e-05,4.806699053006014e-06,2.8525726065709023e-06,9.600506700735423e-07,2.8107726279813505e-07,6.187996746120916e-07,2.4261908038170077e-07,5.483381642079621e-07,6.947396400391881e-07,9.406043091075844e-07,1.5308669389924034e-06,2.1307960196281783e-06,9.241338005949729e-08,4.076994031265713e-08,1.2917625724639947e-07,3.928331271385588e-10,3.948274152065778e-09,0.0,2.590240522071241e-10,0.0,0.0,2.9475974439030495e-10,3.748920340829187e-10,8.336807633124721e-11,0.0,1.059216181431566e-08,2.1647135473035206e-10,6.550672004834723e-09,0.0,3.836317652439192e-10,5.864744245798192e-10,6.048253897716904e-09,2.3507060187277773e-10,4.3110093272957783e-10,9.448088839070223e-11,8.981652754869174e-09,0.0,5.851388262811952e-10,1.592727194577037e-08,6.069310831691155e-09,3.8545844294191056e-10,6.223712656350244e-10,3.85038134709248e-08,5.69293545638061e-09,7.533525803182783e-09,4.304885781181156e-09,3.5440889112337004e-10,6.172426196826564e-07,1.4128787029221712e-09,6.828055343355288e-10,5.329655050623217e-10,6.105039807025037e-10,1.0015064333401824e-09,0.0,0.0,2.6829345411982786e-09,6.32391277122224e-08,1.8565897264011255e-08,2.229838855782873e-07,2.1744348543961678e-08,1.628536239195455e-07,1.0257903415578085e-09,2.0658755262026318e-10,3.90760988011607e-08
0.0,3.135699510574341,-0.07327163964509964,3.061173439025879,-3.1208443641662598,0.025673922151327133,-3.0977535247802734,0.04897255450487137,-0.009636318311095238,-0.009626852348446846,3.136765956878662,3.136719226837158,-0.004418259486556053,-0.7877307534217834,-0.7865189909934998,2.377387046813965,2.3539791107177734,0.0,2.312196731567383,0.0,0.0,2.3778867721557617,2.312793254852295,2.4251739978790283,0.0,2.3528711795806885,2.3404548168182373,2.3539226055145264,0.0,2.322500228881836,2.3755288124084473,2.3538858890533447,2.327822208404541,2.323136568069458,-0.9967787265777588,2.3501737117767334,0.0,2.4215235710144043,2.354248285293579,2.3498480319976807,2.3527450561523438,-0.8148674368858337,-0.7863681316375732,2.352128505706787,2.3518474102020264,2.3499200344085693,2.3533129692077637,-0.1934799700975418,-0.8084936738014221,2.4255335330963135,2.391927480697632,2.3464760780334473,-0.8065681457519531,0.0,0.0,-0.7895492911338806,2.3607730865478516,2.352264165878296,2.4651923179626465,2.354060173034668,-0.7552043199539185,2.37349271774292,-0.905349612236023,-0.7878162860870361
127.5962665266256,127.25466144547659,129.69268380933428,129.34561457684927,99.57421334335437,99.59767504315336,103.41505410989515,103.46047486787573,98.89275170948386,102.47586211788338,98.91543476771747,102.51924064930213,92.66736896028657,15.372660661170801,17.58128258401717,95.7099996694738,96.20885619588402,94.85772866483961,94.5025041864856,95.27448631742628,95.80433824229003,94.85772866483961,95.43487964970569,96.36892167908327,95.6809850258796,95.80433824229003,95.27448631742628,97.08479380599232,96.13840962478452,95.6809850258796,96.97219130733548,96.92918160613192,97.33145242748898,96.13840962478452,96.89542681125371,97.95102571729001,97.97010243564186,96.92750820978526,96.82081382476049,96.95133873979944,96.47061636563559,96.7202529496104,96.87263446999337,96.66127426612734,97.62064946713649,96.91229054831447,96.66384241725525,98.9154279375283,97.78512725253957,97.97010243564186,96.83704918441761,97.14908637664965,97.4560828892742,98.82435419513536,98.60679900969211,98.41230937307598,98.82435419513536,98.60679900969211,98.93582971257914,98.47095337728972,101.81780071210933,99.87194128927523,101.57166801517874,102.49866128933289
60.000001669652114,-111.93105691047211,60.000001669652114,-111.93131645766057,-122.57719763769012,70.71328998660051,-103.60125189685887,51.67355710911052,-122.57837243022736,-103.60093087796788,70.71329681678968,51.67355369401593,-21.235406469217313,-102.88596716621845,-105.55616132034324,-4.278505201290034,-5.532646180554381,130.3725744996957,129.52574032564084,131.37670793033595,59.12939843728561,130.3725744996957,59.434940119616954,58.67960315968359,132.37672958709587,59.12939843728561,131.37670793033595,116.22105091683292,133.5044074794433,132.37672958709587,116.10816155023096,135.5423583428567,57.88885849909287,133.5044074794433,69.35833071943172,107.66393037745249,57.41701537085005,106.24713740772758,115.9729238046647,70.18617696759395,69.10318217279672,141.68290331237327,70.72920432736665,-15.02122352271155,116.70580310260708,135.0095626064607,115.82424424681187,70.66588847376062,112.22002172368784,57.41701537085005,134.81749768699993,116.27573341132805,121.1406585910747,77.53656700517321,87.19861407677578,94.02342105772256,77.53656700517321,87.19861407677578,56.72562947211551,70.35896709321693,51.66428171221764,55.98336549425354,33.74305378301976,54.16244047662273
52.40372823704698,52.74548699745232,129.6926155074426,129.34512280322903,99.57397428673342,99.59767504315336,103.415088260841,103.46048169806491,81.10663858244718,77.52320032496749,81.08456341104969,77.48075752946504,92.6673621300974,48.72786385971868,51.86168442451476,84.29000533948253,83.79114881307231,85.14227634411672,85.49750082247074,84.72551186134088,84.1956667666663,85.14227634411672,84.56512535925064,83.63107649968389,84.31901998307674,84.1956667666663,84.72551186134088,82.91521120296402,83.86159538417182,84.31901998307674,83.02782053181002,83.07082340282442,82.66855258146735,83.86159538417182,83.10457136751346,82.04897929166633,82.02989574312531,83.07249679917108,83.17918435400668,83.0486662691569,83.52938181313156,83.27974522915677,78.07429413814998,83.338730742829,82.37936237200901,83.08772129083103,83.33616259170108,81.08457024123886,82.21487775641677,82.02989574312531,83.16295582453873,82.85091863230669,82.54392211968212,81.17565081382098,81.39319916907506,81.58769563588034,81.17565081382098,81.39319916907506,81.0641752963772,81.52904480147744,76.23551159093417,80.12806371968111,78.42833699377758,77.50134371962345
-120.00000333930423,-119.95006099609309,-120.00004432043924,-119.95000635457973,76.15208766041162,76.13523075354003,44.94121722914737,44.98525487382103,76.15206716984412,44.941203568769026,76.13525124410755,44.98523438325351,150.39404461753747,-119.37408480376425,-119.90998144604346,-18.41305277585757,-21.088697420940026,142.69642142293313,140.87441382031886,144.85197448347577,58.86459200316421,142.69642142293313,59.27561912703724,58.23195256148095,146.98104007041712,58.86459200316421,144.85197448347577,132.99006691418467,149.3822203938918,146.98104007041712,132.5691633367718,153.62262039668914,57.04213019297014,149.3822203938918,72.82043066630612,125.03273260657974,56.269622137463365,120.82866921016685,132.02419620327484,73.98598878779046,72.22730386897139,159.28714216219083,76.15903396279752,-32.362488136652594,134.94821384733564,153.02705522182072,131.45162144515265,76.06437437109032,130.1170434624672,56.269622137463365,152.62539911748894,133.2196568929455,139.56234814113773,86.13854139683312,99.62668968674758,108.59026112325714,86.13854139683312,99.62668968674758,55.0469465590448,75.27786442778502,44.968650683948724,53.641604401463404,16.179700445573875,49.46326691255937
67
2.104958696236281e-07,2.121447693070877e-07,2.1674610195532296e-07,2.1834780739027337e-07,8.315325885632774e-07,8.294970257338719e-07,8.732553169465973e-07,8.727425893084728e-07,5.9743342717411e-07,5.954556741016859e-07,8.299253977384069e-07,8.712114549780381e-07,5.951943080617639e-07,8.278858558696811e-07,5.932091653448879e-07,4.352674295660108e-06,2.9716729841311462e-06,8.747828132982249e-07,2.5432129291402816e-07,2.1685384865577362e-07,1.2936035318489303e-06,1.1902750429726439e-06,-1.0,1.6330382095475215e-06,-1.0,-1.0,1.513653046458785e-06,1.3559589433498331e-06,1.1578117664612364e-06,-1.0,1.2699422313744435e-06,1.3941149745733128e-06,1.0384673032604042e-06,-1.0,1.2944398122272105e-06,1.0552049616308068e-06,1.0616014378683758e-06,1.006556885840837e-06,1.19809226362122e-06,1.0690639555832604e-06,9.257980764232343e-07,-1.0,1.0622341051202966e-06,1.078576588042779e-06,1.0604454701024224e-06,1.1389895462343702e-06,1.0945640269710566e-06,8.286689308079076e-07,9.656159818405285e-07,1.0641890639817575e-06,8.278967698061024e-07,9.453547136217821e-07,9.264142590836855e-07,1.0758732287285966e-06,1.029148506859201e-06,9.868102779364563e-07,-1.0,-1.0,8.756890110817039e-07,8.35906121210428e-07,8.563262099414715e-07,8.270664011433837e-07,8.71070596986101e-07,5.932849944656482e-07,7.494077181036118e-07,6.422125125027378e-07,5.939656375630875e-07
1.3501703506335616e-05,4.866134077019524e-06,2.852572379197227e-06,9.75812668002618e-07,2.8091517378925346e-07,6.193554895617126e-07,6.217783834472357e-07,5.853116817888804e-07,2.4370316964450467e-07,5.486822942657454e-07,6.950010629225289e-07,1.3776094647255377e-06,9.425795042261598e-07,1.5337386685132515e-06,2.1271903278829996e-06,4.6291209088167307e-08,9.238069509365232e-08,2.6429404442751547e-07,4.081660165411449e-08,1.2930439652336645e-07,3.9122197148522275e-10,3.920238356158734e-09,0.0,2.6039442824199455e-10,0.0,0.0,2.963373713082973e-10,3.7577060907345583e-10,7.80527448229762e-11,0.0,1.0376632886277548e-08,2.1788779114295664e-10,6.61761934139804e-09,0.0,3.856838737270607e-10,5.902843769334254e-10,6.0843370341956415e-09,2.3750040822889673e-10,4.3407227812153337e-10,8.479647539694213e-11,9.100414644080956e-09,0.0,5.875850916936542e-10,1.6223006937821083e-08,6.071239067040324e-09,3.846901130977187e-10,6.224519233377634e-10,3.843758022981092e-08,7.61321139464144e-09,4.331168312887712e-09,2.8250534001017513e-07,1.4403908066284998e-09,6.764176996298943e-10,5.364131916429926e-10,6.145529640733116e-10,1.0159870722503683e-09,0.0,0.0,2.764193762772038e-09,7.366304544120794e-08,1.9172894383245875e-08,1.439051118268253e-07,2.2743629202182092e-08,1.6570956518080493e-07,1.016318473823219e-09,1.3921440389363937e-10,4.479484871922068e-08
0.0,3.1356430053710938,-0.07327163964509964,3.0610997676849365,-3.1208016872406006,0.025713453069329262,3.1315717697143555,-3.118381977081299,-3.097903251647949,0.04883229732513428,-0.009634359739720821,-0.005203335080295801,-0.009634777903556824,3.1367645263671875,3.136721611022949,-0.015424681827425957,-0.004410806577652693,0.018291957676410675,-0.7883585095405579,-0.7864574790000916,2.4245214462280273,2.351320266723633,0.0,2.394775390625,0.0,0.0,2.3129525184631348,2.4833312034606934,2.7844908237457275,0.0,2.3500354290008545,2.3171393871307373,2.3568286895751953,0.0,2.338068962097168,2.3755428791046143,2.3531484603881836,2.4343414306640625,2.2999112606048584,-0.6311357617378235,2.3540189266204834,0.0,2.323235034942627,2.352825164794922,2.352440595626831,2.3393735885620117,-0.7782474160194397,-0.786129891872406,2.3540687561035156,2.356750011444092,-0.6000108122825623,-0.7974903583526611,2.3796310424804688,2.3617544174194336,2.3465793132781982,-0.8061560392379761,0.0,0.0,-0.789588212966919,2.364222764968872,2.3518621921539307,2.399949312210083,2.3529868125915527,-0.7538601160049438,2.347158432006836,-0.755133867263794,-0.7861522436141968
127.5962665266256,127.25382816239784,129.69267014895595,129.34531404852578,99.58253934395262,99.60665674191193,98.45668511211356,99.12645346212501,103.39641452365018,103.44288713076295,98.90150118181064,98.47665658524669,102.4600297393873,98.92379491926157,102.50279355378073,91.69071338067727,92.66997809254951,99.10372942275639,15.252042935522962,17.464923481316834,95.69741163083347,96.19386393065585,94.86697674097582,94.51039988516612,95.28543511066582,95.80392843093982,94.86697674097582,95.43460644213889,96.36824549035545,95.69372332868167,95.80392843093982,95.28543511066582,97.1036792790474,96.15329943717515,95.69372332868167,96.99043474260858,96.94810123013285,97.33010005003332,96.15329943717515,96.89936783040481,97.97350386984853,97.96816949210674,96.94394164492832,96.83823080714403,96.9557168910574,96.47392217719388,96.73788166785819,96.87368631912555,97.64271097815563,96.93112821004537,98.92367880604567,97.80751661263888,97.96816949210674,96.85548386498748,97.16833384973074,97.47761164553809,98.83748864890929,98.62511757704608,98.43299801607196,98.83748864890929,98.62511757704608,98.93270831612843,98.4780431136482,101.81443342884852,99.86719430780207,101.53511284274084,102.48661283563698
61.00000966603368,-112.91932381167042,61.000002835844505,-112.91959701923723,-122.7738797650298,70.90967158561672,-122.35169211205297,70.48725853639728,-103.87657682230208,51.95103695923687,-122.7738797650298,70.48725853639728,-103.8755727844941,70.90967158561672,51.95103695923687,16.800359735452933,-21.235304016379764,-122.35404169712746,-105.32385292629276,-108.07972497336618,-4.278505201290034,-5.532646180554381,130.3725744996957,129.52574032564084,131.37670793033595,59.12939843728561,130.3725744996957,59.434940119616954,58.67960315968359,132.37672958709587,59.12939843728561,131.37670793033595,116.22105091683292,133.5044074794433,132.37672958709587,116.10816155023096,135.5423583428567,57.8888516689037,133.5044074794433,69.35833071943172,107.66392354726332,57.41701537085005,106.24713740772758,115.9729238046647,70.18617696759395,69.10318217279672,141.68290331237327,70.92449992630482,116.70580310260708,135.0095626064607,70.66588847376062,112.22002172368784,57.41701537085005,134.81749768699993,116.27573341132805,121.1406585910747,77.53656700517321,87.19861407677578,94.02342105772256,77.53656700517321,87.19861407677578,56.72562947211551,70.35896709321693,51.94120490192664,55.98336549425354,33.74305719811435,54.16244047662273
52.40372823704698,52.745848997478326,129.69273845084766,129.34471299187882,99.58291500435696,99.60664991172276,81.5433335572211,99.12644663193585,103.39756882561991,103.44288713076295,81.09830575165977,81.52334842370965,77.53957911859719,81.07621008969477,77.4972114551756,88.30929162827906,92.66997809254951,99.10499300775284,48.73560929423748,51.862828481200744,84.30259337812286,83.80614107830048,85.13302826798052,85.48960512379021,84.71456989829052,84.19607657801652,85.13302826798052,84.56539856681744,83.63175951860089,84.30628168027467,84.19607657801652,84.71456989829052,82.89632572990894,83.84669874159202,84.30628168027467,83.00957026634775,83.05189694863432,82.66990495892301,83.84669874159202,83.10063717855152,82.02649430891864,82.0318355168496,83.05604970364968,83.1617742018123,83.04428811789892,83.52607600157329,83.26212334109813,78.04940492881445,82.3572940308007,83.0688699687218,81.07632620291066,82.19248839631746,82.0318355168496,83.14450748359052,82.83165749884725,82.52239336341825,81.16251636004705,81.37488743191025,81.56700016269521,81.16251636004705,81.37488743191025,81.0672966928279,81.52196189530814,76.27858276384026,80.13281070115427,78.46489216621549,77.51339217331936
-118.99999534292266,-118.96234734021755,-118.99998168254432,-118.96232001946086,75.95618417463731,75.93887647528051,74.90466972172469,74.92011277943809,44.66476190739652,44.707716967086725,75.95620466520482,74.92011277943809,44.664755077207346,75.93887647528051,44.70774770293799,-69.23592689931593,150.39394899488912,74.90465606134634,-118.50137787313338,-118.93211692295107,-18.464934892792986,-21.13158076364395,142.6655353075063,140.83917004420158,144.8276863307872,58.560580283206946,142.6655353075063,58.99376454074749,57.89325714091836,146.9647159183008,58.560580283206946,144.8276863307872,132.88503226512822,149.37661963877238,146.9647159183008,132.46347298955504,153.64017398285608,56.64188793779657,149.37661963877238,72.4571192439748,124.85797538647579,55.82676291696349,120.65522338638354,131.91787747865442,73.62103812005834,71.88961931640596,159.33407922216716,75.96108142027222,134.84716802875445,153.04126201529434,75.57352965657653,129.98076752814708,55.82676291696349,152.63721534475306,133.11496375334752,139.493458853169,85.68935400606723,99.25953286791355,108.28825064872667,85.68935400606723,99.25953286791355,54.53683729597698,74.815815790812,44.6902077771494,53.06317617122254,15.69573202400699,48.67486159175938
63
2.1049585541277338e-07,2.121460767057215e-07,2.1674607353361353e-07,2.1834900110206945e-07,8.308207384288835e-07,8.287862556244363e-07,5.98259987327765e-07,5.96280131048843e-07,8.292122402053792e-07,5.96024108290294e-07,8.271735509879363e-07,5.940367486800824e-07,4.354879365564557e-06,2.9687655569432536e-06,2.543378627706261e-07,2.1685609397081862e-07,1.2964560482942034e-06,1.1931451808777638e-06,-1.0,1.630186716283788e-06,-1.0,-1.0,1.5107873423403362e-06,1.1580023056012578e-06,-1.0,1.270098437089473e-06,1.391236196468526e-06,1.0357307473896071e-06,-1.0,1.2915525076095946e-06,1.0524747722229222e-06,1.05871413325076e-06,1.0068114306704956e-06,1.1952001841564197e-06,1.068523829417245e-06,9.232235811396095e-07,-1.0,1.0597557320579654e-06,1.0758545840872102e-06,1.0598478183965199e-06,1.1384764775357326e-06,1.0917004829025245e-06,8.279627081719809e-07,9.628528232497047e-07,1.0613005088089267e-06,1.1012243703589775e-06,8.272096465589129e-07,9.426732390238612e-07,9.267102427656937e-07,1.072983764061064e-06,1.0264087677569478e-06,9.839878885031794e-07,-1.0,-1.0,8.735959227124113e-07,8.347380457962572e-07,8.545713399144006e-07,8.274277547570819e-07,8.704188871888618e-07,5.941093945693865e-07,7.498427976315725e-07,6.442655831051525e-07,5.946153578406665e-07
1.350170532532502e-05,4.9133900574815925e-06,2.852573061318253e-06,9.886383622870198e-07,2.806715997394349e-07,6.198681603564182e-07,2.447616509471118e-07,5.490460921464546e-07,6.950182864784438e-07,9.4428850161421e-07,1.5363992815764504e-06,2.123296553691034e-06,4.607848680393545e-08,9.235846221145039e-08,4.0852846439065615e-08,1.2939594284944178e-07,3.889438771054188e-10,3.892963285068163e-09,0.0,2.61649701904787e-10,0.0,0.0,2.977401658554868e-10,6.097679305927528e-11,0.0,1.0169318720443243e-08,2.193107501158309e-10,6.686527331822845e-09,0.0,3.8825104242690145e-10,5.941411806986707e-10,6.122196083424569e-09,2.386859321301671e-10,4.3625664192248337e-10,7.780490141051644e-11,9.223187547036105e-09,0.0,5.904679523105472e-10,1.6539820180128117e-08,6.071938063456628e-09,3.8422307002683453e-10,6.232140359330174e-10,3.83764486855398e-08,7.695692083586891e-09,4.358797767167744e-09,3.6221245447443096e-10,1.6522591295142774e-07,1.4698458006279225e-09,6.712211342296825e-10,5.400822566947738e-10,6.191507306851918e-10,1.0312994902506034e-09,0.0,0.0,2.8496625059659664e-09,8.857595190647771e-08,1.9830505237905527e-08,1.06065890292939e-07,2.3852908981325527e-08,1.6889634935068898e-07,1.006972505379622e-09,7.687563086111737e-11,5.2077890444479635e-08
0.0,3.135601282119751,-0.07327164709568024,3.0610454082489014,-3.1207616329193115,0.02575009874999523,-3.098062515258789,0.0486818328499794,-0.009632098488509655,-0.009642123244702816,3.136763334274292,3.1367244720458984,-0.0154259093105793,-0.0044033401645720005,-0.7890454530715942,-0.7865771651268005,2.4245574474334717,2.352475643157959,0.0,2.4105238914489746,0.0,0.0,2.345004081726074,2.60762619972229,0.0,2.3516905307769775,2.3698630332946777,2.3505425453186035,0.0,2.4006552696228027,2.3833844661712646,2.3513169288635254,2.3284449577331543,2.369515895843506,-1.065545916557312,2.351768732070923,0.0,2.3611137866973877,2.352581262588501,2.3538923263549805,2.4108831882476807,-0.8054119944572449,-0.7867802977561951,2.354069948196411,2.3539483547210693,2.317622661590576,-0.7158531546592712,-0.7977369427680969,2.3681740760803223,2.3471052646636963,2.405297040939331,-0.7928624749183655,0.0,0.0,-0.795944094657898,2.370410442352295,2.3519601821899414,2.3772072792053223,2.3531107902526855,-0.7524949312210083,2.3830857276916504,-0.8469019532203674,-0.7848055958747864
127.59628018700394,127.2529948793191,129.69268380933428,129.34493155793226,99.5907424011458,99.61496908213184,103.37884044691575,103.4239470161945,98.90934906916699,102.44266056832795,98.93154718396953,102.48509653364124,91.68985960703102,92.67259405500162,15.158081730658388,17.380574060161763,95.68483725257148,96.1789126465627,94.87623164730118,94.51830924422501,95.29640439447286,95.80321809126615,94.87623164730118,96.36718681103409,95.70648895224042,95.80321809126615,95.29640439447286,97.12254426153497,96.16824389107913,95.70648895224042,97.00865768731418,96.96714379753884,97.3282354083899,96.16824389107913,96.90287171744902,97.99588639975866,97.96560134097882,96.9602726272338,96.85560680839254,96.9596579102085,96.47685915853698,96.75564015970023,96.87466303617687,97.6647656589856,96.95008198499215,96.69694151397314,98.93115103299768,97.82986499160316,97.96560134097882,96.8740414889624,97.18757449262266,97.49918138293698,98.84995374414456,98.64296486134732,98.4533519797986,98.84995374414456,98.64296486134732,98.9287741271665,98.48443617071132,101.81082708896675,99.86140913757507,101.49785416081842,102.47274755162185
62.0000040020369,-113.90726969397775,62.0000040020369,-113.90655935430406,-122.97042528858609,71.10732359981854,-104.15046057783043,52.2263345639234,-122.97042528858609,-104.15012589856109,71.10732359981854,52.2263345639234,16.825370180646228,-21.2342248464909,-107.79649751905328,-110.63148364728295,-4.278505201290034,-5.532646180554381,130.3725744996957,129.52574032564084,131.37670793033595,59.12939843728561,130.3725744996957,58.67960315968359,132.37672958709587,59.12939843728561,131.37670793033595,116.22105091683292,133.5044074794433,132.37672958709587,116.10816155023096,135.5423583428567,57.88885849909287,133.5044074794433,69.35833071943172,107.66392354726332,57.41701537085005,106.24713740772758,115.9729238046647,70.18617696759395,69.10318217279672,141.68290331237327,71.1210454498611,116.70580310260708,135.0095626064607,115.82424424681187,70.66588847376062,112.22002172368784,57.41701537085005,134.81749768699993,116.27573341132805,121.1406585910747,77.53656700517321,87.19861407677578,94.02342105772256,77.53656700517321,87.19861407677578,56.72562947211551,70.35896709321693,52.21598341223625,55.98336549425354,33.74305378301976,54.16244047662273
52.40372823704698,52.74610854466679,129.69268380933428,129.344398803177,99.59120002382019,99.61496908213184,103.37869701294318,103.4239470161945,81.09059446808682,77.557207836845,81.06845782498681,77.5149084753151,88.31013857173615,92.67259405500162,48.74159937013958,51.86364127371197,84.31516092619569,83.82109236239364,85.12377336165515,85.48169576473133,84.70360061448348,84.19679374787937,85.12377336165515,83.63281136773307,84.29350922652674,84.19679374787937,84.70360061448348,82.87746074742137,83.8317611178772,84.29350922652674,82.99134732164215,83.0328612114175,82.67176960056642,83.8317611178772,83.09712646131814,82.00411860919768,82.03440366797751,83.03973238172253,83.1443982005638,83.04034709874783,83.52314585041934,83.2443648492561,78.02629839885229,82.33523251978156,83.04991619377502,83.30305666479403,81.0688471457695,82.17014001735318,82.03440366797751,83.12596351999393,82.81243051633366,82.50082362601934,81.15005126481178,81.35704014760901,81.54665302915774,81.15005126481178,81.35704014760901,81.07123088178983,81.515568838245,76.32481631433208,80.13859587138127,78.50215767832708,77.5272506271453
-118.00000100691943,-117.97466100509868,-117.99998734654109,-117.974633684342,75.75905808500158,75.74123129126785,44.390488831085484,44.432470588818965,75.75906491519075,44.390488831085484,75.74122446107867,44.43245692844063,-69.2109215767645,150.39286982500025,-117.62891682931263,-117.95427972061536,-18.511730226344035,-21.168986294633523,142.63045545592914,140.80003306025742,144.79886293248975,58.25693739346486,142.63045545592914,57.55510813548937,146.94361063376547,58.25693739346486,144.79886293248975,132.77294886084832,149.36593722291047,146.94361063376547,132.35085683051986,153.65227707806534,56.24261215439055,149.36593722291047,72.09158117997407,124.67458480726096,55.38523216825718,120.4746331847284,131.80482418751237,73.25361492384667,71.55003597125126,159.37618050821112,75.7618106512371,134.73848605868122,153.04996367629695,131.23137516517642,75.07825897948057,129.83630902720134,55.38523216825718,152.6435674206812,133.00313989625607,139.41746616846342,85.23325446386129,98.88346265221264,107.97689647541165,85.23325446386129,98.88346265221264,54.028770259470996,74.34993541771459,44.41404956862745,52.487777129878566,15.228149226258964,47.894153894154
64
2.1049585541277338e-07,2.1214678724845726e-07,2.1674607353361353e-07,2.1834976848822407e-07,8.301672664856596e-07,8.281336931759142e-07,5.991466878185747e-07,5.971647283331549e-07,8.285577450806159e-07,5.969140488559788e-07,8.265199085144559e-07,5.949246428826882e-07,4.3570512389123905e-06,2.9658594939974137e-06,2.5434960093662085e-07,2.1685745821287128e-07,1.2993170912523055e-06,1.1960216852457961e-06,-1.0,1.6273453411486116e-06,-1.0,-1.0,1.5079300510478788e-06,1.3562913636633311e-06,1.1582600336623727e-06,-1.0,1.2703203537967056e-06,1.3883640122003271e-06,1.0330129498470342e-06,-1.0,1.2886697504654876e-06,1.049763568516937e-06,1.0558253507042537e-06,1.0071361202790285e-06,1.1923104921152117e-06,1.068051346919674e-06,9.206766549141321e-07,-1.0,1.0573086228760076e-06,1.0731522479545674e-06,1.0593179240458994e-06,1.138029915637162e-06,1.0888307997447555e-06,8.273142952930357e-07,9.601063766240259e-07,1.0584111578282318e-06,1.0985313565470278e-06,8.265957376352162e-07,9.400138196724583e-07,9.270783607462363e-07,1.0700939583330182e-06,1.0236874459224055e-06,9.811773225010256e-07,-1.0,-1.0,8.71548820668977e-07,8.336373298334365e-07,8.528721764378133e-07,8.278639143100008e-07,8.698392548467382e-07,5.949938781668607e-07,7.50355525269697e-07,5.953506274636311e-07,8.306376457767328e-07
1.350170532532502e-05,4.944097781844903e-06,2.8525732886919286e-06,9.971589634005795e-07,2.803478764690226e-07,6.203375164659519e-07,2.457911705278093e-07,5.494266588357277e-07,6.947946076252265e-07,9.457103828935942e-07,1.5388438896479784e-06,2.119114469678607e-06,4.586816615415046e-08,9.234653219891698e-08,4.087818084030914e-08,1.294512941285575e-07,3.868630971126663e-10,3.866517328532382e-09,0.0,2.6280058684768903e-10,0.0,0.0,2.9927163525123035e-10,3.695187766883379e-10,5.396528363066366e-11,0.0,9.969734371395589e-09,2.2142028488492116e-10,6.757579829042015e-09,0.0,3.9029032783410855e-10,5.983333273285041e-10,6.161742227561717e-09,2.410243116202082e-10,4.389684726824328e-10,6.59959101256824e-11,9.350237029082109e-09,0.0,5.941964142941458e-10,1.6879132758162996e-08,6.071376734695377e-09,3.827720640448007e-10,6.243380812342991e-10,3.8320422390825115e-08,7.780752930841572e-09,4.387310514886167e-09,3.6757888399741034e-10,1.1390048371140438e-07,1.50070045279449e-09,6.661277640596097e-10,5.437793548779268e-10,6.226341109361044e-10,1.0477060330416066e-09,0.0,0.0,2.9396336476139595e-09,1.1167132640821364e-07,2.0544630885410697e-08,8.42514964460861e-08,2.5092063538068032e-08,1.724447713513655e-07,9.966917291492905e-10,6.166508370597512e-08,1.4848984264403953e-08
0.0,3.135575294494629,-0.07327164709568024,3.06101131439209,-3.1207242012023926,0.025783823803067207,-3.0982308387756348,0.04852146655321121,-0.009629525244235992,-0.009648831561207771,3.1367621421813965,3.1367273330688477,-0.015427171252667904,-0.004395844414830208,-0.7877197265625,-0.7866183519363403,2.2751760482788086,2.3508620262145996,0.0,2.3278286457061768,0.0,0.0,2.3294243812561035,2.344698429107666,2.878828525543213,0.0,2.3492274284362793,2.4361722469329834,2.3575401306152344,0.0,2.322482109069824,2.398066520690918,2.3530237674713135,2.433171272277832,2.338502883911133,-0.7971847057342529,2.352804183959961,0.0,2.3991565704345703,2.352640390396118,2.3508803844451904,2.3897223472595215,-0.7997835874557495,-0.7859122157096863,2.3540737628936768,2.356396198272705,2.2705142498016357,-0.7529178857803345,-0.7819803953170776,2.3484132289886475,2.3538336753845215,2.3609135150909424,-0.8029016256332397,0.0,0.0,-0.8000193238258362,2.381974220275879,2.3529906272888184,2.367257595062256,2.3521697521209717,-0.7507508993148804,2.3642945289611816,-0.7830756306648254,2.3523550033569336
127.59628018700394,127.25430627563975,129.69268380933428,129.34502718058064,99.60027051503796,99.62261889400224,103.35808350202808,103.40369550530542,98.91548940923083,102.42381607640787,98.93867107127386,102.46616324926195,91.68901949376311,92.67521001745374,15.091342244730901,17.329065896083403,95.67227653468782,96.16398868322621,94.88549338381571,94.5262117730947,95.30738733865823,95.80219356289064,94.88549338381571,95.4332608948724,96.36576613168673,95.71930238712336,95.80219356289064,95.30738733865823,97.14138192326587,96.18324981668565,95.71930238712336,97.02684648107393,96.9863093083499,97.32586533274791,96.18324981668565,96.90594530257553,98.0181528164529,97.96242530301477,96.97645334537756,96.87295548888437,96.96315496706356,96.4794068190974,96.77352159494733,96.87557145133648,97.68683400019391,96.96915187315483,96.71343642081872,98.93784461838428,97.85215872905408,97.96242530301477,96.8926947355857,97.20678098456874,97.5207921014709,98.86173582046283,98.66032037202832,98.47335760387756,98.86173582046283,98.66032037202832,98.92404080607169,98.49012571828995,101.80698169246403,99.85459943897257,102.45709958823335,103.55276438394095
62.99999833804013,-114.89473746304317,63.0000051682293,-114.89473746304317,-123.16982583121543,71.30616406693596,-104.42389354087355,52.499289413724625,-123.16910183116342,-104.4225616539854,71.30616406693596,52.499285998630036,16.85084337115579,-21.23214846898322,-110.29595743449525,-113.2042929642217,-4.278505201290034,-5.532646180554381,130.3725744996957,129.52574032564084,131.37670793033595,59.12939843728561,130.3725744996957,59.434940119616954,58.67960315968359,132.37672958709587,59.12939843728561,131.37670793033595,116.22105091683292,133.5044074794433,132.37672958709587,116.10816155023096,135.5423583428567,57.88885849909287,133.5044074794433,69.35833071943172,107.66392354726332,57.41701537085005,106.24713740772758,115.9729238046647,70.18617696759395,69.10318217279672,141.68290331237327,71.31875893576546,116.70580310260708,135.0095626064607,115.82424424681187,70.66588847376062,112.22002172368784,57.41701537085005,134.81749768699993,116.27573341132805,121.1406585910747,77.53656700517321,87.19861407677578,94.02342105772256,77.53656700517321,87.19861407677578,56.72562947211551,70.35896709321693,52.48847722426849,55.98336549425354,54.16244047662273,69.79949946811202
52.40372823704698,52.74627246920687,129.69268380933428,129.34422121825858,99.59882251493393,99.62261889400224,103.35853429451329,103.40369550530542,81.08350473172834,77.57604549857588,81.06133393768248,77.5338349295052,88.31098551519322,92.67521001745374,48.74581701195206,51.86413987752138,84.32772847426851,83.83601632573011,85.11451162514062,85.47379323586162,84.6926176702981,84.19780461587652,85.11451162514062,84.56673045370559,83.63423204708043,84.28070945202214,84.19780461587652,84.6926176702981,82.85861625550129,83.81674836208151,84.28070945202214,82.97315169769324,83.01369570060643,82.67414650639759,83.81674836208151,83.0940597063808,81.98185219250344,82.0375728757524,83.0235448333896,83.1270426898828,83.03684321170361,83.52059818985893,83.22647658381985,78.0050223595877,82.31317100876241,83.03084630561234,83.28656858813761,81.06216722076122,82.14784627990225,82.0375728757524,83.10731027337063,82.7932240243876,82.47921290748543,81.13826918849351,81.33968463692801,81.52664740507876,81.13826918849351,81.33968463692801,81.07596420288465,81.50987246047721,76.37413711032875,80.1453987397946,77.54290542072299,88.21798565945433
-117.0000066709162,-116.98696100960147,-117.00002033129454,-116.98696100960147,75.56074354245025,75.54239765433961,44.11855850965977,44.15952256920692,75.56074354245025,44.1185516794706,75.54238399396127,44.159505493733995,-69.18544497116036,150.39079344749257,-116.75661971003197,-116.97646983903634,-18.55349341802408,-21.200984023347743,142.5911545474449,140.75697554772967,144.76547696782674,57.95384774904554,142.5911545474449,58.43102525503014,57.21771045086908,146.91764225454108,57.95384774904554,144.76547696782674,132.6537347390749,149.3501048444144,146.91764225454108,132.2312465577746,153.65882039929022,55.84459312579181,149.3501048444144,71.72406236111402,124.48243792553015,54.94536457061378,120.28687128444476,131.68495436757863,72.88396508596558,71.20876556937158,159.41336405805268,75.56131727834054,134.62204499371083,153.0530919029368,131.11135508108097,74.57895166058512,129.68359965773817,54.94536457061378,152.64437338300326,132.88413068015777,139.33424714361598,84.77054329853877,98.49861564342827,107.65622592406872,84.77054329853877,98.49861564342827,53.5231894118229,73.88058530851882,44.14035022820669,51.91597076803802,47.12213078207829,73.27522564238059
64
2.104958696236281e-07,2.1214705725469685e-07,2.1674610195532296e-07,2.183500669161731e-07,8.295724001072813e-07,8.275399068224942e-07,6.000927328386751e-07,5.981088406770141e-07,8.27961457616766e-07,5.978637318548863e-07,8.259247579189832e-07,5.958722795185167e-07,4.359190825198311e-06,2.9629563869093545e-06,2.5435645056859357e-07,2.1685796980364103e-07,1.3021860922890482e-06,1.1989034192083636e-06,-1.0,1.6245152210103697e-06,-1.0,-1.0,1.5050824231366278e-06,1.356554435005819e-06,1.1585849506445811e-06,-1.0,1.2706078678093036e-06,1.3854993312634178e-06,1.0303149338142248e-06,-1.0,1.2857926776632667e-06,1.0470724873812287e-06,1.0529362270972342e-06,1.0075304999190848e-06,1.1894242106791353e-06,1.0676471902115736e-06,9.181585483020172e-07,-1.0,1.0548940281296382e-06,1.0704703754527145e-06,1.0588559007373988e-06,1.1376506563465227e-06,1.0859557733056135e-06,8.267243174486794e-07,9.57377892518707e-07,1.0555220342212124e-06,1.0958597158605698e-06,8.260553840955254e-07,9.373775355925318e-07,9.275180445911246e-07,1.067204379978648e-06,1.0209856782239513e-06,9.783799441720475e-07,-1.0,-1.0,8.695491260368726e-07,8.326048828166677e-07,8.512296290064114e-07,8.283744818982086e-07,8.693320978636621e-07,5.959381610409764e-07,7.509453325837967e-07,5.961702527201851e-07,8.301485650008544e-07
1.3501703506335616e-05,4.9555183068150654e-06,2.8525728339445777e-06,1.000364591163816e-06,2.7994784090878966e-07,6.2076424001134e-07,2.467825481744512e-07,5.498228574651876e-07,6.943292305550131e-07,9.468263897360885e-07,1.5410716969199711e-06,2.114646349582472e-06,4.5660492276056175e-08,9.234503295374452e-08,4.0892771835387975e-08,1.294712177468682e-07,3.8369118993131224e-10,3.840775253394213e-09,0.0,2.6396382302174004e-10,0.0,0.0,3.014591076766493e-10,3.6819583493219454e-10,3.537918916163285e-11,0.0,9.777483711559398e-09,2.2418958356418273e-10,6.831012644425982e-09,0.0,3.9242689653384843e-10,6.015934972403159e-10,6.202931057686101e-09,2.420260658553275e-10,4.4172265845077163e-10,5.95976601402981e-11,9.481422758028657e-09,0.0,5.967890626124017e-10,1.72430674183488e-08,6.06947425652038e-09,3.817121896343423e-10,6.259524565344066e-10,3.826958661079516e-08,7.86878651126699e-09,4.4167167700948085e-09,3.7035821631725696e-10,8.610279422782696e-08,1.5335166470009653e-09,6.609338076835058e-10,5.475319642123111e-10,6.267155128192314e-10,1.0648696369131017e-09,0.0,0.0,3.0336637646399822e-09,1.5185520396698848e-07,2.1323920407212427e-08,7.010704905496823e-08,2.648576469255204e-08,1.764040433727132e-07,9.864029593131818e-10,7.48494528579613e-08,1.4877699072712858e-08
0.0,3.135565757751465,-0.07327164709568024,3.0609991550445557,-3.120689630508423,0.025814590975642204,-3.0984082221984863,0.0483514703810215,-0.009626676328480244,-0.009654887020587921,3.13676118850708,3.136730432510376,-0.015428450889885426,-0.004388321191072464,-0.7879283428192139,-0.7865363359451294,2.353651762008667,2.3576972484588623,0.0,2.361319065093994,0.0,0.0,2.4262142181396484,2.4010848999023438,2.576072931289673,0.0,2.3526852130889893,2.230135202407837,2.351240634918213,0.0,2.3536598682403564,2.3610033988952637,2.3566083908081055,2.3689427375793457,2.3462440967559814,-1.0680524110794067,2.3575279712677,0.0,2.345916748046875,2.353302001953125,2.3509628772735596,2.3898308277130127,-0.7990124821662903,-0.7867788076400757,2.354688882827759,2.350783348083496,2.325639247894287,-0.7682743668556213,-0.8066391944885254,2.3880324363708496,2.3695101737976074,2.3464865684509277,-0.7893229126930237,0.0,0.0,-0.7952379584312439,2.4076955318450928,2.3544044494628906,2.3625330924987793,2.3532907962799072,-0.7487078309059143,2.3508081436157227,-0.780570387840271,2.350706100463867
127.5962665266256,127.25481170963833,129.69268380933428,129.344398803177,99.60768810047661,99.62958568695566,103.33738119865376,103.38214625847402,98.92371295699152,102.40293618811515,98.94515975098537,102.44602102139959,91.68818621068436,92.67783964028419,15.052217213617775,17.31056462116913,95.65974313756085,96.14911253121393,94.89475512033026,94.53412113215359,95.31839077341112,95.80087533638083,94.89475512033026,95.43220904574022,96.36398345231336,95.732143142763,95.80087533638083,95.31839077341112,97.16017860386174,96.1983172139947,95.732143142763,97.04500112388781,97.00556361162016,97.32298299291817,96.1983172139947,96.90856809521681,98.04028262936373,97.95862771783624,96.9925042899271,96.89026318824118,96.96620806162255,96.48157881925347,96.79153963397782,96.87639107403689,97.70886819045637,96.98831738396588,96.72987668615094,98.94373224144883,97.8743841646133,97.95862771783624,96.9114436048574,97.22595332556897,97.54241648038317,98.87280755710742,98.67715678833241,98.49298756755218,98.87280755710742,98.67715678833241,98.91848786227646,98.49511858657323,101.80292456009704,99.84678570256207,102.43970309641733,103.55410993120744
64.0000063344217,-115.88227353400029,64.0000063344217,-115.88165881697499,-123.36988207200511,71.50608370394224,-104.691192994042,52.76973758410045,-123.36951324178993,-104.69217654128248,71.50608370394224,52.76974441428962,16.87679125981267,-21.229091959329637,-112.81285482288827,-115.78662356486343,-4.278505201290034,-5.532646180554381,130.3725744996957,129.52574032564084,131.37670793033595,59.12939843728561,130.3725744996957,59.434940119616954,58.67960315968359,132.37672958709587,59.12939843728561,131.37670793033595,116.22105091683292,133.5044074794433,132.37672958709587,116.10816155023096,135.5423583428567,57.88885849909287,133.5044074794433,69.35833071943172,107.66392354726332,57.41701537085005,106.24713740772758,115.9729238046647,70.18617696759395,69.10318217279672,141.68290331237327,71.51753110099118,116.70580310260708,135.0095626064607,115.82424424681187,70.66588847376062,112.22002172368784,57.41701537085005,134.81749768699993,116.27573341132805,121.1406585910747,77.53656700517321,87.19861407677578,94.02342105772256,77.53656700517321,87.19861407677578,56.72562947211551,70.35896709321693,52.758532658767045,55.98336549425354,54.16244047662273,70.00315521859429
52.40372823704698,52.74632369562565,129.69265648857763,129.34424853901527,99.60576881731983,99.62959251714483,103.33707384014112,103.38214625847402,81.07702971239517,77.59609893397904,81.05484525797097,77.55398398755675,88.31181879827197,92.67783964028419,48.74828612533702,51.86432087753439,84.34026870158465,83.8508924777424,85.10524305843691,85.46589070699193,84.68160740535603,84.19912284238633,85.10524305843691,84.56779596321611,83.63602838683215,84.26786186619334,84.19912284238633,84.68160740535603,82.83982640509458,83.8016946251508,84.26786186619334,82.95500388506852,82.994434567147,82.67702884622733,83.8016946251508,83.09143691373951,81.95970871921426,82.0413772911201,83.00750071902924,83.10974865090432,83.03379694733378,83.51842618970286,83.20845854478935,77.98561096196653,82.29113681849995,83.01167396461211,83.27012832280539,81.0562727675075,82.12562767453221,82.0413772911201,83.08855457390978,82.77405168338737,82.45758852857317,81.12719062165974,81.32284822062392,81.50703110178249,81.12719062165974,81.32284822062392,81.08151714667987,81.50488642238311,76.42646318956021,80.15321930639426,77.560301912539,88.21557460267732
-115.99999867453464,-115.99926101410428,-115.99995769339961,-115.99932931599598,75.36132933944256,75.34246435695499,43.84909730161901,43.88904707807441,75.3613429998209,43.84910413180818,75.34246435695499,43.889050493169,-69.15949708250348,150.38773352274438,-115.88440455302134,-115.99868727821399,-18.590280816893767,-21.22765420450935,142.54759160091854,140.70997018586164,144.72750111604145,57.651509425434924,142.54759160091854,58.15048206506104,56.88131338896219,146.88674247873593,57.651509425434924,144.72750111604145,132.5273215979163,149.32904054101408,146.88674247873593,132.10458752980588,153.659735644639,55.44813138032384,149.32904054101408,71.35483599496146,124.28152108090505,54.50753919953221,120.09191036477591,131.55821337733988,72.51234815360353,70.86604716738785,159.44554790942178,75.35970375442011,134.49777653195162,153.05053741218723,130.9846414115989,74.07606532256459,129.5225574574876,54.50753919953221,152.63953760907089,132.7578268220259,139.24373347673497,84.30156201955819,98.10515576610052,107.32629363621125,84.30156201955819,98.10515576610052,53.02055920589624,73.40817527457489,43.86926343514347,51.34833765178036,46.35975531220522,73.07713649607189
63
2.104958696236281e-07,2.1214688672444026e-07,2.1674610195532296e-07,2.1834983954249765e-07,8.29036707727937e-07,8.270047828773386e-07,6.010979518578097e-07,5.991118996462319e-07,8.274246283690445e-07,5.988724751659902e-07,8.253887244791258e-07,5.968790901533794e-07,2.9600564630527515e-06,2.543584400882537e-07,2.1685758611056372e-07,1.3050618008492165e-06,1.2017894732707646e-06,-1.0,1.6216974927374395e-06,-1.0,-1.0,1.5022453681012848e-06,1.356881966785295e-06,1.1589768291742075e-06,-1.0,1.2709606380667537e-06,1.3826434042130131e-06,1.0276378361595562e-06,-1.0,1.2829219713239581e-06,1.0444028930578497e-06,1.050047444550728e-06,1.0079946832775022e-06,1.18654236302973e-06,1.0673117003534571e-06,9.15670739232155e-07,-1.0,1.052513198374072e-06,1.0678104445105419e-06,1.058462544278882e-06,1.137338585976977e-06,1.0830761993929627e-06,8.261927177954931e-07,9.546686214889633e-07,1.0526338201088947e-06,1.0932102441074676e-06,8.255896091213799e-07,9.347655804958777e-07,9.280290669266833e-07,1.0643163932400057e-06,1.0183046015299624e-06,9.75596663010947e-07,-1.0,-1.0,8.675983735884074e-07,8.316418416143279e-07,8.496455166095984e-07,8.289590596177732e-07,8.688980415172409e-07,5.969413905404508e-07,7.516115374528454e-07,5.970730398985324e-07,8.297196245621308e-07
1.3501703506335616e-05,4.9465588745079e-06,2.852572379197227e-06,9.97827328319545e-07,2.794748752421583e-07,6.211473646544619e-07,2.477322880167776e-07,5.502320732375665e-07,6.93634603976534e-07,9.476125910623523e-07,1.5430806570293498e-06,2.1098953766340856e-06,9.235387921080473e-08,4.089693561581953e-08,1.2945538685471547e-07,3.816451044080793e-10,3.815949778385175e-09,0.0,2.654162445381303e-10,0.0,0.0,3.0235763892605405e-10,3.657882885477193e-10,2.673299255573358e-11,0.0,9.592236338562543e-09,2.242793867290871e-10,6.9063132990265785e-09,0.0,3.947428217632165e-10,6.057191415109742e-10,6.246083206207231e-09,2.438833579532229e-10,4.4463394077709495e-10,4.995342681168857e-11,9.617843410580917e-09,0.0,5.998015972785709e-10,1.7634199878102663e-08,6.06645267353656e-09,3.80498715868427e-10,6.280177489159655e-10,3.82237281826292e-08,7.959572556615058e-09,4.446919721345921e-09,3.750749433262257e-10,6.880611636006506e-08,1.5672922959453217e-09,6.551409414967679e-10,5.513602352458236e-10,6.309711086949221e-10,1.083214296038193e-09,0.0,0.0,3.1328064586944038e-09,2.3592812681272335e-07,2.2177701453074405e-08,6.020619736091248e-08,2.8064938817351504e-08,1.8080268660014553e-07,9.759616448334896e-10,9.41118827313403e-08,1.49028043239241e-08
0.0,3.135573387145996,-0.07327164709568024,3.0610086917877197,-3.1206576824188232,0.02584238536655903,-3.0985944271087646,0.048172224313020706,-0.00962352380156517,-0.009660320356488228,3.1367602348327637,3.1367335319519043,-0.004380790051072836,-0.7871641516685486,-0.7865579128265381,2.322281837463379,2.353071451187134,0.0,2.3278284072875977,0.0,0.0,2.3535995483398438,2.3398797512054443,2.95224666595459,0.0,2.350252628326416,2.406914472579956,2.3549129962921143,0.0,2.3302860260009766,2.3315844535827637,2.3533058166503906,2.4004080295562744,2.377087354660034,-1.0257861614227295,2.351261854171753,0.0,2.3537046909332275,2.3534350395202637,2.351055383682251,2.3820607662200928,-0.802711009979248,-0.786547839641571,2.3546812534332275,2.3548035621643066,2.2983272075653076,-0.7758530378341675,-0.7878603339195251,2.3603858947753906,2.3616819381713867,2.316378593444824,-0.7963507771492004,0.0,0.0,-0.7962527871131897,2.4813451766967773,2.353017568588257,2.3597474098205566,2.352571725845337,-0.7466471791267395,2.3565292358398438,-0.7756702899932861,2.3516554832458496
127.5962665266256,127.25344567180433,129.69268380933428,129.34495887868894,99.6119501385187,99.63587629118125,103.31407659320568,103.35931976626784,98.92883559886904,102.38262320552353,98.95101322310407,102.42469034062164,92.68046243292548,15.04094398639267,17.325155612783572,95.64723023100139,96.134291020715,94.90402368703396,94.54201683083411,95.32941469873153,95.7992634117367,94.90402368703396,95.43089764941958,96.36181828234646,95.7450112191593,95.7992634117367,95.32941469873153,97.17893430332259,96.21342559243877,95.7450112191593,97.06310112518835,97.02494768848466,97.31958838890067,96.21342559243877,96.91075375575122,98.06227583849117,97.9542154156324,97.00839814012572,96.9075025857063,96.96881036369632,96.48336149862683,96.80968061641337,96.87714922503476,97.73088189015132,97.00759217780366,96.74626230996981,98.9488207323805,97.89652080771332,97.9542154156324,96.93029492696662,97.245077855245,97.56406134986294,98.88316895407833,98.69346044988123,98.51222138025494,98.88316895407833,98.69346044988123,98.9121494467267,98.49939428499366,101.79864886167661,99.83797475853275,102.42059222711964,103.55529838412302
65.00000067042492,-116.87016477479426,65.00000750061409,-116.87049262387443,-123.56900940706767,71.706986888189,-104.95927108877582,53.03754930145665,-123.56900940706767,-104.9582943717245,71.706986888189,53.03754930145665,-21.225050194888283,-115.33834458925716,-118.36956888253047,-4.278505201290034,-5.532646180554381,130.3725744996957,129.52574032564084,131.37670793033595,59.12939843728561,130.3725744996957,59.434940119616954,58.67960315968359,132.37672958709587,59.12939843728561,131.37670793033595,116.22105091683292,133.5044074794433,132.37672958709587,116.10816155023096,135.5423583428567,57.88885849909287,133.5044074794433,69.35833071943172,107.66392354726332,57.41701537085005,106.24713740772758,115.9729238046647,70.18617696759395,69.10318217279672,141.68290331237327,71.71726632288986,116.70580310260708,135.0095626064607,115.82424424681187,70.66588847376062,112.22002172368784,57.41701537085005,134.81749768699993,116.27573341132805,121.1406585910747,77.53656700517321,87.19861407677578,94.02342105772256,77.53656700517321,87.19861407677578,56.72562947211551,70.35896709321693,53.02600628175933,55.98336549425354,54.16244047662273,70.20760327102028
52.40372823704698,52.74628612958521,129.6926155074426,129.34430318052864,99.6120389309779,99.63588312137041,103.31437712152916,103.35932659645702,81.07118990065482,77.61732716191943,81.0489849556631,77.5753146683347,92.68046243292548,48.748996465010705,51.864180858656404,84.35278160814411,83.86571398824134,85.09598132192237,85.45798817812222,84.67059031022481,84.2007484274088,85.09598132192237,84.56910735953676,83.63819355679904,84.25499378979704,84.2007484274088,84.67059031022481,82.82107070563373,83.7865725863284,84.25499378979704,82.93689705357882,82.97505732047168,82.68040978986649,83.7865725863284,83.08925125320512,81.93772917046516,82.04578959332393,82.99160686883062,83.09249559306087,83.03118781507084,83.51663668014032,83.1903175623538,77.96808469655628,82.269123118805,82.99241283115268,83.25374269898653,81.05119110676502,82.10347737105386,82.04578959332393,83.06971008198971,82.75492715371134,82.4359436590934,81.11683605487801,81.3065445590751,81.4877836287014,81.11683605487801,81.3065445590751,81.08784873204047,81.50060389377352,76.48169209918893,80.16203025042358,77.5794127818367,88.21346407422378
-115.00000433853141,-115.01158833936375,-115.00004531966643,-115.01150637709371,75.16097257032942,75.14154068214073,43.58231011263831,43.62125243619114,75.16095890995108,43.58229986735456,75.14156117270824,43.6212387758128,150.38370371113407,-115.01227135828076,-115.02087739663497,-18.62214706446646,-21.249058309820878,142.49973929559343,140.65898965389664,144.6848534148639,57.350106837740604,142.49973929559343,57.87073117703566,56.54614576110591,146.85087032521503,57.350106837740604,144.6848534148639,132.3936411354808,149.30267601081783,146.85087032521503,131.97078412396533,153.65489987070663,55.05353427649927,149.30267601081783,70.98416162870488,124.07175231111562,54.07210439466014,119.88976408610021,131.42451925452605,72.13903733432731,70.52210616154268,159.47260911891337,75.15706570212417,134.36555772999853,153.0422045813998,130.85119317559517,73.57003026733669,129.35307314342293,54.07210439466014,152.6289644762357,132.62418734072543,139.145788564037,83.82665896656721,97.70325377495863,106.98718157410929,83.82665896656721,97.70325377495863,52.52132701908167,72.93310146685465,43.60093945359952,50.78542419623918,45.607946144978165,72.87828236857614
61
2.104958696236281e-07,2.1214613354914036e-07,2.1674610195532296e-07,2.1834915742147132e-07,8.285599051305326e-07,8.265292308351491e-07,6.021613785378577e-07,6.001734504934575e-07,8.269472573374514e-07,5.999399377287773e-07,8.249122629422345e-07,5.979447337267629e-07,2.95715994980128e-06,2.543555410738918e-07,2.1685632134449406e-07,1.3079434211249463e-06,1.2046791653119726e-06,-1.0,1.618892952137685e-06,-1.0,-1.0,1.4994197954365518e-06,1.357273617941246e-06,1.1594355555644142e-06,-1.0,1.2713786645690561e-06,1.3797967994833016e-06,1.024983021125081e-06,-1.0,1.2800589956896147e-06,1.041755695041502e-06,1.0471600262462744e-06,1.0085278745464166e-06,1.1836656312880223e-06,1.0670447636584868e-06,9.132144214163418e-07,1.050167497851362e-06,1.0651737056832644e-06,1.058137854670349e-06,1.1370940455890377e-06,1.0801928738146671e-06,8.25720235297922e-07,9.519795867163339e-07,1.0497471976123052e-06,1.0905844192166114e-06,8.251985263996175e-07,9.321794323113863e-07,1.0614304528644425e-06,1.0156454663956538e-06,9.72828615886101e-07,-1.0,-1.0,8.656979844090529e-07,8.307489451908623e-07,8.481208624289138e-07,8.296170790345059e-07,8.68537426867988e-07,5.980032256047707e-07,7.523535714426544e-07,5.980576247566205e-07,8.29351165521075e-07
1.3501701687346213e-05,4.91782611788949e-06,2.8525721518235514e-06,9.898974440147867e-07,2.789289510474191e-07,6.21487913576857e-07,2.48633227784012e-07,5.506520324161102e-07,6.927139679646643e-07,9.48060687733232e-07,1.5448695194208995e-06,2.1048613234597724e-06,9.237325571120891e-08,4.089044836064204e-08,1.294043698862879e-07,3.796690739577002e-10,3.791835734290316e-09,0.0,2.66758004574541e-10,0.0,0.0,3.042918972351316e-10,3.6378053347441153e-10,1.650114593576557e-11,0.0,9.413435364535871e-09,2.2581134184740392e-10,6.983927214321284e-09,0.0,3.9713579647049357e-10,6.09242656324227e-10,6.2909131237631755e-09,2.4577673229941865e-10,4.4723263981083505e-10,4.537637973700548e-11,9.758780450397353e-09,6.030324017913813e-10,1.805502236607026e-08,6.061954049840779e-09,3.790785740864777e-10,6.316122624916432e-10,3.8182879080750354e-08,8.053182121159352e-09,4.478327930712567e-09,3.7882696979352204e-10,5.7029929223517684e-08,1.6032577487834487e-09,5.552843185263612e-10,6.346333458751019e-10,1.1026219937093629e-09,0.0,0.0,3.2369658065078966e-09,4.595230507220549e-07,2.311700697532615e-08,5.288560345206861e-08,2.9869759998746304e-08,1.857034561680848e-07,9.652090238176925e-10,1.2486903244735004e-07,1.4924207647482035e-08
0.0,3.1355972290039062,-0.07327164709568024,3.061040163040161,-3.1206283569335938,0.025867121294140816,-3.0987887382507324,0.047983989119529724,-0.00962007511407137,-0.009665108285844326,3.1367592811584473,3.1367368698120117,-0.0043732174672186375,-0.7886963486671448,-0.7865565419197083,2.4088473320007324,2.3524692058563232,0.0,2.3276288509368896,0.0,0.0,2.402099132537842,2.339722156524658,-2.993138551712036,0.0,2.352825403213501,2.3541996479034424,2.3539066314697266,0.0,2.377223014831543,2.3384101390838623,2.349735975265503,2.291086196899414,2.369511127471924,-1.2839480638504028,2.3499581813812256,2.31498122215271,2.3534979820251465,2.3544139862060547,2.3386473655700684,-0.8421100378036499,-0.7871341109275818,2.3537702560424805,2.3535842895507812,2.3531641960144043,-0.7805129885673523,-0.8014785647392273,2.3762731552124023,2.3530988693237305,-0.8007989525794983,0.0,0.0,-0.791347861289978,2.7372756004333496,2.3535385131835938,2.3575267791748047,2.3545401096343994,-0.7438485026359558,2.3544912338256836,-0.7655351161956787,2.3530759811401367
127.5962665266256,127.2547024266116,129.69268380933428,129.34515012398572,99.61789923328577,99.64147704630065,103.28976111976044,103.33525700982189,98.93304982558693,102.36028848693759,98.95623148762996,102.40219169749562,92.68309205575594,15.05758232721082,17.37277739922419,95.63475147538777,96.11952415172944,94.91329225373767,94.54989886913631,95.34043862405193,95.79734412857994,94.91329225373767,95.42932670591047,96.35929111235356,95.75790661631227,95.79734412857994,95.34043862405193,97.19762853108092,96.2285886123962,95.75790661631227,97.08113965478636,97.04440689743002,97.31570201126293,96.2285886123962,96.91249545398958,98.08411195326771,97.02413489597343,96.92469417184721,96.97096187328488,96.48476851759587,96.82795137244315,96.87781858357341,97.75285460871126,97.02696259428981,96.76258646208613,98.95309643080093,97.91857548854328,96.9492282113459,97.26414774340768,97.58570621934271,98.89279269061888,98.70921769629645,98.5310453816075,98.89279269061888,98.70921769629645,98.90502555942237,98.50295281355123,101.79417508777026,99.82817343707379,102.39981479166445,103.55631608230935
66.0000086668065,-117.85752326083296,66.0000086668065,-117.8571954117528,-123.7725353839557,71.9087643366495,-105.22284808884662,53.3025708865369,-123.76944813845085,-105.22152303214763,71.9087643366495,53.302567471442316,-21.220014637922688,-117.86308303481735,-120.94423601092346,-4.278505201290034,-5.532646180554381,130.3725744996957,129.52574032564084,131.37670793033595,59.12939843728561,130.3725744996957,59.434940119616954,58.67960315968359,132.37672958709587,59.12939843728561,131.37670793033595,116.22105091683292,133.5044074794433,132.37672958709587,116.10816155023096,135.5423583428567,57.88885849909287,133.5044074794433,69.35833071943172,107.66392354726332,106.24713740772758,115.9729238046647,70.18617696759395,69.10318217279672,141.68290331237327,71.91786897881313,116.70580310260708,135.0095626064607,115.82424424681187,70.66588847376062,112.22002172368784,134.81749768699993,116.27573341132805,121.1406585910747,77.53656700517321,87.19861407677578,94.02342105772256,77.53656700517321,87.19861407677578,56.72562947211551,70.35896709321693,53.29075124417819,55.98336549425354,54.16244047662273,70.41274800274161
52.40372823704698,52.74613586542347,129.69265648857763,129.34438514279867,99.6176191955298,99.64147704630065,103.29042364810992,103.33525700982189,81.0659989568856,77.6397028616404,81.04377352132637,77.59781331146071,92.68309205575594,48.74795144606769,51.8637266510766,84.36525353356856,83.8804808572269,85.08671958540783,85.45011297000919,84.65956638490441,84.20265405018723,85.08671958540783,84.57067830304587,83.64071389660278,84.24209839264405,84.20265405018723,84.65956638490441,82.80237647787541,83.77141639656014,84.24209839264405,82.9188585239808,82.95559128133714,82.68430982788257,83.77141639656014,83.08751638515594,81.91589305568863,82.9758701129829,83.07531083710911,83.02903630548228,83.51523649136047,83.17206046670235,77.95245722373528,82.24715723043424,82.97304241466652,83.2374185468702,81.04690857815541,82.08142952041305,83.05077679761044,82.73585726554866,82.41429878961362,81.10721231833746,81.29078731265989,81.46895279715967,81.10721231833746,81.29078731265989,81.09497944953397,81.4970521954051,76.5397350467557,80.17183157188255,77.6001833871027,88.21164041371539
-113.99999634214984,-114.02388834386655,-114.00009196479822,-114.02376540046149,74.95971421624581,74.93976323368021,43.318306225744394,43.356254756772984,74.9596937256783,43.318285735176886,74.93977689405855,43.356227436016304,150.37866303152663,-114.14012450316183,-114.04307434524512,-18.649146802255522,-21.265266348721315,142.4475429899562,140.60400663107805,144.63750654353737,57.04983464635392,142.4475429899562,57.59192285511573,56.21242271825909,146.80995749208665,57.04983464635392,144.63750654353737,132.25261138949838,149.27091563117727,146.80995749208665,131.82980901949628,153.64423111522308,54.66108526716868,149.27091563117727,70.6122988095327,123.85304965389182,119.68040512766099,131.28385833875882,71.76429900551456,70.17718843864621,159.49447938463575,74.95351923466862,134.2253202859598,153.02799778792618,130.7109693919348,73.06131094776497,129.1750784136524,152.612544701471,132.483116613608,139.04031678287367,83.34618930940266,97.2931145756777,106.63895120946536,83.34618930940266,97.2931145756777,52.025919738202305,72.4557532061408,43.33552171754741,50.22775632598056,44.867553638948785,72.67875205235255
66
2.104958838344828e-07,2.1214492562648957e-07,2.1674610195532296e-07,2.1834797792052996e-07,8.281429018097697e-07,8.261132506959257e-07,8.33526485166658e-07,8.315333843711414e-07,6.032826149748871e-07,6.012926405674079e-07,8.265290603048925e-07,8.319231028508511e-07,6.010653805788024e-07,8.244953733083094e-07,8.29926193546271e-07,5.990680165268714e-07,2.9542688935180195e-06,2.5434775352550787e-07,2.1685416129457735e-07,1.3108299299346982e-06,1.2075712447767728e-06,-1.0,1.6161026223926456e-06,-1.0,-1.0,1.4966069556976436e-06,1.3577292747868341e-06,1.159960447694175e-06,-1.0,1.271861833629373e-06,1.3769607676294982e-06,1.022351398205501e-06,-1.0,1.277204319194425e-06,1.0391322575742379e-06,1.0442747679917375e-06,1.0091297326653148e-06,1.1807950386355515e-06,1.0668469485608512e-06,9.107908454097924e-07,1.0478581771167228e-06,1.062561068465584e-06,1.0578821729723131e-06,1.1369172625563806e-06,1.0773068197522662e-06,8.253068131125474e-07,9.493120387560339e-07,1.0468637583471718e-06,1.0879834917432163e-06,8.305938195007911e-07,8.248828180512646e-07,9.296203984376916e-07,1.0585476957203355e-06,1.0130097507499158e-06,9.700770533527248e-07,-1.0,-1.0,8.63849209054024e-07,8.299272735712293e-07,8.466568601761537e-07,8.303478011839616e-07,8.682508223500918e-07,5.99122870426072e-07,7.531705250585219e-07,5.991224156787212e-07,8.290431310342683e-07
1.3501703506335616e-05,4.8723354666435625e-06,2.8525728339445777e-06,9.77501372290135e-07,2.783160937269713e-07,6.217853751877556e-07,2.7878053288077353e-07,6.189102350617759e-07,2.494796262908494e-07,5.510806317943207e-07,6.915716994626564e-07,6.881387548673956e-07,9.481573215452954e-07,1.5464347598026507e-06,1.5287428141164128e-06,2.0995489649067167e-06,9.240286402700804e-08,4.087424798626671e-08,1.2931729997944785e-07,3.7711017641939293e-10,3.768532597092644e-09,0.0,2.679274302419543e-10,0.0,0.0,3.058699682423338e-10,3.619516353303709e-10,5.793035755957687e-12,0.0,9.240547882427563e-09,2.2757179474197642e-10,7.063850837596419e-09,0.0,3.994104214033456e-10,6.130051466435305e-10,6.33754737577874e-09,2.468321935733542e-10,4.5022452432874616e-10,3.1284422968846926e-11,9.904723263787218e-09,6.059235890809589e-10,1.8508170995801265e-08,6.0563656312240255e-09,3.7771541450126733e-10,6.337612656892588e-10,3.814717430827841e-08,8.150032648757133e-09,4.510552376046917e-09,3.8346176234327345e-10,4.1079189827541995e-08,4.849716361832179e-08,1.6408536751555403e-09,5.589826934659925e-10,6.386637330102474e-10,1.1230233409875723e-09,0.0,0.0,3.3464941928684766e-09,5.38802510163805e-07,2.4155960787197728e-08,4.725565716512392e-08,3.195268405420393e-08,1.9115957172743947e-07,9.54260448438049e-10,1.814167234215347e-07,1.4942479253932106e-08
0.0,3.135637044906616,-0.07327164709568024,3.0610923767089844,-3.1206021308898926,0.025888804346323013,-3.1207876205444336,0.025606669485569,-3.0989911556243896,0.04778715595602989,-0.009616323746740818,-0.00951834861189127,-0.009669299237430096,3.13675856590271,3.136765956878662,3.1367404460906982,-0.004365645814687014,-0.78876131772995,-0.7866594195365906,2.3379828929901123,2.351107120513916,0.0,2.3612866401672363,0.0,0.0,2.4021074771881104,2.3033909797668457,-1.8751949071884155,0.0,2.352785348892212,2.35418701171875,2.3528056144714355,0.0,2.330237865447998,2.3609676361083984,2.3513152599334717,2.3534388542175293,2.3769891262054443,-0.7839143872261047,2.351951837539673,2.322704315185547,2.3525800704956055,2.3523995876312256,2.3306751251220703,-0.8192400336265564,-0.7868316769599915,2.351874828338623,2.351630449295044,2.3879847526550293,-0.7863535284996033,-0.7828083038330078,-0.799117922782898,2.361659526824951,2.3307337760925293,-0.781699001789093,0.0,0.0,-0.7958433628082275,-0.29093119502067566,2.3522908687591553,2.356555938720703,2.354713201522827,-0.741121768951416,2.3565549850463867,-0.7400291562080383,2.352919578552246
127.5962665266256,127.254839030395,129.69268380933428,129.34534136928247,99.62229787511126,99.64638112212472,99.56012266309664,99.58290134397863,103.26452357077724,103.30998530989284,98.93854129767962,98.88017733122186,102.33579542857393,98.96079405399553,98.90167876672906,102.37856607315655,92.68571484839723,15.102041736065726,17.453095301221666,95.62230004053085,96.10481192425722,94.92254716006303,94.55776724706017,95.3514693795615,95.79513797747802,94.92254716006303,95.42749621521291,96.35639511214548,95.7708156738436,95.79513797747802,95.3514693795615,97.21624762675837,96.24379261348864,95.7708156738436,97.09910305230349,97.06396855921294,97.31131702981578,96.24379261348864,96.91377269936436,98.10576365293664,97.03968723671355,96.9418037957181,96.97265576019905,96.48577938559302,96.84632458131048,96.87840597984204,97.77477268575782,97.04641497304601,96.77882865193243,97.00977100814889,98.95655250652095,97.94050722596819,96.96825028818438,97.28314932967865,97.60735108882248,98.9016719365399,98.72438754644304,98.54943908104234,98.9016719365399,98.72438754644304,98.89712303055266,98.50578051186761,101.78950323837796,99.81740222875267,102.37743226175432,103.5571698559556
67.00000300280972,-118.84589261486883,66.99999617262056,-118.84589261486883,-123.97279653042048,72.11133408705373,-129.46298454754677,77.61387108619941,-105.48616554172895,53.56465207517946,-123.97279653042048,-129.46126333987593,-105.48447165481478,72.11133408705373,77.61387108619941,53.56465207517946,-21.213986995980154,-120.37738495132577,-123.49880872277828,-4.278505628176857,-5.532646180554381,130.3725744996957,129.52574032564084,131.37670793033595,59.12939843728561,130.3725744996957,59.434940119616954,58.67960315968359,132.37672958709587,59.12939843728561,131.37670793033595,116.22105091683292,133.5044074794433,132.37672958709587,116.10816155023096,135.5423583428567,57.88885849909287,133.5044074794433,69.35833071943172,107.66392354726332,106.24713740772758,115.9729238046647,70.18617696759395,69.10318217279672,141.68290331237327,72.11923661592344,116.70580310260708,135.0095626064607,115.82424424681187,77.62837157780736,70.66588847376062,112.22002172368784,134.81749768699993,116.27573341132805,121.1406585910747,77.53656700517321,87.19861407677578,94.02342105772256,77.53656700517321,87.19861407677578,56.72562947211551,70.35896709321693,53.55262752714565,55.98336549425354,54.16244047662273,70.61848696092073
52.40372823704698,52.74588997861335,129.69264282819927,129.3446720107438,99.62250961097553,99.64637429193556,99.55977432344896,99.58290134397863,103.26528172177511,103.30997847970367,81.06143639052003,81.11986182868031,77.66321237276358,81.03921095496081,81.09832624222727,77.62142527542144,92.68571484839723,48.74514082322423,51.86294117932204,84.37770496842549,83.89519308469912,85.0774578488933,85.44223776189617,84.64852879920566,84.20486020128915,85.0774578488933,84.57250879374342,83.6436030666217,84.22918933511274,84.20486020128915,84.64852879920566,82.78375738219796,83.75621922565686,84.22918933511274,82.90089512646368,82.93603644974338,82.68870163951888,83.75621922565686,83.0862254794028,81.89424135601969,82.96031777224279,83.05820121323823,83.02734924875729,83.5142256233633,83.15368042764585,77.93876269444941,82.2252323231985,82.95359003591032,83.22117635702391,78.30850815497888,81.04344567224622,82.05949778298815,83.03175472077194,82.7168488490885,82.39265392013385,81.09832624222727,81.27561063232412,81.450565927914,81.09832624222727,81.27561063232412,81.10288197840367,81.49422449708872,76.6005032398013,80.18260278020367,77.62257274720201,88.21011045134131
-113.00000200614662,-113.03620200874768,-112.99989955330906,-113.03618834836934,74.75763623946182,74.73722080403266,83.01005520977881,82.97608184884717,43.05719833905856,43.09411551152248,74.75764989984016,83.01006203996799,43.05718467868022,74.73721397384348,82.97609550922552,43.09413600208999,150.37262514430032,-113.26791617634036,-113.06525080328774,-18.67134150196348,-21.27636028348071,142.39097536325013,140.54499379664912,144.58540586054852,56.750887511666214,142.39097536325013,57.3142346842197,55.880369656664335,146.76394933783746,56.750887511666214,144.58540586054852,132.10419137883403,149.23373208133572,146.76394933783746,131.68156659375032,153.62760643478327,54.271081465560954,149.23373208133572,70.23952074501175,123.62539944885529,119.46383348945822,131.13613500738978,71.3883995445429,69.83153305531937,159.51106308394054,74.749166804891,134.07694125643047,153.00782140911795,130.5639017587261,82.9977608692728,72.55036498652382,128.98850496628432,152.5901963225067,132.3345599991602,138.9272225105966,82.86055602922558,96.87494307393284,106.28171182530619,82.86055602922558,96.87494307393284,51.53477449536503,71.97656762454022,43.073163906243465,49.675866795759774,44.139397416817474,72.47866166061702
67
2.104958696236281e-07,2.1214324874563317e-07,2.1674610195532296e-07,2.1834630103967356e-07,8.277852430182975e-07,8.257567287728307e-07,8.327638170158025e-07,8.307721373057575e-07,6.044606948307774e-07,6.024690151207324e-07,8.261708899226505e-07,8.311591273013619e-07,6.02247837377945e-07,8.24138169264188e-07,8.291634685519966e-07,6.002487680234481e-07,2.9513844310713466e-06,2.543350774431019e-07,2.1685110596081358e-07,1.3137204177837702e-06,1.210464915857301e-06,-1.0,1.613327526683861e-06,-1.0,-1.0,1.4938074173187488e-06,1.3582485962615465e-06,1.1605512781898142e-06,-1.0,1.2724092357530026e-06,1.3741363318331423e-06,1.0197444453297067e-06,-1.0,1.274359078706766e-06,1.0365339448981103e-06,1.0413926929686568e-06,1.0098000302605215e-06,1.1779317219406948e-06,1.0667182550605503e-06,9.084017165150726e-07,-1.0,1.045586259351694e-06,1.0599738970995531e-06,1.0576957265584497e-06,1.1368083505658433e-06,1.0744184919531108e-06,8.249526217696257e-07,9.466672281632782e-07,1.0439838433740078e-06,1.085408371181984e-06,8.298368356918218e-07,8.246424840763211e-07,9.270894452129141e-07,9.299851626565214e-07,1.0556691449892242e-06,1.0103981367137749e-06,9.67343225966033e-07,-1.0,-1.0,8.620534117653733e-07,8.291773383461987e-07,8.452548172499519e-07,8.311506007885328e-07,8.680380005898769e-07,6.002999271004228e-07,7.540614888057462e-07,6.002661621096195e-07
1.3501701687346213e-05,4.814244675799273e-06,2.8525721518235514e-06,9.620124501452665e-07,2.7763917387346737e-07,6.220396926437388e-07,2.7788939860329265e-07,6.194628099365218e-07,2.5026790240190167e-07,5.515153134183493e-07,6.902224072291574e-07,6.866087574053381e-07,9.47885496316303e-07,1.547777401356143e-06,1.5315836208174005e-06,2.0939598925906466e-06,9.244304521871527e-08,4.08466647172645e-08,1.2919332448291243e-07,3.749867083513436e-10,3.745984855640927e-09,0.0,2.6936528008114635e-10,0.0,0.0,3.072374299417646e-10,3.6101546752043134e-10,1.516228635700667e-11,0.0,9.07360142576863e-09,2.3033783214110315e-10,7.146006897329471e-09,0.0,4.019471699923116e-10,6.167063526518746e-10,6.385876716308303e-09,2.4854537872265325e-10,4.529867037028623e-10,2.3058869050296416e-11,1.0055723365098856e-08,0.0,6.089790338670298e-10,1.8997491579852976e-08,6.049404976948836e-09,3.767788858688448e-10,6.36863339842364e-10,3.811678084275627e-08,8.249714689156917e-09,4.5438559581612026e-09,3.877018150966194e-10,4.097901395994086e-08,4.203504389010959e-08,1.6805441482858896e-09,6.37839114858707e-10,5.629000043860799e-10,6.430985188821126e-10,1.1446661396519175e-09,0.0,0.0,3.4619733746410475e-09,2.5621116606089345e-07,2.5311617690704225e-08,4.278959409020899e-08,3.438383799903022e-08,1.9723498212442792e-07,9.432616909776925e-10,3.1342034390036133e-07
0.0,3.1356921195983887,-0.07327164709568024,3.0611636638641357,-3.1205787658691406,0.025907419621944427,-3.120741367340088,0.025645622983574867,-3.099200963973999,0.04758206382393837,-0.009612297639250755,-0.00951244868338108,-0.009672845713794231,3.1367578506469727,3.1367645263671875,3.136744260787964,-0.004358047153800726,-0.7884165048599243,-0.7865586280822754,2.345899820327759,2.350860118865967,0.0,2.3782453536987305,0.0,0.0,2.3778951168060303,2.261657238006592,-0.6458024382591248,0.0,2.3538613319396973,2.2675909996032715,2.354184627532959,0.0,2.3145322799682617,2.353116035461426,2.356759548187256,2.399427652359009,2.3383877277374268,-0.9344016313552856,2.354428291320801,0.0,2.4074103832244873,2.353956460952759,2.3558542728424072,2.412266731262207,-0.8064355254173279,-0.7866023182868958,2.353470802307129,2.353591203689575,2.360994338989258,-0.7864021062850952,-0.7840977907180786,-0.8056914210319519,2.360419273376465,2.361760139465332,2.397787570953369,-0.8023226857185364,0.0,0.0,-0.7976976037025452,-0.6279969215393066,2.3524608612060547,2.3554422855377197,2.353599786758423,-0.7374798059463501,2.3705954551696777,-0.6555556654930115
127.5962665266256,127.25396476618124,129.69268380933428,129.3459697466861,99.62627987539737,99.65058168846429,99.56879700334255,99.5917669295213,103.23779021036582,103.28351149666987,98.94220910926393,98.8881208412266,102.31201954007311,98.96470775238994,98.9099364654356,102.35383395817193,92.68834447122768,15.174019977086612,17.565685847047448,95.60988275661975,96.09016116848754,94.93178840601006,94.56562879479485,95.36250013507107,95.79263812824179,94.93178840601006,95.42541300751606,96.35314394210054,95.78374522194244,95.79263812824179,95.36250013507107,97.23479842054414,96.25903076552694,95.78374522194244,97.11699814792892,97.08361901345508,97.30643344455923,96.25903076552694,96.91461281263227,98.127230937498,97.93737899932833,97.05506199253524,96.95882462712977,96.97389202443881,96.4864009328075,96.86482073358289,96.87891141384061,97.7966224609127,97.06594931407224,96.7949820493195,97.01082285728107,98.9591821293514,97.96232968036638,97.93737899932833,96.98734066691458,97.30208261405792,97.62897546773473,98.90978620127387,98.73897000032102,98.56738198799196,98.90978620127387,98.73897000032102,98.88846235068509,98.50787737994281,101.78466063425643,99.8056884543261,102.35347195814592
67.99999733881295,-119.83374287452777,68.00000416900211,-119.83288227069235,-124.17438273358424,72.31457319599664,-129.65832795780912,77.81008876067554,-105.74289869225139,53.82367333907385,-124.17438273358424,-129.65659308975995,-105.7406174090686,72.31457319599664,77.81008876067554,53.82367675416844,-21.206965561513382,-122.87228913059134,-126.02656611195161,-4.278505201290034,-5.532646180554381,130.3725744996957,129.52574032564084,131.37670793033595,59.12939843728561,130.3725744996957,59.434940119616954,58.67960315968359,132.37672958709587,59.12939843728561,131.37670793033595,116.22105091683292,133.50439381906497,132.37672958709587,116.10816155023096,135.5423583428567,57.88885849909287,133.50439381906497,69.35833071943172,107.66392354726332,57.41701537085005,106.24713740772758,115.9729238046647,70.18617696759395,69.10318217279672,141.68290331237327,72.32126678138326,116.70580310260708,135.0095626064607,115.82424424681187,77.82359887485383,70.66588847376062,112.22002172368784,57.41701537085005,134.81749768699993,116.27573341132805,121.1406585910747,77.53656700517321,87.19861407677578,94.02342105772256,77.53656700517321,87.19861407677578,56.72562947211551,70.35896709321693,53.811512187256646,55.98336549425354,54.16244047662273
52.40372823704698,52.74553480877651,129.69262916782094,129.34502718058064,99.62671017731509,99.65058851865345,99.56861258823496,99.5917669295213,103.23895134252471,103.28351832685904,81.05753635250396,81.11163145073046,77.68781471415397,81.03529042637722,81.09006854352073,77.64616422059524,92.68834447122768,48.740581671953244,51.86183810377109,84.3901154221474,83.90984384046878,85.0682097727571,85.43437621416149,84.63750487388526,84.20736688071455,85.0682097727571,84.57458517125112,83.64685423666661,84.2162597870139,84.20736688071455,84.63750487388526,82.7652065884122,83.74097424342939,84.2162597870139,82.88300686102741,82.91638599550126,82.69357839458628,83.74097424342939,83.08539219632407,81.87277407145834,82.062626009628,82.94493618623191,83.04118038182656,83.02611298451751,83.51360407614884,83.13519110556263,77.92700793888781,82.20337571785446,82.93405569488408,83.20502295963684,78.28435660607371,81.04081604941577,82.03767532858996,82.062626009628,83.01266434204176,82.6979223948984,82.37102271103242,81.09021880768246,81.26102817844614,81.43262302096437,81.09021880768246,81.26102817844614,81.11154948846041,81.49212079882436,76.66388739529901,80.19431655463023,77.64652622062124
-112.00000767014339,-112.0484951830613,-112.00003499090006,-112.0486112962772,74.55494354565252,74.5339953554681,82.8143839504363,82.77989149512773,42.79913671674255,42.835121568384764,74.55492988527418,82.81436345986879,42.79913330164797,74.53397486490059,82.77987783474939,42.83511132310101,150.36560370983355,-112.39558490611384,-112.08738628019536,-18.688782390009106,-21.282405000896173,142.33002275509696,140.4819374902316,144.52852404514064,56.45343960350133,142.33002275509696,57.03783058888762,55.55020514237509,146.71279122095405,56.45343960350133,144.52852404514064,131.94829914121766,149.19100241788811,146.71279122095405,131.52602952597078,153.60494386711716,53.883799494337474,149.19100241788811,69.86610064270882,123.38873339411435,52.783527736034706,119.24004917149192,130.9813356000406,71.01161898916833,69.48536540780479,159.52226459417938,74.54411086562888,133.9203659998971,152.98156616194842,130.4099766155907,82.80009519469263,72.03766366666598,128.79328449942702,52.783527736034706,152.56182371669448,132.1784491954904,138.80642378493576,82.37013478644032,96.44896466596666,105.91557270465847,82.37013478644032,96.44896466596666,51.04829427173087,71.49594770321393,42.81400603856567,49.130237133913305,43.42421513901461
65
2.104958696236281e-07,2.121410318522976e-07,2.1674610195532296e-07,2.1834416941146628e-07,8.274874971903046e-07,8.25460119813215e-07,8.320588449350907e-07,8.30069097901287e-07,6.056953338884341e-07,6.037018351889856e-07,8.25872575660469e-07,8.304526772917598e-07,6.03486853378854e-07,8.238409918703837e-07,8.284590649054735e-07,6.014860787217913e-07,2.94850565296656e-06,2.5431754124838335e-07,2.168471837649122e-07,1.316613861490623e-06,1.2133593827456934e-06,-1.0,1.6105688018797082e-06,-1.0,-1.0,1.49102254454192e-06,1.3588313549917075e-06,1.161207592303981e-06,-1.0,1.2730209846267826e-06,1.3713242879020981e-06,1.0171631856792374e-06,-1.0,1.271524524781853e-06,1.0339615528209833e-06,1.038514710671734e-06,1.0105379715241725e-06,1.1750765906981542e-06,1.0666587968444219e-06,9.06048057913722e-07,1.0433531087983283e-06,1.0574133284535492e-06,1.0575786291155964e-06,1.1367673096174258e-06,1.0715290272855782e-06,8.24658059173089e-07,9.440464054932818e-07,1.0411087032480282e-06,1.0828604217749671e-06,8.291376616398338e-07,8.244779792221379e-07,9.245881074093631e-07,1.0527954827921349e-06,1.0078119885292836e-06,9.6462792953389e-07,-1.0,-1.0,8.603119567851536e-07,8.284999921670533e-07,8.439160410489421e-07,8.320246251969365e-07,8.678997573952074e-07,6.015334292897023e-07,7.550255531896255e-07,6.014871019033308e-07
1.3501701687346213e-05,4.74807757200324e-06,2.8525728339445777e-06,9.449113349546678e-07,2.7690009574143915e-07,6.222510933184822e-07,2.7695722337739426e-07,6.199721838129335e-07,2.5099180334109406e-07,5.519536898646038e-07,6.886704682074196e-07,6.849257374597073e-07,9.472397550780443e-07,1.5488943745367578e-06,1.5342118331318488e-06,2.088097062369343e-06,9.249357901808253e-08,4.080885318558103e-08,1.2903200286018546e-07,3.729466457880193e-10,3.724230035473397e-09,0.0,2.7065102936596475e-10,0.0,0.0,3.089549172052841e-10,3.5737968140381327e-10,3.346438057216794e-11,0.0,8.912264704008521e-09,2.340309335213675e-10,7.2306400866750664e-09,0.0,4.0461625716581295e-10,6.209538994106367e-10,6.43647446452178e-09,2.5045499008058414e-10,4.5595996422953533e-10,1.458124940234562e-11,1.0212554357735826e-08,6.11227790603408e-10,1.9526623873389326e-08,6.041193767458708e-09,3.748362176203557e-10,6.410167951997892e-10,3.809144999422642e-08,8.352813551937288e-09,4.577908718772505e-09,3.9237735283137454e-10,4.088512284283752e-08,3.6971222527881764e-08,1.7218098058435771e-09,5.668215896648121e-10,6.464637714032051e-10,1.1676499767077075e-09,0.0,0.0,3.582962815329438e-09,1.5470034497866436e-07,2.6605219360931187e-08,3.9159534281907327e-08,3.72585411412274e-08,2.0402160316734808e-07,9.318523730428296e-10,7.41294741146703e-07
0.0,3.13576078414917,-0.07327164709568024,3.0612525939941406,-3.120558261871338,0.025922898203134537,-3.1206977367401123,0.025681713595986366,-3.0994181632995605,0.04736904054880142,-0.009607948362827301,-0.009506254456937313,-0.0096758296713233,3.1367573738098145,3.136763334274292,3.1367480754852295,-0.004350441973656416,-0.7896032333374023,-0.7866418361663818,2.3774099349975586,2.351456880569458,0.0,2.3445239067077637,0.0,0.0,2.320615768432617,2.3657870292663574,-1.3982430696487427,0.0,2.3512916564941406,2.2031445503234863,2.354170799255371,0.0,2.298882007598877,2.398454189300537,2.3511598110198975,2.4293031692504883,2.377033233642578,-0.9612472057342529,2.3529253005981445,2.337838888168335,2.353773593902588,2.3544111251831055,2.398252010345459,-0.763164222240448,-0.7860460877418518,2.3515892028808594,2.354376792907715,2.334054708480835,-0.7856042385101318,-0.786453127861023,-0.8010191917419434,2.3617327213287354,2.338440179824829,-0.8115300536155701,0.0,0.0,-0.7921794056892395,-0.7241483330726624,2.3536689281463623,2.35481858253479,2.354818344116211,-0.7335996627807617,2.360548257827759,-0.28649666905403137
127.5962665266256,127.25508491720512,129.69268380933428,129.34581948252438,99.63144349840991,99.6540855755085,99.57719813602166,99.59996998671448,103.21156911414214,103.25589021166634,98.94587009065904,98.89613948331218,102.28639267030722,98.9679725828132,98.91757261692769,102.32802267329845,92.69096726386896,15.273122606848913,17.70978576306179,95.59752011422204,96.07558554479874,94.94102282176792,94.57346302177285,95.37353089058064,95.78984458087126,94.94102282176792,95.42308391300908,96.34955126259712,95.79668160023044,95.78984458087126,95.37353089058064,97.25325359168151,96.27429623832192,95.79668160023044,97.13480445109515,97.10335142996723,97.30106491587159,96.27429623832192,96.91500213341497,98.1484796560059,97.07024550306019,96.9757634962714,96.97466383581502,96.48663315923928,96.88341933869283,96.87932805537999,97.81841076436504,97.08556561736853,96.81105348443654,97.01180640452155,98.96099212948145,97.984008700792,97.00651300791479,97.32092027578882,97.65057935607949,98.91712865463164,98.75294456736287,98.58486044207802,98.91712865463164,98.75294456736287,98.87905035000881,98.50924341777682,101.7796336150273,99.79304577417241,102.32800218273094
69.00000533519452,-120.8203227190011,69.00000533519452,-120.8203227190011,-124.38003972949332,72.51838604082982,-129.85438170774518,78.00757002014812,-105.99739154072606,54.07950148953126,-124.37962991814312,-129.85438170774518,-105.99739154072606,72.51838604082982,78.00757002014812,54.07950148953126,-21.19895716471154,-125.33883436442304,-128.51678478144657,-4.278505201290034,-5.532646607441205,130.3725744996957,129.52574032564084,131.37670793033595,59.12939843728561,130.3725744996957,59.434940119616954,58.67960315968359,132.37672958709587,59.12939843728561,131.37670793033595,116.22105091683292,133.5044074794433,132.37672958709587,116.10816155023096,135.5423583428567,57.88885849909287,133.5044074794433,69.35833071943172,107.66392354726332,106.24713740772758,115.9729238046647,70.18617696759395,69.10318217279672,141.68290331237327,72.52386385254417,116.70580310260708,135.0095626064607,115.82424424681187,78.02006243614007,70.66588847376062,112.22002172368784,134.81749768699993,116.27573341132805,121.1406585910747,77.53656700517321,87.19861407677578,94.02342105772256,77.53656700517321,87.19861407677578,56.72562947211551,70.35896709321693,54.067265205633184,55.98336549425354,54.16244389171732
52.40372823704698,52.74508401629129,129.69267014895595,129.34553261457924,99.63020040398096,99.6540855755085,99.57679515486063,99.59996998671448,103.21147349149375,103.25589021166634,81.05427835226986,81.10401578980589,77.71349622543322,81.03203242614312,81.08243239202865,77.67198233565789,92.69096726386896,48.7342603318764,51.860424254612894,84.4024848947343,83.9244194641576,85.05897535699924,85.42654198718348,84.6264741183757,84.21016042808508,85.05897535699924,84.57692792613642,83.65046057654838,84.20331657853673,84.21016042808508,84.6264741183757,82.74675141727482,83.72570877063441,84.20331657853673,82.86520055786119,82.8966535789891,82.69894009308474,83.72570877063441,83.0849960453522,81.85151852276125,82.92975950589614,83.02424151268494,83.02533434295214,83.51336501952788,83.1165856702635,77.91721344761802,82.18160107478046,82.9144393915878,83.18896518489814,78.26197407616358,81.03901287947488,82.01599630816433,82.99348517085237,82.67908473316751,82.34942565287685,81.0828763543247,81.24706044159346,81.41514456687831,81.0828763543247,81.24706044159346,81.12095465894753,81.49076159117952,76.72977140003296,80.20695923478392,77.6720028262254
-110.99999967376182,-111.06076103661826,-110.99995186243763,-111.06080201775328,74.35163613481792,74.3301620200674,82.61739446458395,82.58238974508764,42.544271622958114,42.57929000283277,74.35163613481792,82.61739446458395,42.54428186824187,74.3301620200674,82.5823965752768,42.57929341792735,150.3575987281263,-111.52306922077973,-111.10946711558961,-18.7015394758314,-21.283473925501276,142.2646441843616,140.41482405144703,144.46680645580042,56.15767192187227,142.2646441843616,56.762871078565006,55.22213749616104,146.6564284999231,56.15767192187227,144.46680645580042,131.78489369551426,149.14269932007778,146.6564284999231,131.36312951426598,153.57616144995472,53.499512561065046,149.14269932007778,69.49231171019069,123.14303782929065,119.00907949451877,130.81937815444127,70.63423054695761,69.13893138291257,159.52798829270384,74.3384538697198,133.755485233333,152.94915008414756,130.24913932101524,82.60112495398099,71.52367827124418,128.58933505081043,152.5273312613859,132.01471590070685,138.67781132286441,81.87533539239709,96.01542523858927,105.54066362111648,81.87533539239709,96.01542523858927,50.566885463555444,71.01432374407965,42.55814373716241,48.59134886877764,42.7226864093626
62
2.104958696236281e-07,2.121383317899017e-07,2.1674610195532296e-07,2.183415688250534e-07,8.272500053863041e-07,8.25223651190754e-07,8.314124215758056e-07,8.2942426615773e-07,8.256345154222799e-07,8.298047760035843e-07,8.236040685005719e-07,8.278129826067016e-07,2.9456348329404136e-06,2.542951449413522e-07,2.1684236628516373e-07,1.3195094652473927e-06,1.216253735947248e-06,-1.0,1.6078273574748891e-06,-1.0,-1.0,1.488253360548697e-06,1.3594769825431285e-06,1.1619291626630002e-06,-1.0,1.2736965118165244e-06,1.3685258863915806e-06,1.0146089834961458e-06,-1.0,1.2687012258538743e-06,1.031416672958585e-06,1.0356418442825088e-06,1.0113429880220792e-06,1.172230668089469e-06,1.066668573912466e-06,9.037312338477932e-07,-1.0,1.041160203385516e-06,1.054880613082787e-06,1.057530994330591e-06,1.1367943670848035e-06,1.0686391078706947e-06,8.244230684795184e-07,9.414507076144218e-07,1.0382390200902591e-06,1.080340780390543e-06,8.284965815619216e-07,8.243893034887151e-07,9.221175787388347e-07,9.316358955402393e-07,1.0499279596842825e-06,1.0052527841253323e-06,9.619327556720236e-07,-1.0,-1.0,8.586264357290929e-07,8.278959739982383e-07,8.426416115980828e-07,8.3296902175789e-07,8.678357517055701e-07,7.560616950286203e-07,6.027835866007081e-07
1.3501701687346213e-05,4.678641744249035e-06,2.8525726065709023e-06,9.27527707972331e-07,2.761085511338024e-07,6.22419406681729e-07,2.7598969154496444e-07,6.204385840646864e-07,6.869317417113052e-07,6.831019732089771e-07,1.5497861340918462e-06,1.536625291009841e-06,9.255457200652017e-08,4.075977599882208e-08,1.288313455916068e-07,3.7078193293460515e-10,3.7031901989337257e-09,0.0,2.719993674737964e-10,0.0,0.0,3.1072552864053193e-10,3.5550040689003026e-10,3.9741761964640077e-11,0.0,8.755620228839689e-09,2.333214732530564e-10,7.317757511060563e-09,0.0,4.0670936063413876e-10,6.240374883503819e-10,6.488796611137104e-09,2.5116964064153535e-10,4.586779012161202e-10,3.3734383342309826e-11,1.037502972422999e-08,0.0,6.139819208605957e-10,2.0100207720474828e-08,6.031780852566726e-09,3.7306749356424973e-10,6.45120734610316e-10,3.807086912388513e-08,8.458971301195106e-09,4.613190718316673e-09,3.9721706479589614e-10,4.0798909139994066e-08,3.2898018531568596e-08,1.7659809170567087e-09,6.257825369004877e-10,5.71449054742601e-10,6.503189098339135e-10,1.191202803063618e-09,0.0,0.0,3.7109055828210558e-09,1.0854524390424558e-07,2.8063659840427135e-08,3.6151025284425486e-08,4.071060644150748e-08,9.205296525038875e-10,5.415143391473975e-07
0.0,3.1358416080474854,-0.07327163964509964,3.061356544494629,-3.1205406188964844,0.025935273617506027,-3.120656728744507,0.025714870542287827,-0.009603355079889297,-0.009499801322817802,3.1367568969726562,3.1367621421813965,-0.004342818167060614,-0.7887038588523865,-0.7866429686546326,2.3380582332611084,2.347731113433838,0.0,2.328881025314331,0.0,0.0,2.4022059440612793,2.4260029792785645,-0.8337627649307251,0.0,2.3533835411071777,2.3753857612609863,2.353193521499634,0.0,2.3222949504852295,2.3608856201171875,2.3538835048675537,2.36116886138916,2.361686944961548,-2.172412157058716,2.3518147468566895,0.0,2.3844330310821533,2.3540430068969727,2.3565127849578857,2.3525476455688477,-0.7808927297592163,-0.7857473492622375,2.352313280105591,2.3519444465637207,2.3876588344573975,-0.7864730358123779,-0.7874413132667542,-0.8143442869186401,2.3315787315368652,2.310196876525879,2.360896587371826,-0.7942638993263245,0.0,0.0,-0.8001530766487122,-0.756212592124939,2.3537840843200684,2.3537917137145996,2.3560447692871094,2.3708057403564453,2.6592187881469727
127.5962665266256,127.25522152098853,129.69268380933428,129.34534136928247,99.63238606451537,99.65687912287903,99.58369364592235,99.60750368536901,98.94783718514002,98.90324288004899,98.97056805469781,98.92458722120529,92.69359688669941,15.398775889462344,17.884881077529652,95.58519162277017,96.06106456262329,94.95024357714743,94.58127675818335,95.38454798571188,95.78676416555558,94.95024357714743,95.42050210150282,96.34557609250017,95.80962480870761,95.78676416555558,95.38454798571188,97.2716131401705,96.28959586206275,95.80962480870761,97.15248781085631,97.12316580874945,97.29522510413123,96.28959586206275,96.91493383152327,98.16950980846038,97.92322001717889,97.08521044753168,96.9925930823863,96.97498485470602,96.48647606488836,96.90212722682949,96.87966273464932,97.84009661497983,97.1052502225565,96.82700880633769,97.01272848005951,98.96195518615443,98.00553745705588,97.92322001717889,97.02574682061756,97.33966231487133,97.6721490934784,98.92368563623485,98.76629075700107,98.60184029235468,98.92368563623485,98.76629075700107,98.86889385871301,98.50987179518046,99.77949467885911,102.30107074683359
70.0000065013869,-121.80795441260659,70.0000065013869,-121.808774035307,-124.58308759313945,72.72266333852656,-130.0528806654041,78.20621924196877,-124.5819401213589,-130.0528806654041,72.72266333852656,78.20621924196877,-21.189946437649002,-127.76911129376195,-130.96361808933358,-4.278505201290034,-5.532646180554381,130.3725744996957,129.52574032564084,131.37670793033595,59.12939843728561,130.3725744996957,59.434940119616954,58.67960315968359,132.37672958709587,59.12939843728561,131.37670793033595,116.22105091683292,133.5044074794433,132.37672958709587,116.10816155023096,135.5423583428567,57.8888516689037,133.5044074794433,69.35833071943172,107.66392354726332,57.41701537085005,106.24713740772758,115.9729238046647,70.18617696759395,69.10318217279672,141.68290331237327,72.72691171619032,116.70580310260708,135.00954894608233,115.82424424681187,78.21767346920689,70.66588847376062,112.22002172368784,57.41701537085005,134.81749768699993,116.27573341132805,121.1406585910747,77.53656700517321,87.19861407677578,94.02342105772256,77.53656700517321,87.19861407677578,56.72562947211551,70.35896709321693,55.98336549425354,54.16244389171732
52.40372823704698,52.744527355873934,129.69262916782094,129.34605170895614,99.6329939513515,99.65687229268987,99.58431519313682,99.60750368536901,81.05166922000691,81.09701484590663,81.02943012406935,81.07541095756187,92.69359688669941,48.726187048277446,51.85868938656371,84.414806555997,83.93894044633304,85.04976826199807,85.41872825077299,84.6154501930553,84.21324084340075,85.04976826199807,84.57950290745352,83.65441525607783,84.19038020024873,84.21324084340075,84.6154501930553,82.72839186878583,83.71041597708276,84.19038020024873,82.84751036791086,82.87683920020689,82.7047799048251,83.71041597708276,83.08507117743306,81.83049520049596,82.07678499177744,82.91479456142466,83.00741192657003,83.02502015425031,83.51352211387879,83.09788461231601,77.90939971120753,82.1599083939765,82.89475478639983,83.17299620261865,78.24138105581599,81.03804982280191,81.99446755190046,82.07678499177744,82.97425818833878,82.66034269408499,82.32785591547794,81.07631937272149,81.23371425195526,81.39816471660166,81.07631937272149,81.23371425195526,81.13111115024333,81.49012638358671,80.22051033009723,77.69893426212275
-109.99999850756943,-110.07302005998604,-110.00003265851528,-110.0731430033911,74.14789159187644,74.12591204312734,82.41928482770774,82.3837610138345,74.14789159187644,82.41926433714022,74.12588472237066,82.38374735345616,150.34858287842187,-110.65032130901385,-110.13150696984884,-18.70966569339642,-21.2796421893769,142.1948123302874,140.34362615953881,144.40022577177115,55.86376546679203,142.1948123302874,56.48951324760275,54.8963886991702,146.5948201936096,55.86376546679203,144.40022577177115,131.6139204002105,149.0887408256347,146.5948201936096,131.19282557750088,153.54112257951255,53.11849728840505,149.0887408256347,69.11842032483503,122.88827177324917,51.94255386428772,118.77095177929544,130.65026267059176,70.25650742547757,68.79247686745285,159.52815221724393,74.13231876056881,133.58224431522478,152.9104638926886,130.0813488938647,82.40095259997543,71.00888691350032,128.37661563929956,51.94255386428772,152.48660967355428,131.84333279405288,138.54130316211254,81.37659497920276,95.57459799936747,105.15713483884193,81.37659497920276,95.57459799936747,50.09091690105394,70.53211921886593,48.05966303812175,42.035453265643426
62
2.104958696236281e-07,2.1213509171502665e-07,2.1674610195532296e-07,2.1833845664787077e-07,8.270726539194584e-07,8.250472092186101e-07,8.308243195642717e-07,8.288382105092751e-07,8.254565955212456e-07,8.292158781841863e-07,8.234272854679148e-07,8.272256764030317e-07,2.942772653113934e-06,2.54267860100299e-07,2.1683666773242294e-07,1.3224062058725394e-06,1.2191469522804255e-06,-1.0,1.6051042166509433e-06,-1.0,-1.0,1.4855005474601057e-06,1.3601852515421342e-06,1.1627151934590074e-06,-1.0,1.2744353625748772e-06,1.3657420367962914e-06,1.012083089335647e-06,-1.0,1.2658907735385583e-06,1.0289003284924547e-06,1.0327748896088451e-06,1.0122146250068909e-06,1.1693947499225033e-06,1.0667476999515202e-06,9.01452949619852e-07,-1.0,1.0390085662947968e-06,1.0523768878556439e-06,1.0575527085165959e-06,1.136889295594301e-06,1.0657498705768376e-06,8.242478770625894e-07,9.388817261424265e-07,1.0353760444559157e-06,1.0778505838970887e-06,8.279138228317606e-07,8.24376684249728e-07,9.196795645038947e-07,9.3256346644921e-07,1.0470673714735312e-06,1.002721774057136e-06,9.592586138751358e-07,-1.0,-1.0,8.569978717787308e-07,8.273657385871047e-07,8.414326657657512e-07,8.339831083503668e-07,8.678463245814783e-07,7.571688911411911e-07,6.041538540557667e-07
1.3501701687346213e-05,4.609892130247317e-06,2.852572379197227e-06,9.109593293032958e-07,2.7526391477294965e-07,6.225450306374114e-07,2.7498984422891226e-07,6.208615559444297e-07,6.850125373603078e-07,6.811484354329878e-07,1.5504516568398685e-06,1.5388218344014604e-06,9.262583944291691e-08,4.069957881824848e-08,1.285910116166633e-07,3.6908365252941167e-10,3.6829819194394986e-09,0.0,2.736740556397166e-10,0.0,0.0,3.1247587850558034e-10,3.526087477556672e-10,5.4262414006522874e-11,0.0,8.604420287383618e-09,2.3642668378620613e-10,7.4072095124222415e-09,0.0,4.0945510870749047e-10,6.282279141345271e-10,6.5429590634380475e-09,2.5297555716896625e-10,4.6157133670732264e-10,3.486875718716753e-11,1.0543423911713035e-08,0.0,6.164455612633901e-10,2.072387772500406e-08,6.021168452718939e-09,3.7197261937294e-10,6.499799032333442e-10,3.805571680004505e-08,8.568721732160611e-09,4.649387097543922e-09,4.017789712040809e-10,4.072025205914542e-08,2.9551529223681428e-08,1.8106945942619745e-09,6.19569895388139e-10,5.748211906464462e-10,6.541059915932124e-10,1.2164087515031952e-09,0.0,0.0,3.8450358452735145e-09,8.290600561622341e-08,2.9720977678948657e-08,3.361621736530651e-08,4.493379890391225e-08,9.088771957266317e-10,2.687323217287485e-07
0.0,3.1359331607818604,-0.07327164709568024,3.0614731311798096,-3.12052583694458,0.025944504886865616,-3.1206185817718506,0.025745084509253502,-0.009598474949598312,-0.009493103250861168,3.136756658554077,3.13676118850708,-0.00433519808575511,-0.7882242202758789,-0.7865036725997925,2.401003837585449,2.353973627090454,0.0,2.4107682704925537,0.0,0.0,2.3040413856506348,2.3604540824890137,-0.4986712336540222,0.0,2.3528430461883545,2.455808639526367,2.354430913925171,0.0,2.2987725734710693,2.398578643798828,2.3565876483917236,2.294339179992676,2.3616139888763428,-2.4145872592926025,2.354522228240967,0.0,2.337660789489746,2.3531105518341064,2.3539366722106934,2.413010835647583,-0.7825778126716614,-0.7857394218444824,2.351238489151001,2.3499209880828857,2.3531694412231445,-0.7867532968521118,-0.7871515154838562,-0.7998314499855042,2.331404685974121,2.347095012664795,2.346254348754883,-0.800255298614502,0.0,0.0,-0.7958777546882629,-0.7699815034866333,2.3536148071289062,2.3530709743499756,2.3557586669921875,2.371011257171631,2.4434421062469482
127.5962665266256,127.25643729466078,129.69268380933428,129.34564189760596,99.63556893266859,99.65896916076505,99.59124100495521,99.6143611952957,98.95003650605275,98.90942420124786,98.97252148880044,98.93097344807924,92.69621284915154,15.5502985135572,18.08927790353687,95.57292460302082,96.04663237290706,94.95943701177028,94.58906317383716,95.39555825065393,95.78339688229477,94.95943701177028,95.4176607428081,96.34127307332307,95.82256801718479,95.78339688229477,95.39555825065393,97.28986340563277,96.30490231599275,95.82256801718479,97.17007554796909,97.143034829045,97.28890717914898,96.30490231599275,96.91442156733551,98.19030090429389,97.9152901675525,97.09996365613891,97.0093133854745,96.97483459054428,96.48593647994393,96.92093073761454,96.87991545164861,97.86168001275708,97.124996299447,96.84285484521212,97.01355493294908,98.96209178993783,98.02689545859052,97.9152901675525,97.04503527483367,97.35828824073796,97.69366418936393,98.92945031589434,98.77898124847896,98.61830787844357,98.92945031589434,98.77898124847896,98.85803385793268,98.50977617253207,99.7650556589537,102.2727322919672
71.00000766757931,-122.7959276156706,71.00000766757931,-122.79635108739915,-124.7867501738109,72.92730946643849,-130.25208996273668,78.40593397329994,-124.78561636240867,-130.25208996273668,72.92730946643849,78.40593397329994,-21.179947040704104,-130.15579795581783,-133.35796822363824,-4.278505628176857,-5.532646180554381,130.3725744996957,129.52574032564084,131.37670793033595,59.12939843728561,130.3725744996957,59.434940119616954,58.67960315968359,132.37672958709587,59.12939843728561,131.37670793033595,116.22105091683292,133.5044074794433,132.37672958709587,116.10816155023096,135.5423583428567,57.8888516689037,133.5044074794433,69.35833071943172,107.66392354726332,57.41701537085005,106.24713740772758,115.9729238046647,70.18617696759395,69.10318217279672,141.68290331237327,72.93031474967329,116.70580310260708,135.0095626064607,115.82424424681187,78.41633635140587,70.66588847376062,112.22002172368784,57.41701537085005,134.81749768699993,116.27573341132805,121.1406585910747,77.53656700517321,87.19861407677578,94.02342105772256,77.53656700517321,87.19861407677578,56.72562947211551,70.35896709321693,55.98336549425354,54.16244047662273
52.40372823704698,52.74387165771361,129.69262916782094,129.34677570900817,99.63508398923753,99.65896916076505,99.59115904268518,99.6143611952957,81.04972944628263,81.090642279411,81.0274835201559,81.06902473068791,92.69621284915154,48.71634474568346,51.85662666943437,84.42708040593551,83.95337263604928,85.0405611669969,85.41094183511917,84.60443992811324,84.21660812666157,85.0405611669969,84.58233743595908,83.6587251054441,84.17743699177154,84.21660812666157,84.60443992811324,82.71014160332356,83.69509586277442,84.17743699177154,82.82992946098724,82.85696334972215,82.71109782980736,83.69509586277442,83.08558344162081,81.80970410466243,82.08471484140384,82.90004818300659,82.99069162348184,83.02516358822288,83.5140685290124,83.0790742713418,77.90355989946717,82.1383181660101,82.87500870950933,83.1571501637442,78.22261852616597,81.0379132190185,81.97310272017666,82.08471484140384,82.95496973412267,82.64171676821837,82.30634764978157,81.070554693062,81.2210169302882,81.38169030032358,81.070554693062,81.2210169302882,81.14197115102365,81.49022883642427,80.23494935000264,77.72727271698913
-108.99999734137702,-109.08525176259712,-109.00005881307956,-109.08518346070542,73.94377821871979,73.92121810389123,82.22004820961847,82.1840531126925,73.94375772815228,82.22006870018598,73.92123859445874,82.18403262212499,150.33861080223366,-109.77729335949199,-109.15345803164887,-18.71322080685941,-21.27097980196203,142.12049987211765,140.26831649375026,144.32872735153944,55.57190465336822,142.12049987211765,56.21792785073012,54.57316365707769,146.52788433974348,55.57190465336822,144.32872735153944,131.43533827417136,149.02903131191044,146.52788433974348,131.01509039491881,153.49974529352062,52.741016638640545,149.02903131191044,68.74470652439777,122.62440790523324,51.528422419436914,118.52566602582195,130.4739345069787,69.87873649267334,68.44623408785739,159.52263342439454,73.9258011608243,133.4005476229241,152.8654119649232,129.90659167376074,82.19968058551349,70.49377453686547,128.15507162338102,51.528422419436914,152.4395769909296,131.66421791325848,138.3967900196534,80.8743301883967,95.12676298605724,104.76514345218573,80.8743301883967,95.12676298605724,49.62077448991445,70.04975759930129,47.535599698579595,41.363079198463616
62
2.104958696236281e-07,2.1213142531451012e-07,2.1674610195532296e-07,2.1833480445820896e-07,8.26955215416092e-07,8.249310212704586e-07,8.302955620820285e-07,8.2831104464276e-07,8.253390433310415e-07,8.286858701467281e-07,8.233107564592501e-07,8.266974873549771e-07,2.9399204777291743e-06,2.542357719903521e-07,2.1683007389583508e-07,1.325303401245037e-06,1.2220382359373616e-06,-1.0,1.6024002889025724e-06,-1.0,-1.0,1.4827656968918745e-06,1.3609555935545359e-06,1.163565229944652e-06,-1.0,1.27523708215449e-06,1.36297376229777e-06,1.0095865263792803e-06,-1.0,1.2630937362700934e-06,1.026413997351483e-06,1.0299148698322824e-06,1.0131520866707433e-06,1.1665702004393097e-06,1.0668959475879092e-06,8.992142284114379e-07,-1.0,1.0368996754550608e-06,1.0499036307010101e-06,1.0576439990472863e-06,1.137051867772243e-06,1.062861997525033e-06,8.24132484922302e-07,9.363403705719975e-07,1.0325206858396996e-06,1.075391196536657e-06,8.27389726509864e-07,8.244402351920144e-07,9.17274860512407e-07,9.335578852187609e-07,1.0442148550282582e-06,1.0002198678193963e-06,9.56606868385279e-07,-1.0,-1.0,8.554277428629575e-07,8.26909854367841e-07,8.402902267334866e-07,8.350657481059898e-07,8.679311349624186e-07,7.583457772852853e-07,6.055960852791031e-07
1.3501703506335616e-05,4.545347564999247e-06,2.8525726065709023e-06,8.959273145592306e-07,2.743736615684611e-07,6.226275672815973e-07,2.7396538371249335e-07,6.212414405126765e-07,6.829225185356336e-07,6.79078652865428e-07,1.5508907154071494e-06,1.5408000990646542e-06,9.270755185752932e-08,4.0628492570249364e-08,1.2830948037390044e-07,3.6667499592191177e-10,3.6634375533139973e-09,0.0,2.747473082376217e-10,0.0,0.0,3.140400162138235e-10,3.5036162859825026e-10,6.700662941172553e-11,0.0,8.457615052748224e-09,2.374101470969947e-10,7.499163068303005e-09,0.0,4.1139050499516827e-10,6.31228402880879e-10,6.59925580848153e-09,2.539316534821978e-10,4.646311946299164e-10,1.1464814340944596e-11,1.0718435916601265e-08,0.0,6.191872015115507e-10,2.140308019704662e-08,6.009292174979919e-09,3.6969008410103754e-10,6.566682753117448e-10,3.80456697257614e-08,8.681937835319786e-09,4.686632415484837e-09,4.0746514495815234e-10,4.0648870935910963e-08,2.6752575266186795e-08,1.8593833139846083e-09,6.13230188850622e-10,5.788342583024075e-10,6.578761979625369e-10,1.2428871265512953e-09,0.0,0.0,3.986797558752642e-09,6.668551577604376e-08,3.161985162591918e-08,3.1450781534658745e-08,5.0219256308992044e-08,8.969873177555598e-10,1.7420234144083224e-07
0.0,3.136033773422241,-0.07327163964509964,3.0615994930267334,-3.120514154434204,0.02595059759914875,-3.1205832958221436,0.02577231451869011,-0.009593293070793152,-0.009486204944550991,3.136756420135498,3.1367602348327637,-0.004327566362917423,-0.7882922291755676,-0.7865046858787537,2.3458499908447266,2.3557262420654297,0.0,2.344405174255371,0.0,0.0,2.402255058288574,2.3818817138671875,-1.0705348253250122,0.0,2.351609468460083,2.390716314315796,2.353586435317993,0.0,2.337968587875366,2.3609566688537598,2.3534793853759766,2.3906474113464355,2.3848915100097656,2.8128411769866943,2.352900981903076,0.0,2.329796075820923,2.3533825874328613,2.3537144660949707,2.337775945663452,-0.842995285987854,-0.7860126495361328,2.3511009216308594,2.3515701293945312,2.4212775230407715,-0.786224901676178,-0.7876728773117065,-0.8158474564552307,2.3390324115753174,2.353968620300293,2.3383541107177734,-0.7989795207977295,0.0,0.0,-0.7986934185028076,-0.776466965675354,2.3541855812072754,2.354153633117676,2.3575706481933594,2.3605592250823975,2.3905627727508545
127.5962665266256,127.25701103055107,129.69268380933428,129.3482920110039,99.63636123461232,99.66033519859906,99.59685542045297,99.62054251649457,98.95235194018139,98.91438291858529,98.97379190398605,98.93673129754957,92.69883564179281,15.726850365865568,18.322786703333975,95.56070539459567,96.03227531527169,94.9686099558256,94.59682909892346,95.40654802502848,95.77974956127798,94.9686099558256,95.41459398787076,96.33662171449829,95.83551122566196,95.77974956127798,95.40654802502848,97.30799072768998,96.32022926049025,95.83551122566196,97.18754034167681,97.16297215123228,97.28212480130315,96.32022926049025,96.91345168047337,98.21083245293896,97.90680024241418,97.11447097793602,97.02591074515763,96.97423353389732,96.48500074402764,96.93982987104796,96.88008620637787,97.88316095769676,97.14480384804004,96.85857794068149,97.01430625375778,98.96140194083165,98.04808270539588,97.90680024241418,97.06437837056315,97.3767980533887,97.71511781354694,98.93441586342094,98.79100921160735,98.63424953996639,98.93441586342094,98.79100921160735,98.84645668728952,98.50893605926416,99.7497492050237,102.2430551200235
72.00000200358254,-123.78370957343785,72.00000200358254,-123.78409206403137,-124.99247547161168,73.13220148116052,-130.45019276942372,78.60661859149326,-124.99179245269468,-130.45019276942372,73.13220148116052,78.60661176130408,-21.16896238897143,-132.4920914821774,-135.69586001426356,-4.278505201290034,-5.532646180554381,130.3725744996957,129.52574032564084,131.37670793033595,59.12939843728561,130.3725744996957,59.434940119616954,58.67960315968359,132.37672958709587,59.12939843728561,131.37670793033595,116.22105091683292,133.5044074794433,132.37672958709587,116.10816155023096,135.5423583428567,57.88885849909287,133.5044074794433,69.35833071943172,107.66392354726332,57.41701537085005,106.24713740772758,115.9729238046647,70.18617696759395,69.10318217279672,141.68290331237327,73.13397733034473,116.70580310260708,135.0095626064607,115.82424424681187,78.61594179971033,70.66588847376062,112.22002172368784,57.41701537085005,134.81749768699993,116.27573341132805,121.1406585910747,77.53656700517321,87.19861407677578,94.02342105772256,77.53656700517321,87.19861407677578,56.72562947211551,70.35896709321693,55.98336549425354,54.16244389171732
52.40372823704698,52.743110091621155,129.69262916782094,129.3474997090602,99.63646368744986,99.66032836840989,99.59733353369487,99.62054251649457,81.04844537071867,81.08489126012985,81.02621310497027,81.06327371140677,92.69883564179281,48.70474708447277,51.85424634850862,84.43929961436066,83.96773652387381,85.03139505313074,85.40317591003287,84.59345015373869,84.22025544767835,85.03139505313074,84.58541102108558,83.66338329445804,84.16449378329438,84.22025544767835,84.59345015373869,82.69202794164468,83.6797689182769,84.16449378329438,82.81247149746869,82.83702602753489,82.71788020765318,83.6797689182769,83.08654649829379,81.78916572582821,82.09320476654216,82.88552720083115,82.97410109398787,83.02577147505902,83.51499743473953,83.06018879828672,77.89972133315362,82.11684405125958,82.85519433072712,83.14142023808567,78.20569331740268,81.03860306812467,81.95192230356044,82.09320476654216,82.93562663839319,82.6232137857568,82.2848871954094,81.0655891455354,81.20899579734899,81.36575546898995,81.0655891455354,81.20899579734899,81.153555151856,81.49106894969218,80.25025580393263,77.75694988893284
-108.0000030053738,-108.09747663501905,-107.9999551940496,-108.09751761615408,73.73937114742881,73.71636024011504,82.01991000655875,81.98334800393167,73.73938480780716,82.01990317636958,73.71633974954753,81.98335483412085,150.3276005372916,-108.90391024013329,-108.17534762174637,-18.71226458037561,-21.257561895337542,142.04167948909569,140.188881393703,144.25227021397032,55.28227048161383,142.04167948909569,55.94826173701426,54.25265703027484,146.45559361756804,55.28227048161383,144.25227021397032,131.2490790155051,148.96354345814837,146.45559361756804,130.8298693250064,153.45194762970888,52.36732332877081,148.96354345814837,68.37143668625657,122.35147354599954,51.118925257937974,118.27329053598999,130.2903526824671,69.50119778630088,68.10045576112549,159.51137727264236,73.71902401389134,133.2103405149176,152.81388501782462,129.72484033994672,81.99740453324355,69.97883291495987,127.92466202191981,51.118925257937974,152.38615125124176,131.47735759794526,138.24421725397366,80.36899864265331,94.67222072698208,104.3648670460663,80.36899864265331,94.67222072698208,49.156806569784656,69.56767601749262,47.01958232187972,40.706086717294674
60
2.104958696236281e-07,2.1212724732322386e-07,2.1674610195532296e-07,2.1833078278632456e-07,8.268983719972312e-07,8.24875314719975e-07,8.298258080685628e-07,8.278431096186978e-07,8.252821999121807e-07,8.282153203253984e-07,8.232550499087665e-07,8.262286428362131e-07,2.9370780794124585e-06,2.541988806115114e-07,2.1682265582967375e-07,1.3282000281833461e-06,1.2249267911101924e-06,-1.0,1.5997168247849913e-06,-1.0,-1.0,1.480049377278192e-06,1.3617875538329827e-06,1.1644787036857451e-06,-1.0,1.2761013294948498e-06,1.3602223134512315e-06,1.0071207725559361e-06,-1.0,1.2603113646036945e-06,1.0239585890303715e-06,1.0270630355080357e-06,1.0141545772057725e-06,1.1637578154477524e-06,1.0671134305084706e-06,8.970167755251168e-07,-1.0,1.03483444036101e-06,1.0474617511135875e-06,1.1372825383659801e-06,1.0599765118968207e-06,8.240771194323315e-07,9.338282325188629e-07,1.0296739674231503e-06,1.0729638688644627e-06,8.269245199699071e-07,8.245793878813856e-07,9.149052857537754e-07,9.346184697278659e-07,1.0413713198431651e-06,9.977485433410038e-07,9.539788834445062e-07,-1.0,-1.0,8.539171858501504e-07,8.265287760877982e-07,8.392153176828288e-07,8.362159178432194e-07,8.68090637595742e-07,6.071084612813138e-07
1.3501701687346213e-05,4.487411388254259e-06,2.8525726065709023e-06,8.830890578792605e-07,2.734437032358983e-07,6.22667300831381e-07,2.7291773108117923e-07,6.215781809260079e-07,6.806847068219213e-07,6.768988214389537e-07,1.5510998991885572e-06,1.5425571291416418e-06,9.279981583176777e-08,4.054577473766585e-08,1.279852455127184e-07,3.646776491894599e-10,3.644678114866906e-09,0.0,2.765242479441099e-10,0.0,0.0,3.1651359311268834e-10,3.4885117017324774e-10,7.82674688948326e-11,0.0,8.315243604783973e-09,2.394600628896626e-10,7.593974338249154e-09,0.0,4.137685194471885e-10,6.350388548348462e-10,6.657496331996526e-09,2.549486732839057e-10,4.674310938312942e-10,1.9501292941592752e-11,1.0899723790203097e-08,0.0,6.212781400449785e-10,2.2146005917988987e-08,3.679560267588755e-10,6.616737158182673e-10,3.8041001459987456e-08,8.798640926954704e-09,4.7247352696899725e-09,4.1244746507018704e-10,4.058502511838924e-08,2.4378364216204318e-08,1.9083772340167116e-09,6.070060565299684e-10,5.830841920406726e-10,6.617061898417376e-10,1.2710599239795783e-09,0.0,0.0,4.13587075698274e-09,5.5522288988640867e-08,3.38205552452564e-08,2.9579016569414307e-08,5.702380789784911e-08,1.2942243188263092e-07
0.0,3.136141300201416,-0.07327163964509964,3.0617337226867676,-3.1205053329467773,0.025953523814678192,-3.1205506324768066,0.025796525180339813,-0.009587897919118404,-0.00947897881269455,3.136756420135498,3.1367592811584473,-0.004319918341934681,-0.7877432107925415,-0.7865496873855591,2.3616676330566406,2.354231119155884,0.0,2.2950098514556885,0.0,0.0,2.4508931636810303,2.440171241760254,-1.0077193975448608,0.0,2.3513269424438477,2.3984105587005615,2.3522510528564453,0.0,2.353717803955078,2.3230438232421875,2.3562939167022705,2.3534889221191406,2.3462629318237305,2.0007424354553223,2.3557491302490234,0.0,2.345428228378296,2.3526735305786133,2.382939577102661,-0.8153747916221619,-0.7871837615966797,2.353734016418457,2.3559515476226807,2.4209675788879395,-0.7862476706504822,-0.7876725792884827,-0.7905653715133667,2.389862537384033,2.3247318267822266,2.367810010910034,-0.8107205629348755,0.0,0.0,-0.7984351515769958,-0.7802255153656006,2.3531548976898193,2.3546512126922607,2.358994960784912,2.372584104537964
127.5962665266256,127.25761208719803,129.69268380933428,129.34786853927537,99.63640221574734,99.66099089675939,99.60287281711175,99.62603398858725,98.95156646842683,98.91971729632706,98.97440662101135,98.94184027904873,92.70145160424492,15.927534984058882,18.58360430698008,95.54854082768388,96.01799338971719,94.97775557912425,94.60455404287475,95.41751730883551,95.77582220250522,94.97775557912425,95.41127451593412,96.33162884621501,95.84843394357162,95.77582220250522,95.41751730883551,97.32597461577463,96.33556986536611,95.84843394357162,97.20486170141197,97.18297094512208,97.27488480078294,96.33556986536611,96.91203783131517,98.23108396382804,97.89777756252059,97.12874607330134,97.04237150105736,96.483689347707,96.95880413656226,96.88016133845873,97.90449846866389,97.16465920795727,96.87416443236746,97.01497561229644,98.95987880864675,98.06907187671534,97.89777756252059,97.08376927761681,97.39517126225603,97.73650313583825,98.9385686184363,98.80235415581873,98.64963795616643,98.9385686184363,98.80235415581873,98.834182837351,98.50735828556589,102.21208704232666
73.00000316977493,-124.77102707834153,73.00000316977493,-124.77255704071561,-125.19365186342525,73.33725742042265,-130.6525029726395,78.808163813522,-125.19365186342525,-130.6525029726395,73.33725742042265,78.808163813522,-21.15697028433618,-134.77270530642298,-137.97172002684684,-4.278505201290034,-5.532646180554381,130.3725744996957,129.52574032564084,131.37670793033595,59.12939843728561,130.3725744996957,59.434940119616954,58.67960315968359,132.37672958709587,59.12939843728561,131.37670793033595,116.22105091683292,133.5044074794433,132.37672958709587,116.10816155023096,135.5423583428567,57.88885849909287,133.5044074794433,69.35833071943172,107.66392354726332,57.41701537085005,106.24713740772758,115.9729238046647,69.10318217279672,141.68290331237327,73.33778334498874,116.70580310260708,135.0095626064607,115.82424424681187,78.81640102166102,70.66588847376062,112.22002172368784,57.41701537085005,134.81749768699993,116.27573341132805,121.1406585910747,77.53656700517321,87.19861407677578,94.02342105772256,77.53656700517321,87.19861407677578,56.72562947211551,70.35896709321693,54.16244047662273
52.40372823704698,52.742249487785735,129.69265648857763,129.34840129403062,99.63713304598853,99.66099772694855,99.60281134540921,99.62603398858725,81.04781699331502,81.07978227863069,81.02559838794497,81.05816472990759,92.70145160424492,48.69139747973998,51.85155183888105,84.45146418127246,83.98201161923915,85.02224942983209,85.39545096608158,84.58248086993164,84.22418280645111,85.02224942983209,84.58873049302221,83.66836933255216,84.15157106538472,84.22418280645111,84.58248086993164,82.67403722337087,83.66443514359023,84.15157106538472,82.79514330754436,82.81703406383426,82.72511337798423,83.66443514359023,83.08796717764115,81.7689210451283,82.10222744643575,82.87125893565499,82.95763350789898,83.5163224914385,83.0411940422049,77.89787035188854,82.09550654029245,82.83534580099906,83.1258337463997,78.19063958047197,81.04013303049877,81.930933132241,82.10222744643575,82.91623573133953,82.60483374670031,82.26350187311809,81.06142956033086,81.19764402294842,81.3503670527899,81.06142956033086,81.19764402294842,81.16581534141616,81.49263989320127,77.78791796662968
-107.00000183918141,-107.10966052630596,-106.99994036747887,-107.10968784706265,73.53483430254362,73.51129064047457,81.81887704871777,81.78180278190294,73.53484796292194,81.81887021852859,73.51129064047457,81.78180278190294,150.3156203854874,-108.03012413961356,-107.19713475900632,-18.70686019319484,-21.239458478942424,141.9583375208432,140.10532085939707,144.17084069868542,54.99500638550143,141.9583375208432,55.68066517061692,53.93507030934217,146.37787972519163,54.99500638550143,144.17084069868542,131.05512896383343,148.89218164170006,146.37787972519163,130.63713504700698,153.39760664467224,51.997659830511374,148.89218164170006,67.9988908481674,122.06944137479137,50.714349247736024,118.01385263055622,130.09950353667858,67.7553604533106,159.49426081858232,73.51208977260747,133.01155468931353,152.75581474950118,129.5360675716659,81.79423372619236,69.4645196704579,127.68533219340257,50.714349247736024,152.32620951108572,131.28268354622156,138.0834755820466,79.86104430426863,94.2112785806546,103.95649686578041,79.86104430426863,94.2112785806546,48.699344404839294,69.08629111497929,40.0649095391489
60
2.104958696236281e-07,2.1212255774116784e-07,2.1674610195532296e-07,2.183262495236704e-07,8.269017826023628e-07,8.248798621934839e-07,8.294153985843877e-07,8.274347464976017e-07,8.252852694567991e-07,8.27804228720197e-07,8.232595973822754e-07,8.258195975940907e-07,2.934247731900541e-06,2.541571575420676e-07,2.1681435669052007e-07,1.331095063505927e-06,1.2278119356778916e-06,-1.0,1.597054733792902e-06,-1.0,-1.0,1.477352839174273e-06,1.3626807913169614e-06,1.1654549325612606e-06,-1.0,1.27702742247493e-06,1.3574884860645398e-06,1.0046871921076672e-06,-1.0,1.2575445680340636e-06,1.0215355814580107e-06,1.024220182443969e-06,1.0152216418646276e-06,1.1609588455030462e-06,1.0673998076526914e-06,8.948616141424282e-07,-1.0,1.032814111567859e-06,1.0450527270222665e-06,1.137580738941324e-06,1.0570942095000646e-06,8.240815532190027e-07,9.313463351645623e-07,1.0268367987009697e-06,1.0705697377488832e-06,8.26518657959241e-07,8.247945970651926e-07,9.125718634095392e-07,9.357444241686608e-07,1.0385376754129538e-06,9.953091648640111e-07,9.513754548606812e-07,-1.0,-1.0,8.524674512955244e-07,8.26222958494327e-07,8.38208961795317e-07,8.374327080673538e-07,8.683241503604222e-07,6.086890493861574e-07
1.3501701687346213e-05,4.437519692146452e-06,2.8525728339445777e-06,8.726368605493917e-07,2.724740681969706e-07,6.226638333828305e-07,2.718545601965161e-07,6.21871379280492e-07,6.782942136851489e-07,6.746229814780236e-07,1.5510830735365744e-06,1.5440922425113968e-06,9.290228319969174e-08,4.045160295618189e-08,1.2761709911046637e-07,3.626804689904617e-10,3.62671825904215e-09,0.0,2.7757798837235725e-10,0.0,0.0,3.17313925135565e-10,3.452593211328292e-10,8.87996967624538e-11,0.0,8.177070576209644e-09,2.4322227565320986e-10,7.691380865537667e-09,0.0,4.16237933009711e-10,6.382075423694289e-10,6.717916445353467e-09,2.5617680199374604e-10,4.703705203112918e-10,2.725479911203088e-11,1.1088684637172719e-08,0.0,6.23490481466149e-10,2.2960890078138618e-08,3.6650429913187565e-10,6.679197750436572e-10,3.8041093830543105e-08,8.919312399768842e-09,4.763999417178866e-09,4.1658734795113617e-10,4.052853341818263e-08,2.2339712302255066e-08,1.9608343837518305e-09,6.012426112533831e-10,5.871459429762638e-10,6.653152473390378e-10,1.3000361898107826e-09,0.0,0.0,4.29281987734953e-09,4.7368398981006976e-08,3.6399793401642455e-08,2.794496190006157e-08,6.6112100682858e-08,1.0360052726809954e-07
0.0,3.13625431060791,-0.07327164709568024,3.061872959136963,-3.1204993724823,0.025953274220228195,-3.120521068572998,0.025817712768912315,-0.00958217028528452,-0.009471549652516842,3.136756420135498,3.13675856590271,-0.004312284290790558,-0.7880931496620178,-0.7865714430809021,2.3616175651550293,2.34773588180542,0.0,2.3782899379730225,0.0,0.0,2.4024128913879395,2.3604650497436523,-0.8732737898826599,0.0,2.354322910308838,2.225155830383301,2.349472999572754,0.0,2.345798969268799,2.3458261489868164,2.3508901596069336,2.317061424255371,2.3538808822631836,2.64009690284729,2.353611469268799,0.0,2.3610358238220215,2.353747606277466,2.421487808227539,-0.8027399778366089,-0.7851377725601196,2.3530831336975098,2.3531486988067627,2.368650436401367,-0.7854706645011902,-0.7879539728164673,-0.7873822450637817,2.411686897277832,2.3247263431549072,2.3756680488586426,-0.8058179020881653,0.0,0.0,-0.7936338186264038,-0.7838147878646851,2.353846549987793,2.3533709049224854,2.3623273372650146,2.364792823791504
127.5962665266256,127.25916937032879,129.69268380933428,129.3485652185707,99.6366412723683,99.66093625524603,99.60745587404482,99.63082195119543,98.95265246850487,98.92493556085296,98.97435880968717,98.94630722276592,92.70404707612954,16.151288566173914,18.870567874768994,95.53643090228545,96.0038002566219,94.98686022128787,94.61224483588019,95.42845927188588,95.7716148059765,94.98686022128787,95.40771598737655,96.32630812885157,95.86134300110295,95.7716148059765,95.42845927188588,97.34382190007588,96.35091047024196,95.86134300110295,97.22204645736372,97.20301072014689,97.26720083796667,96.35091047024196,96.91017318967177,98.25104860677199,97.8882084674934,97.14276162147821,97.05868199279536,96.48197497022532,96.9778808549141,96.88015450826956,97.9256993758476,97.1845623791987,96.88961432027003,97.01556300856507,98.95751556319392,98.08984248198135,97.8882084674934,97.10319433561632,97.41340103715079,97.75780649585953,98.94190175075127,98.81301608111313,98.66445946666535,98.94190175075127,98.81301608111313,98.82124645906299,98.5050565118156,102.17988270039004
74.00000433596733,-125.7603526588612,74.00000433596733,-125.75954669653913,-125.40049731224991,73.5423543408198,-130.85443068526178,79.01047401673777,-125.40097542549181,-130.85443068526178,73.5423543408198,79.01047401673777,-21.143987802271276,-136.9924758055421,-140.18067150632066,-4.278505201290034,-5.532646180554381,130.3725744996957,129.52574032564084,131.37670793033595,59.12939843728561,130.3725744996957,59.434940119616954,58.67960315968359,132.37672958709587,59.12939843728561,131.37670793033595,116.22105091683292,133.5044074794433,132.37672958709587,116.10816155023096,135.5423583428567,57.88885849909287,133.5044074794433,69.35833071943172,107.66392354726332,57.41701537085005,106.24713740772758,115.9729238046647,69.10318217279672,141.68290331237327,73.54163034076777,116.70580310260708,135.0095626064607,115.82424424681187,79.01761156442043,70.66588847376062,112.22002172368784,57.41701537085005,134.81749768699993,116.27573341132805,121.1406585910747,77.53656700517321,87.19861407677578,94.02342105772256,77.53656700517321,87.19861407677578,56.72562947211551,70.35896709321693,54.16244047662273
52.40372823704698,52.741289846207344,129.69267014895595,129.34939850164946,99.6370920648535,99.66094308543519,99.60760613820656,99.63082195119543,81.04785797445004,81.0753153349135,81.02564619926916,81.05369778619041,92.7040539063187,48.676289101295914,51.8485328952679,84.46357410667089,83.99620475233444,85.01314478766845,85.38775334288698,84.57153890688129,84.22838337279067,85.01314478766845,84.59228219139061,83.67369688010477,84.13866200785338,84.22838337279067,84.57153890688129,82.65618993906963,83.64909453871438,84.13866200785338,82.77796538178178,82.79699428880944,82.73280417098967,83.64909453871438,83.08982498909539,81.74895640218435,82.11178971127376,82.85724338747812,82.94131618597181,83.51803003873101,83.02212415404223,77.89801378586111,82.07430563310874,82.81544262975764,83.11038385849713,78.17747780594135,81.04248944576241,81.91016252697499,82.11178971127376,82.89681067334,82.58661080199471,82.24219851309681,81.05810325820507,81.1869889278432,81.33553871210181,81.05810325820507,81.1869889278432,81.17875171970417,81.49494849714074,77.82011547837712
-106.000000672989,-106.12181709683618,-105.99995286166482,-106.12185124778203,73.33025647652339,73.30619372007743,81.61707910968974,81.57948574849799,73.33027013690173,81.61707227950056,73.30619372007743,81.57948574849799,150.30264302606437,-107.15585992585193,-106.21881261323954,-18.697069117019623,-21.216744684857545,141.87043298622513,140.01762123045413,144.08439782454974,54.71030019523321,141.87043298622513,55.41530207607817,53.62059473957645,146.2947290022359,54.71030019523321,144.08439782454974,130.85346079839962,148.81490488143052,146.2947290022359,130.43686024016387,153.3366403761407,51.63227544576696,148.81490488143052,67.62734221769705,121.77833871236543,50.31495393601953,117.74740695103402,129.90137340923488,67.41120771160116,159.47118843956602,73.30510088981023,132.80412184422025,152.6910782165478,129.34025970853997,81.59027061719743,68.95134023735817,127.4370821378293,50.31495393601953,152.2596834685698,131.08018209770904,137.91449670198045,79.35093162610623,93.74428488672248,103.54025830757065,79.35093162610623,93.74428488672248,48.24870559887478,68.60603319367901,39.439954060281906
60
2.1049585541277338e-07,2.1211735656834207e-07,2.1674607353361353e-07,2.183211904593918e-07,8.269655609183246e-07,8.24944720534404e-07,8.290650157505297e-07,8.270862394965661e-07,8.25349445676693e-07,8.274529932350561e-07,8.233246262534522e-07,8.254702947851911e-07,2.931428753072396e-06,2.5411065962543944e-07,2.1680516226751934e-07,1.3339878250917536e-06,1.230692532772082e-06,-1.0,1.5944152664815192e-06,-1.0,-1.0,1.4746772194484947e-06,1.3636346238854458e-06,1.1664934618238476e-06,-1.0,1.2780146789737046e-06,1.3547735306929098e-06,1.002286808216013e-06,-1.0,1.2547945971164154e-06,1.019146452563291e-06,1.0213873338216217e-06,1.0163520300920936e-06,1.1581740864130552e-06,1.0677549653337337e-06,8.927505064093566e-07,-1.0,1.0308402806913364e-06,1.0426779226690996e-06,1.137946242124599e-06,1.054216227203142e-06,8.241462410296663e-07,9.288962132814049e-07,1.0240102028546971e-06,1.0682102811188088e-06,8.261719699476089e-07,8.250855216829223e-07,9.102761850954266e-07,9.369348390464438e-07,1.035715285979677e-06,9.929027555699577e-07,9.487982879363699e-07,-1.0,-1.0,8.510800171279698e-07,8.259925721176842e-07,8.37272125409072e-07,8.387150387534348e-07,8.68631730099878e-07,6.103359737608116e-07
1.3501703506335616e-05,4.397047632664908e-06,2.8525737434392795e-06,8.646655942357029e-07,2.714747324716882e-07,6.226181881174853e-07,2.707785995426093e-07,6.221213197932229e-07,6.757809387636371e-07,6.722649459334207e-07,1.550838192088122e-06,1.5454032791240024e-06,9.301518844040402e-08,4.0345515373019225e-08,1.2720462905235763e-07,3.6121242108499985e-10,3.6093683597471227e-09,0.0,2.7902324895023867e-10,0.0,0.0,3.18651549591209e-10,3.4281502636623884e-10,1.0210832179780027e-10,0.0,8.04293964762337e-09,2.436304491482133e-10,7.791448375371601e-09,0.0,4.187830082713617e-10,6.415787345837032e-10,6.780150663132645e-09,2.575500368529049e-10,4.733258784916927e-10,3.3904230117842715e-11,1.1285011147776913e-08,0.0,6.269128549618586e-10,2.3858476083660207e-08,3.645120039141858e-10,6.749796277460973e-10,3.8046984229822556e-08,9.043726656443596e-09,4.804183717510568e-09,4.216951510205291e-10,4.048097679287821e-08,2.0570741554593042e-08,2.016153466399828e-09,5.940001823745433e-10,5.909726596975418e-10,6.68879895915353e-10,1.3308918411780724e-09,0.0,0.0,4.4585908298699906e-09,4.115799256965147e-08,3.946750126715415e-08,2.6505141192956216e-08,7.88564875620068e-08,8.683618091254175e-08
0.0,3.13637113571167,-0.07327163219451904,3.0620157718658447,-3.1204965114593506,0.02594987489283085,-3.1204941272735596,0.025835806503891945,-0.009576249867677689,-0.009463880211114883,3.136756420135498,3.1367580890655518,-0.004304640460759401,-0.7891436815261841,-0.7865964770317078,2.2986793518066406,2.344618797302246,0.0,2.311769962310791,0.0,0.0,2.360454797744751,2.390044927597046,-0.9590068459510803,0.0,2.350006580352783,2.3697352409362793,2.3509788513183594,0.0,2.3851237297058105,2.3458187580108643,2.3576884269714355,2.2967967987060547,2.3383545875549316,2.3212265968322754,2.351854085922241,0.0,2.424042224884033,2.3535759449005127,2.413884401321411,-0.7818028926849365,-0.7863340377807617,2.35455060005188,2.35794734954834,2.360774040222168,-0.7857694625854492,-0.787709653377533,-0.8058489561080933,2.390180826187134,2.353923797607422,2.375772476196289,-0.8098539710044861,0.0,0.0,-0.789563000202179,-0.7845544219017029,2.3541059494018555,2.352795124053955,2.3672327995300293,2.3608951568603516
127.59628018700394,127.25993435151584,129.69268380933428,129.35020446397152,99.63534353642598,99.66017127405898,99.61223700646383,99.63492006469744,98.95063756269971,98.92858288186974,98.97364163982432,98.95012529851196,92.70664937820331,16.39716683855791,19.182716057575043,95.52438927877871,95.98969591598583,94.99593071250565,94.6198946477506,95.43937391417955,95.76714103207013,94.99593071250565,95.4039252323872,96.32065273221879,95.87423839825594,95.76714103207013,95.43937391417955,97.36150525983705,96.36623741473946,95.87423839825594,97.23906728877539,97.2230983064959,97.25907974304353,96.36623741473946,96.9078645857323,98.27069906101411,97.87812710827846,97.15651079227744,97.07484222037161,96.4798849323393,96.99702587515765,96.88006571581035,97.94674318868041,97.20449970138596,96.90491394401086,97.01606161237447,98.95433269504069,98.1103740306264,97.87812710827846,97.12264671437252,97.43146688750548,97.77900740304324,98.94442209055501,98.82294717616632,98.67870041108483,98.94442209055501,98.82294717616632,98.80765438261467,98.50201707763495,102.14651722629453
75.00000550215972,-126.74756088073816,74.99999867197056,-126.74715106938795,-125.60390034573288,73.74738295932524,-131.05777907723137,79.2134535784922,-125.60390034573288,-131.05701409604436,73.74738295932524,79.21344674830304,-21.130023480513188,-139.1481381491115,-142.3214030563644,-4.278505201290034,-5.532646180554381,130.3725744996957,129.52574032564084,131.37670793033595,59.12939843728561,130.3725744996957,59.434940119616954,58.67960315968359,132.37672958709587,59.12939843728561,131.37670793033595,116.22105091683292,133.5044074794433,132.37672958709587,116.10816155023096,135.5423583428567,57.88885849909287,133.5044074794433,69.35833071943172,107.66392354726332,57.41701537085005,106.24713740772758,115.9729238046647,69.10318217279672,141.68290331237327,73.74542952522262,116.70580310260708,135.0095626064607,115.82424424681187,79.219470975151,70.66588847376062,112.22002172368784,57.41701537085005,134.81749768699993,116.27573341132805,121.1406585910747,77.53656700517321,87.19861407677578,94.02342105772256,77.53656700517321,87.19861407677578,56.72562947211551,70.35896709321693,54.16244047662273
52.40372823704698,52.740217506507655,129.69265648857763,129.35046401115997,99.6363407440448,99.66017127405898,99.61170425170857,99.63492006469744,81.04856148393456,81.07149725916746,81.02636336913201,81.04987971044437,92.70665620839247,48.65940487366765,51.845192932763766,84.47561573017762,84.0103090929705,85.00407429645068,85.38011036120574,84.56063109477677,84.23285714669703,85.00407429645068,84.59607977656914,83.67935227673753,84.1257666107004,84.23285714669703,84.56063109477677,82.63850657930847,83.6337607640277,84.1257666107004,82.76093772018095,82.77690670246044,82.74092526591281,83.6337607640277,83.09213359303486,81.72930594794222,82.12188473086704,82.84349421667889,82.92516278858473,83.52011324642785,83.00297913379869,77.90017212563883,82.05326182027592,82.79550530757038,83.09509789513464,78.16622165418917,81.04566548372647,81.88962414814075,82.12188473086704,82.87735829458381,82.56853812145086,82.2209976059131,81.05558291840133,81.17704417241167,81.3213045978715,81.05558291840133,81.17704417241167,81.19235062634166,81.49798110113223,77.8534877826618
-104.99999950679661,-105.13392585604223,-104.9999107143374,-105.13391902585305,73.12572646182736,73.10115144119365,81.41461181212306,81.37650618674355,73.1257401222057,81.41461181212306,73.10115827138281,81.37651301693272,150.28866845902252,-106.28107661771337,-105.2403675240677,-18.682947700910624,-21.18948881497461,141.77796588524149,139.92575518611744,143.99290061042825,54.428298759876306,141.77796588524149,55.15229881189766,53.30941473608525,146.20604582605247,54.428298759876306,143.99290061042825,130.6440335380687,148.73163121506974,146.20604582605247,130.22901758372038,153.26892588070922,51.27139215568558,148.73163121506974,67.25705034203398,121.47819287947839,49.9210091152607,117.47400813893675,129.69594863975757,67.06820927186146,159.4420781733234,73.09818713909387,132.58801465888104,152.61959345669445,129.13743041094727,81.38561765909634,68.43975906852421,127.17987087406495,49.9210091152607,152.18646384066724,130.86981227127262,137.7372123118836,78.83913189121883,93.27157432445506,103.11636993749049,78.83913189121883,93.27157432445506,47.80520092549834,68.12732572532032,38.831554959963015
59
2.1049585541277338e-07,2.1211172906987485e-07,2.1674610195532296e-07,2.1831569085861702e-07,8.2708953641486e-07,8.25070117116411e-07,8.287743753498944e-07,8.267974180853344e-07,8.254734211732284e-07,8.271617275568133e-07,8.234501933657157e-07,8.251809049397707e-07,2.9286225071700756e-06,2.540594721267553e-07,2.1679514361494512e-07,1.3368775171329617e-06,1.233567900271737e-06,-1.0,1.5917991049718694e-06,-1.0,-1.0,1.472023427595559e-06,1.3646485967910849e-06,1.167593495665642e-06,-1.0,1.279062416870147e-06,1.352078584204719e-06,9.999208714361885e-07,-1.0,1.2520624750322895e-06,1.0167918844672386e-06,1.0185655128225335e-06,1.017545173453982e-06,1.155404902419832e-06,1.068178335117409e-06,8.906845891942794e-07,-1.0,1.0289139709129813e-06,1.0403382475487888e-06,1.051343247127079e-06,8.242706144301337e-07,9.264791742680245e-07,1.0211955441263854e-06,1.0658862947821035e-06,8.258849675257807e-07,8.254515933003859e-07,9.080195582100714e-07,9.381885206494189e-07,1.032905174724874e-06,9.905309070745716e-07,9.462484058531118e-07,-1.0,-1.0,8.497556791553507e-07,8.258379580183828e-07,8.364056043319579e-07,8.400616593462473e-07,8.690130925970152e-07,6.120473017290351e-07
1.350170532532502e-05,4.366236225905595e-06,2.852572379197227e-06,8.591828191129025e-07,2.704476571580017e-07,6.225287734196172e-07,2.6969644295604667e-07,6.223284003681329e-07,6.731392545589188e-07,6.698318770759215e-07,1.5503653685300378e-06,1.5464904663531343e-06,9.313816917710938e-08,4.022762567501559e-08,1.267465563614678e-07,3.588239150253969e-10,3.5929452746330526e-09,0.0,2.80282574927071e-10,0.0,0.0,3.203958764963488e-10,3.457076014345972e-10,1.1256078014110216e-10,0.0,7.912671406984373e-09,2.4691027000756094e-10,7.894485953841013e-09,0.0,4.212998006014601e-10,6.456713497193789e-10,6.844870892308563e-09,2.581602431828145e-10,4.767327088650575e-10,4.936830805268855e-11,1.1489265538955351e-08,0.0,6.276872355215346e-10,2.485103500760033e-08,6.827032272838096e-10,3.805760329100849e-08,9.172077319874461e-09,4.845411627485419e-09,4.2875586414581335e-10,4.0440443882516774e-08,1.9021131336671715e-08,2.0733506023162818e-09,5.872438091358845e-10,5.956007353979942e-10,6.721258549724496e-10,1.362698287543651e-09,0.0,0.0,4.633631256467652e-09,3.6270868974952464e-08,4.3175159447628175e-08,2.522686237682592e-08,9.799290268119876e-08,7.507986765631358e-08
0.0,3.1364903450012207,-0.07327164709568024,3.062159538269043,-3.1204967498779297,0.025943299755454063,-3.1204702854156494,0.02585081197321415,-0.009570025838911533,-0.009455971419811249,3.136756658554077,3.1367576122283936,-0.004297023173421621,-0.7896350622177124,-0.7865387797355652,2.3694424629211426,2.348895788192749,0.0,2.328597068786621,0.0,0.0,2.378002405166626,2.542386293411255,-0.8432514667510986,0.0,2.352116107940674,2.2617616653442383,2.3515706062316895,0.0,2.306478977203369,2.299875259399414,2.354423999786377,2.3691091537475586,2.4004526138305664,2.9314866065979004,2.353039503097534,0.0,2.3373963832855225,2.3542354106903076,-0.8034188747406006,-0.7848762273788452,2.3558907508850098,2.354003667831421,2.445512294769287,-0.7854528427124023,-0.7900155782699585,-0.795128345489502,2.36826491355896,2.4066052436828613,2.368685245513916,-0.7855380773544312,0.0,0.0,-0.7912201285362244,-0.7851263284683228,2.3550941944122314,2.353518009185791,2.3760733604431152,2.358306407928467
127.59628018700394,127.26072665345956,129.69268380933428,129.35185736975066,99.6344282910772,99.65869595319826,99.61528327083366,99.6383214989041,98.95082197780731,98.93242144818329,98.97225511142281,98.95328767609769,92.70924485008791,16.66403428226136,19.518334477916543,95.5124091269745,95.97568719799813,95.00496022258841,94.62751030867517,95.45024757533822,95.76240771097531,95.00496022258841,95.39989542077689,96.31467631669504,95.88709964446306,95.76240771097531,95.45024757533822,97.37901786486896,96.38156435923698,95.88709964446306,97.25591736545782,97.24321321360159,97.25051468582433,96.38156435923698,96.90511201949678,98.29001483598691,97.86753348487578,97.16997992532072,97.09083852340777,97.01623919729289,96.87988813089193,97.9676094165948,97.2244643443299,96.92003598283327,97.01648508410301,98.95033020418707,98.13067335283968,97.86753348487578,97.14213324407457,97.44936198313091,97.80009902720023,98.94610914728,98.83216110135668,98.692326638479,98.94610914728,98.83216110135668,98.79342026838437,98.49826047359143,102.11203843136431
76.00000666835211,-127.73542480077545,76.00000666835211,-127.73584827250399,-125.80753560564764,73.95226131366894,-131.25922867661174,79.41697955538025,-125.81077311531423,-131.26101818617428,73.95225448347976,79.41697955538025,-21.115056828494396,-141.23667339351798,-144.39049958239303,-4.278504774403211,-5.532646180554381,130.3725744996957,129.52574032564084,131.37670793033595,59.12939843728561,130.3725744996957,59.434940119616954,58.67960315968359,132.37672958709587,59.12939843728561,131.37670793033595,116.22105091683292,133.5044074794433,132.37672958709587,116.10816155023096,135.5423583428567,57.88885849909287,133.5044074794433,69.35833071943172,107.66392354726332,57.41701537085005,106.24713740772758,115.9729238046647,141.68290331237327,73.94905112475904,116.70580310260708,135.0095626064607,115.82424424681187,79.42187680101515,70.66588847376062,112.22002172368784,57.41701537085005,134.81749768699993,116.27573341132805,121.1406585910747,77.53656700517321,87.19861407677578,94.02342105772256,77.53656700517321,87.19861407677578,56.72562947211551,70.35896709321693,54.16244047662273
52.40372823704698,52.7390666196325,129.69265648857763,129.35163880369723,99.63487908356242,99.65870278338743,99.61510568591524,99.6383214989041,81.04991386139022,81.06832805139257,81.02773623715518,81.04671050266948,92.70924485008791,48.64077894780102,51.84154902684156,84.48759588198183,84.02432464114737,84.99504478636793,85.37249470028117,84.54975743361811,84.23759729798103,84.99504478636793,84.60010958817945,83.68533552245047,84.11290536449327,84.23759729798103,84.54975743361811,82.62099397427656,83.61844064971936,84.11290536449327,82.74408764349852,82.75678496516558,82.74949032313201,83.61844064971936,83.09488615927037,81.70999017296943,82.13247152408056,82.83002508363562,82.90916648554855,82.98376581166343,77.90431805046504,82.0324024225507,82.77554066462643,83.07996902612307,78.15688478559376,81.04967480476927,81.86933165611664,82.13247152408056,82.85787859507093,82.55063619563624,82.19990598175609,81.05389586167634,81.16783024722132,81.30767837047733,81.05389586167634,81.16783024722132,81.2065779103828,81.50173770517573,77.88795974740286
-103.99999834060421,-104.14600729449158,-104.00005298211757,-104.1461370680858,72.92140135280643,72.89631406798496,81.21161858999027,81.17300070042302,72.92139452261725,81.21159809942276,72.89628674722829,81.17298704004467,150.27372400511854,-105.40570591330619,-104.2617994914908,-18.66456253921224,-21.157771124016364,141.68090889713562,139.8297363867654,143.89632173556427,54.14917283415998,141.68090889713562,54.89180905733171,53.00171129888159,146.11184385701964,54.14917283415998,143.89632173556427,130.4268335224623,148.64230600110432,146.11184385701964,130.01362073805487,153.19440851686437,50.9152251112261,148.64230600110432,66.88827476836666,121.16903119688692,49.53276067226967,117.19375181691278,129.48320190749,159.4068207368278,72.89143731291757,132.36316483140422,152.54126484729272,128.92755235813112,81.18039096510498,67.93024744700878,126.91371206248789,49.53276067226967,152.10646866510805,130.65156040653406,137.55156777024266,78.32611638265918,92.79352938444588,102.68509130272838,78.32611638265918,92.79352938444588,47.36910700737137,67.65057852125344,38.23998886085363
59
2.104958696236281e-07,2.1210553313721903e-07,2.1674610195532296e-07,2.1830970808878192e-07,8.272737659353879e-07,8.252554835053161e-07,8.285435342259007e-07,8.265687938546762e-07,8.256582759713638e-07,8.269306590591441e-07,8.236361281888094e-07,8.249517122749239e-07,2.9258312679303344e-06,2.5400353820259625e-07,2.16784272311088e-07,1.3397631164480117e-06,1.2364372423689929e-06,-1.0,1.5892076135060051e-06,-1.0,-1.0,1.4693926004838431e-06,1.3657216868523392e-06,1.1687540109051042e-06,-1.0,1.2801702951037441e-06,1.349404442407831e-06,9.975910870707594e-07,-1.0,1.2493492249632254e-06,1.0144738098460948e-06,1.0157559700019192e-06,1.0188002761424286e-06,1.1526523167049163e-06,1.0686699170037173e-06,8.886653404260869e-07,-1.0,1.0270364327880088e-06,1.0380351795902243e-06,1.0484765198270907e-06,8.244547871072427e-07,9.240964118362172e-07,1.0183937320107361e-06,1.0635993703544955e-06,8.256575938503374e-07,8.25892584543908e-07,9.058032901521074e-07,9.395045026394655e-07,1.0301080237695714e-06,9.8819475624623e-07,9.437271728529595e-07,-1.0,-1.0,8.484959153065574e-07,8.257591161964228e-07,8.356101943718386e-07,8.414714329774142e-07,8.694677262610639e-07,6.138209869277489e-07
1.3501703506335616e-05,4.344998160377145e-06,2.8525726065709023e-06,8.561271442886209e-07,2.693974181511294e-07,6.223967830010224e-07,2.6861121682486555e-07,6.224922799447086e-07,6.704052566419705e-07,6.673406574009277e-07,1.5496658534175367e-06,1.5473514167752e-06,9.327182226570585e-08,4.009753951095263e-08,1.2624289524865162e-07,3.570918283291036e-10,3.577161011847352e-09,0.0,2.8165897392185e-10,0.0,0.0,3.2198146926454285e-10,3.377952084715474e-10,1.241840241750225e-10,0.0,7.78614950291967e-09,2.486395811462927e-10,8.00034793968507e-09,0.0,4.243920215252217e-10,6.480683212295446e-10,6.911636596385051e-09,2.591288572606487e-10,4.797288677416134e-10,4.9720286915411194e-11,1.1701876800884747e-08,0.0,6.296423382678995e-10,2.5954514981663124e-08,6.914711025984843e-10,3.8073849850661645e-08,9.304810255628126e-09,4.8877275560244016e-09,4.3238337910089797e-10,4.0409137369579184e-08,1.7653919215376845e-08,2.1336423738915755e-09,5.806797265250907e-10,5.997591312478789e-10,6.755579984307758e-10,1.3970324896916964e-09,0.0,0.0,4.818664134376149e-09,3.232409540032677e-08,4.774892659042962e-08,2.4083826488663362e-08,1.2977832852811844e-07,6.637812077769922e-08
0.0,3.136610746383667,-0.07327163964509964,3.062303304672241,-3.120499849319458,0.025933614000678062,-3.1204495429992676,0.02586269937455654,-0.009563653729856014,-0.009447911754250526,3.1367571353912354,3.1367571353912354,-0.004289388190954924,-0.78879714012146,-0.7865439057350159,2.3852200508117676,2.3520219326019287,0.0,2.3598504066467285,0.0,0.0,2.344644546508789,2.308892011642456,-0.8472594022750854,0.0,2.3522868156433105,2.2899813652038574,2.3524608612060547,0.0,2.424604892730713,2.3531601428985596,2.3514626026153564,2.3257651329040527,2.4004509449005127,2.5398054122924805,2.3516979217529297,0.0,2.3372390270233154,2.353391647338867,-0.8259204030036926,-0.7860687375068665,2.3521127700805664,2.3496475219726562,2.386284351348877,-0.7855224609375,-0.7891756296157837,-0.7947275638580322,2.3527114391326904,2.391050338745117,2.345876693725586,-0.8135804533958435,0.0,0.0,-0.798690676689148,-0.7869150042533875,2.356496572494507,2.352618932723999,2.3960022926330566,2.356797933578491
127.5962665266256,127.2633357857225,129.69268380933428,129.35400204915004,99.63246119659624,99.65650346247469,99.61692251623447,99.6410125934371,98.94621843030671,98.9339240898007,98.97021971505015,98.95579435552308,92.71183349178335,16.95073659531452,19.876108324378272,95.50050410725117,95.96176727246964,95.01394875153615,94.63507132808637,95.46108708555103,95.75739435212452,95.01394875153615,95.39564021292396,96.30837888228028,95.89992673972435,95.75739435212452,95.46108708555103,97.39634605479327,96.3968639829778,95.89992673972435,97.27258985722182,97.26335544146396,97.24153981725493,96.3968639829778,96.90192232115439,98.30898227131203,97.85644125766368,97.18316219041884,97.10665041133636,97.03552082131984,96.8796217535143,97.98828439921243,97.24444264765219,96.93498726692643,97.01680610299401,98.94550809063304,98.150692637297,97.85644125766368,97.16162660396579,97.46707266364875,97.82106770795218,98.94696292092625,98.84064419630583,98.70533131865871,98.94696292092625,98.84064419630583,98.77857826731793,98.49378669968507,102.07651461749107
77.00000783454452,-128.72390343783803,77.00000783454452,-128.72346630573114,-126.01316528080005,74.1568528000675,-131.46407971019877,79.62096315494269,-126.01153969577759,-131.4630688422016,74.1568528000675,79.62096315494269,-21.099116874518877,-143.25615542541567,-146.38808402781166,-4.278505628176857,-5.532646180554381,130.3725744996957,129.52574032564084,131.37670793033595,59.12939843728561,130.3725744996957,59.434940119616954,58.67960315968359,132.37672958709587,59.12939843728561,131.37670793033595,116.22105091683292,133.5044074794433,132.37672958709587,116.10816155023096,135.5423583428567,57.88885849909287,133.5044074794433,69.35833071943172,107.66392354726332,57.41701537085005,106.24713740772758,115.9729238046647,141.68290331237327,74.152413177107,116.70580310260708,135.0095626064607,115.82424424681187,79.62473341936453,70.66588847376062,112.22002172368784,57.41701537085005,134.81749768699993,116.27573341132805,121.1406585910747,77.53656700517321,87.19861407677578,94.02342105772256,77.53656700517321,87.19861407677578,56.72562947211551,70.35896709321693,54.16244047662273
52.40372823704698,52.73779620444689,129.69267014895595,129.3528272566128,99.6327207437847,99.65650346247469,99.61781044082656,99.6410125934371,81.05192876719538,81.06580771158883,81.02978529390619,81.04421065343325,92.71183349178335,48.62037717275019,51.8375772718392,84.49950090170516,84.03823773648669,84.98605625742019,85.36494051105913,84.53892475359447,84.24260382664264,84.98605625742019,84.60435796584319,83.69162612667606,84.10007143904281,84.24260382664264,84.53892475359447,82.60365895416305,83.60314102597853,84.10007143904281,82.72742198192368,82.73664273730321,82.7584651917014,83.60314102597853,83.09808268780195,81.69101590745512,82.14357058148182,82.8168428185375,82.89335459761998,82.96448418763649,77.91045156033971,82.01172743993307,82.75556236130414,83.06501091184074,78.14947403034431,81.05449008813413,81.84930554147017,82.14357058148182,82.83837840499055,82.53292551511841,82.17893730100415,81.05303525784092,81.1593608126505,81.29467369029763,81.05303525784092,81.1593608126505,81.22142674163841,81.50621830927126,77.92349039146526
-102.99999717441182,-103.15804092161675,-103.00005864611434,-103.15812288388678,72.71731530040644,72.6917225815864,81.00814042442641,80.96901710086058,72.71730847021728,81.00812676404809,72.69169526082972,80.96899661029308,150.2577686832174,-104.52968634092787,-103.28308802494134,-18.64196998098513,-21.12165479123263,141.57926202190748,139.72955117201965,143.79464753957947,53.873062436962215,141.57926202190748,54.63397283125831,52.69766542797847,146.0120411328674,53.873062436962215,143.79464753957947,130.2018607515804,148.54686093764255,146.0120411328674,129.79064238241062,153.11296534120115,50.563999708631115,148.54686093764255,66.52129553445104,120.85092196648274,49.150430588194446,116.90670628685383,129.26314687281052,159.36532050743082,72.68497435468643,132.1295450410331,152.4559967656943,128.71063921046985,80.97469981825004,67.4232698256754,126.63857838234144,49.150430588194446,152.0196159796222,130.4254128431149,137.35746745440926,77.81236321366916,92.3105120667209,102.2466751202836,77.81236321366916,92.3105120667209,46.9406868067769,67.17620822301771,37.66549823466927
60
2.1049585541277338e-07,2.120989535114859e-07,2.1674610195532296e-07,2.183032421498865e-07,8.275180221062328e-07,8.255011607616325e-07,8.283732313429937e-07,8.264003099611728e-07,8.259029300461407e-07,8.267598445854674e-07,8.23882146505639e-07,8.247828304774885e-07,2.923054807979497e-06,2.5394285785296233e-07,2.1677251993423852e-07,1.342644168289553e-06,1.2392997632559855e-06,-1.0,1.5866415878917906e-06,-1.0,-1.0,1.4667857612948865e-06,1.366853780382371e-06,1.1699746664817212e-06,-1.0,1.2813372904929565e-06,1.346752469544299e-06,9.952983646144276e-07,-1.0,1.246656097464438e-06,1.0121931381945615e-06,1.0129596148544806e-06,1.0201162012890563e-06,1.1499172387630097e-06,1.0692293699321453e-06,8.866941811902507e-07,-1.0,1.0252088031847961e-06,1.0357698556617834e-06,1.1394440662115812e-06,1.0456168411110411e-06,8.24698872747831e-07,9.217495744451298e-07,1.015605789689289e-06,1.0613507583911996e-06,8.254900194515358e-07,8.264082111963944e-07,9.036286883201683e-07,9.408822734258138e-07,1.0273254247294972e-06,9.858956673269859e-07,9.412361237082223e-07,-1.0,-1.0,8.473016350762919e-07,8.257564445557364e-07,8.348868050234159e-07,8.429432227785583e-07,8.699954037183488e-07,6.156550966807117e-07
1.350170532532502e-05,4.333713604864897e-06,2.8525726065709023e-06,8.553914199183055e-07,2.6833058086594974e-07,6.222218758011877e-07,2.675261328022316e-07,6.226126174624369e-07,6.675634836028621e-07,6.647958343819482e-07,1.5487402151848073e-06,1.5479865851375507e-06,9.341589191080857e-08,3.99554664909374e-08,1.256927362192073e-07,3.5546074417247553e-10,3.562037775850513e-09,0.0,2.8305682797657994e-10,0.0,0.0,3.23570448212962e-10,3.349041322042723e-10,1.3657051878279702e-10,0.0,7.663042644878715e-09,2.5078625287555667e-10,8.109153348812015e-09,0.0,4.259455843591553e-10,6.518384720877179e-10,6.980553912683263e-09,2.6000018804595015e-10,4.821831267598498e-10,5.6759826005947644e-11,1.1923539489089308e-08,0.0,6.313751743647344e-10,2.7187525120098144e-08,3.576896556722886e-10,6.998339685537758e-10,3.80947220435246e-08,9.441953885414023e-09,4.931026253984783e-09,4.37567287958629e-10,4.038537682049537e-08,1.643843106080567e-08,2.1968002972272416e-09,5.740843911361537e-10,6.034789890030368e-10,6.788251072364915e-10,1.4329258890555252e-09,0.0,0.0,5.013434112299819e-09,2.9072717566691608e-08,5.353210852376833e-08,2.3055791942283577e-08,1.914830392024669e-07,5.967629590486467e-08
0.0,3.1367311477661133,-0.07327165454626083,3.062445878982544,-3.1205060482025146,0.02592075616121292,-3.120431661605835,0.025871481746435165,-0.009556999430060387,-0.009439613670110703,3.1367576122283936,3.1367568969726562,-0.0042817541398108006,-0.7883139252662659,-0.7865071296691895,2.393325090408325,2.3612563610076904,0.0,2.3286256790161133,0.0,0.0,2.3613829612731934,2.3981666564941406,-0.9122481346130371,0.0,2.354243040084839,2.3900959491729736,2.3560187816619873,0.0,2.3378920555114746,2.407116174697876,2.3527324199676514,2.3261308670043945,2.353842258453369,2.203826427459717,2.354522466659546,0.0,2.361149311065674,2.3542561531066895,2.3368301391601562,-0.8024725914001465,-0.7860087156295776,2.351271629333496,2.349648952484131,2.3354673385620117,-0.7849499583244324,-0.7906430959701538,-0.7876296639442444,2.360567331314087,2.3841261863708496,2.35294771194458,-0.8198584318161011,0.0,0.0,-0.7919380068778992,-0.7861200571060181,2.3577816486358643,2.3525078296661377,2.4469525814056396,2.356036901473999
127.59628018700394,127.26303525739903,129.69268380933428,129.35516318130894,99.62997500773835,99.65360063207743,99.61939504471401,99.6429933482964,98.94516658117453,98.9356316370932,98.967521790328,98.95764533678815,92.71441530328961,17.256194607828537,20.254792794984,95.48866055923037,95.94794296958955,95.02287580878135,94.64258453617339,95.47187195425049,95.75213510646361,95.02287580878135,95.39115960882845,96.30177408935288,95.91271285385062,95.75213510646361,95.47187195425049,97.41347616923167,96.41214311615111,95.91271285385062,97.28906427349989,97.28351815989383,97.23214830714616,96.41214311615111,96.89829549070511,98.32758770661115,97.8448640870205,97.19603709700431,97.12227788415734,96.47133353549845,97.05485708686015,96.87927341386663,98.00875447615496,97.26444144154199,96.94975413591199,97.0170588199933,98.93988001475695,98.17045237456584,97.8448640870205,97.18112679404618,97.48458526868068,97.84189978492071,98.94700390206127,98.84836231006794,98.71769396105643,98.94700390206127,98.84836231006794,98.76312837941536,98.48860258610503,102.04000042618819
78.00000217054775,-129.71104335782329,78.00000900073691,-129.71190396165872,-126.21629510671623,74.36106179587254,-131.6665128568196,79.82529509415278,-126.21629510671623,-131.6665128568196,74.36106862606171,79.82529509415278,-21.08218654311371,-145.2054231126456,-148.31217563776093,-4.278505201290034,-5.532646180554381,130.3725744996957,129.52574032564084,131.37670793033595,59.12939843728561,130.3725744996957,59.434940119616954,58.67960315968359,132.37672958709587,59.12939843728561,131.37670793033595,116.22105091683292,133.5044074794433,132.37672958709587,116.10816155023096,135.5423583428567,57.88885849909287,133.5044074794433,69.35833071943172,107.66393037745249,57.41701537085005,106.24713740772758,115.9729238046647,69.10318217279672,141.68290331237327,74.3553995690506,116.70580310260708,135.0095626064607,115.82424424681187,79.82792471698323,70.66588847376062,112.22002172368784,57.41701537085005,134.81749768699993,116.27573341132805,121.1406585910747,77.53656700517321,87.19861407677578,94.02342105772256,77.53656700517321,87.19861407677578,56.72562947211551,70.35896709321693,54.16244047662273
52.40372823704698,52.736430166612884,129.69264282819927,129.35432989823022,99.62984523414413,99.65360063207743,99.6198048560642,99.6429933482964,81.05460620135001,81.06394990013459,81.03249004881752,81.04235284197901,92.71441530328961,48.59822686927184,51.83328449794585,84.51133761953679,84.05205520917762,84.9771223699858,85.35742047278295,84.52813988489503,84.24786990249272,84.9771223699858,84.60884540012789,83.69823091960345,84.08728532491655,84.24786990249272,84.52813988489503,82.58652883972466,83.58785506261604,84.08728532491655,82.71094073545645,82.7164868490625,82.76786353199934,83.58785506261604,83.10170951825121,81.67241730234518,82.15514092193582,82.8039747421412,82.877727124799,83.52867147345789,82.94514792209618,77.91857265526285,81.99124370261221,82.73557039760351,83.05024404285517,78.14402353938664,81.06011816401022,81.82955946457966,82.15514092193582,82.81887821491016,82.51541974027566,82.15810522403562,81.05300793708423,81.1516426988884,81.2823110478999,81.05300793708423,81.1516426988884,81.23687662954097,81.51140925304047,77.96001141295731
-102.00000283840859,-102.17002673741771,-102.00010529124614,-102.16997209590436,72.51361173859998,72.487458944268,80.80428659845822,80.76464418051546,72.51359124803247,80.80430025883656,72.48748626502469,80.76466467108298,150.24082981407577,-103.65296325906503,-102.30422629423013,-18.615233205479118,-21.081213241156984,141.47299793880043,139.62518588150186,143.6878370413388,53.60012466263392,141.47299793880043,54.37892332236628,52.39743421772681,145.9066103328391,53.60012466263392,143.6878370413388,129.96910156504472,148.44525504354945,145.9066103328391,129.56008251678767,153.02450073107113,50.217903778102816,148.44525504354945,66.15635852709725,120.52390616940087,48.774257919655994,116.61295351102991,129.0357971960975,66.04857814199445,159.31749552286237,72.47890754742714,131.88712796701103,152.36369358925074,128.48671828872017,80.7686466713691,66.91929065738768,126.35449715438226,48.774257919655994,151.92579650118287,130.19136958101527,137.15487038324832,77.29835732767984,91.82293218263038,101.8014082581013,77.29835732767984,91.82293218263038,46.520203285997994,66.70462464196335,37.10825725123378
60
2.104958696236281e-07,2.1209181966241886e-07,2.1674610195532296e-07,2.1829634988534963e-07,8.278223049273947e-07,8.258067509814282e-07,8.282629551104037e-07,8.262917390311486e-07,8.262078381449101e-07,8.266493978226208e-07,8.241883051596233e-07,8.246744300777209e-07,2.9202935820649145e-06,2.5387754476469127e-07,2.1675994332781556e-07,1.345519535789208e-06,1.2421548944985261e-06,-1.0,1.5841022786844405e-06,-1.0,-1.0,1.464204160583904e-06,1.368043854199641e-06,1.171254211840278e-06,-1.0,1.2825629482904333e-06,1.3441234614219866e-06,9.930441819960834e-07,-1.0,1.2439840020306292e-06,1.0099510063810158e-06,1.010177584248595e-06,1.0214919257123256e-06,1.147200919149327e-06,1.0698560117816669e-06,8.847723620419856e-07,-1.0,1.0234322189717204e-06,1.0335438673791941e-06,1.1400760513424757e-06,1.0427652341604698e-06,8.250024166045478e-07,9.194395715894643e-07,1.0128327403435833e-06,1.0591414820737555e-06,8.253823580162134e-07,8.269978479802376e-07,9.014974011734012e-07,9.423201845493168e-07,1.0245580597256776e-06,9.83634777185216e-07,9.387761110701831e-07,-1.0,-1.0,8.461738616460934e-07,8.258296020358102e-07,8.342359478774597e-07,8.444756076642079e-07,8.705953860044247e-07,6.175475846248446e-07
1.3501701687346213e-05,4.331320724304533e-06,2.852572379197227e-06,8.567926101932244e-07,2.672512380286207e-07,6.220039381332754e-07,2.6644670469977427e-07,6.226904361028573e-07,6.646399697274319e-07,6.622078672080534e-07,1.5475884538318496e-06,1.5483941524507827e-06,9.356952546113462e-08,3.9801456352961395e-08,1.2509603664057067e-07,3.534322001730317e-10,3.5477456528099083e-09,0.0,2.8470453772300175e-10,0.0,0.0,3.2543770456250343e-10,3.321875829964682e-10,1.4689471861117909e-10,0.0,7.543019542310958e-09,2.530338716333347e-10,8.221169522926175e-09,0.0,4.285913568491395e-10,6.542690833555298e-10,7.051679240532849e-09,2.6108684658687764e-10,4.851469226352378e-10,6.449872580471805e-11,1.2154963258126372e-08,0.0,6.330791446629291e-10,2.8573786892138742e-08,3.5534680753457337e-10,7.097835097447103e-10,3.8120916201478394e-08,9.583451365813289e-09,4.9751878172799024e-09,4.4347192584837103e-10,4.037065437501042e-08,1.535259031015812e-08,2.2628938722846215e-09,5.673973513253827e-10,6.075741576516691e-10,6.826300080753356e-10,1.4690776373171843e-09,0.0,0.0,5.219749965590381e-09,2.6345654546844344e-08,6.108130889970198e-08,2.2125840715148115e-08,3.4124903436349996e-07,5.4354412526436136e-08
0.0,3.136850595474243,-0.07327164709568024,3.0625855922698975,-3.1205151081085205,0.02590479888021946,-3.1204168796539307,0.025877131149172783,-0.009550122544169426,-0.009431111626327038,3.1367580890655518,3.136756658554077,-0.004274177365005016,-0.7890111207962036,-0.7865737676620483,2.3853108882904053,2.3529341220855713,0.0,2.3954694271087646,0.0,0.0,2.312375068664551,2.382584810256958,-0.7837963700294495,0.0,2.3564257621765137,2.3463358879089355,2.354980230331421,0.0,2.3140363693237305,2.3609230518341064,2.353468894958496,2.2990806102752686,2.353910207748413,2.1554718017578125,2.353019952774048,0.0,2.337059497833252,2.3551554679870605,2.36012601852417,-0.819083034992218,-0.7871758937835693,2.3535401821136475,2.3547797203063965,2.302774667739868,-0.786344587802887,-0.7914764285087585,-0.787696123123169,2.360542058944702,2.376368522644043,2.398862838745117,-0.7978524565696716,0.0,0.0,-0.7934867143630981,-0.7881332039833069,2.3601162433624268,2.352480411529541,2.614025115966797,2.355081081390381
127.5962665266256,127.26574001231035,129.69268380933428,129.35688438897978,99.62603398858725,99.64999429219566,99.62013270514437,99.64427742386036,98.94265307155997,98.93707963719724,98.96416133725634,98.95882695951457,92.71698345441754,17.579202791414904,20.653105521717045,95.4768989734796,95.93422794973615,95.03175505470237,94.65003627255787,95.48260218143658,95.74662314380342,95.03175505470237,95.3864536084903,96.29485510772366,95.92547164722019,95.74662314380342,95.48260218143658,97.43040137799495,96.42739492856775,95.92547164722019,97.30533378410286,97.30368770851288,97.22235381587637,96.42739492856775,96.89423835833813,98.34581065131675,97.8328156333246,97.20858415450962,97.13770045130323,96.46773402580585,97.07425482410298,96.87884311194892,98.02901281723321,97.28443340524261,96.9643297596008,97.0172159143442,98.93345963693713,98.18989792313286,97.8328156333246,97.20062698412656,97.50188613784832,97.86257476753835,98.9461979397392,98.85532227283218,98.72940773548301,98.9461979397392,98.85532227283218,98.74709792543334,98.48270130266214,102.002550498969
79.00000333674014,-130.700450900613,78.99999650655097,-130.69941271185917,-126.41917904582229,74.56479950862486,-131.87053060732788,80.029872920173,-126.42081829122309,-131.87053060732788,74.56479950862486,80.029872920173,-21.064267541826183,-147.08402566272258,-150.16420875196656,-4.278505201290034,-5.532646607441205,130.3725744996957,129.52574032564084,131.37670793033595,59.12939843728561,130.3725744996957,59.434940119616954,58.67960315968359,132.37672958709587,59.12939843728561,131.37670793033595,116.22105091683292,133.5044074794433,132.37672958709587,116.10816155023096,135.5423583428567,57.88885849909287,133.5044074794433,69.35833071943172,107.66392354726332,57.41701537085005,106.24713740772758,115.9729238046647,69.10318217279672,141.68290331237327,74.55791467794148,116.70580310260708,135.0095626064607,115.82424424681187,80.03135507122289,70.66588847376062,112.22002172368784,57.41701537085005,134.81749768699993,116.27573341132805,121.1406585910747,77.53656700517321,87.19861407677578,94.02342105772256,77.53656700517321,87.19861407677578,56.72562947211551,70.35896709321693,54.16244047662273
52.40372823704698,52.73497533631967,129.69268380933428,129.35572325682088,99.62626621501904,99.64999429219566,99.62110942219567,99.6442705936712,81.05793250347581,81.06274778684067,81.0358436717,81.0411712192526,92.71698345441754,48.57430413170387,51.82868436553985,84.52310603547673,84.06577705922018,84.9682431240648,85.34996873639847,84.51740282751976,84.25338186515292,84.9682431240648,84.61355140046604,83.70514990123267,84.07454019192531,84.25338186515292,84.51740282751976,82.56960363096138,83.57261008038857,84.07454019192531,82.69467122485348,82.69631730044345,82.7776443628908,83.57261008038857,83.10576665061821,81.65420801801793,82.16718937563174,82.79141402425753,82.86231138784227,83.53227781333965,82.92575701504252,77.92866767485613,81.97099219172311,82.71557160371371,83.03567524935553,78.14049916177491,81.0665453720192,81.81010708582346,82.16718937563174,82.79937802482978,82.49811204091885,82.13743024141799,81.05380706921713,81.14468273612414,81.27059727347333,81.05380706921713,81.14468273612414,81.25290025333383,81.51730370629419,77.99745450998734
-101.00000167221619,-101.18197157208367,-100.9999333703245,-101.18193059094865,72.31034530890041,72.28374855227237,80.60022103662575,80.56008684506276,72.31036579946792,80.60023469700408,72.28374855227237,80.56008684506276,150.22290739769363,-102.77546836582599,-101.32519380878966,-18.58441709949131,-21.036519898323004,141.36211664781445,139.51665417559036,143.57587658046396,53.330502945147664,141.36211664781445,54.126790304249845,52.10119183795043,145.79552413617802,53.330502945147664,143.57587658046396,129.72856962323354,148.33743367731162,145.79552413617802,129.32195480156435,152.92893272420432,49.87713881022171,148.33743367731162,65.79372329349377,120.1880794282897,48.404437327045656,116.31260277246778,128.80116653772922,65.71257381596484,159.26325016047414,72.27333934397727,131.6358999489596,152.26427335569204,128.2557759325037,80.56233397729969,66.41875390444163,126.06146837861039,48.404437327045656,151.82494192789846,129.94941695985673,136.94373557562488,76.78457000774398,91.33119271333531,101.34959807469413,76.78457000774398,91.33119271333531,46.107871595993494,66.23621709887304,36.56840251433056
63
2.104958696236281e-07,2.1208421685514622e-07,2.1674610195532296e-07,2.18288946030043e-07,8.281866712422925e-07,8.261722541647032e-07,8.282128192149685e-07,8.262438768724678e-07,8.748389745960594e-07,8.727982958589564e-07,8.265728865808342e-07,8.265993756140233e-07,8.733114782444318e-07,8.245546041507623e-07,8.246263405453647e-07,8.712672752153594e-07,2.9175484996812884e-06,2.5380762735949247e-07,2.1674655670267384e-07,1.348388423139113e-06,1.2450016129150754e-06,-1.0,1.5815908227523323e-06,-1.0,-1.0,1.461648480471922e-06,1.369291453556798e-06,1.1725923059202614e-06,-1.0,1.2838462453146349e-06,1.3415187822829466e-06,9.908297897709417e-07,-1.0,1.2413343029038515e-06,1.0077491197080235e-06,1.0074110150526394e-06,1.0229267672912101e-06,1.1445046084190835e-06,1.0705496151786065e-06,8.829013040667633e-07,-1.0,1.0217080443908344e-06,1.0313580105503206e-06,1.0399229495305917e-06,8.253656460510683e-07,9.171682222586242e-07,1.010075834528834e-06,1.0569729056442156e-06,8.253346095443703e-07,8.276607559309923e-07,8.994105655801832e-07,9.438173265152727e-07,1.0218076340606785e-06,9.814136774366489e-07,9.363487833979889e-07,-1.0,-1.0,8.451137318843394e-07,8.259786454800633e-07,8.336585324286716e-07,8.460675644528237e-07,8.712672752153594e-07,6.194965180839063e-07
1.3501701687346213e-05,4.337920927355299e-06,2.8525726065709023e-06,8.601805348007474e-07,2.6616166337589675e-07,6.217429131538665e-07,2.6537495045886317e-07,6.227245421541738e-07,2.68587342588944e-07,6.197162178978033e-07,6.616507448597986e-07,6.595903414563509e-07,6.321322985058941e-07,1.546212047287554e-06,1.5485750282095978e-06,1.4588582644137205e-06,9.37342647944206e-08,3.9635271065208144e-08,1.244531944166738e-07,3.515341073789813e-10,3.5341412019107565e-09,0.0,2.8646804373089196e-10,0.0,0.0,3.268914583465232e-10,3.29853977465433e-10,1.5848500289905587e-10,0.0,7.4266299776581945e-09,2.5572305384358174e-10,8.336455081803251e-09,0.0,4.312328549804789e-10,6.578665945333739e-10,7.125018353093537e-09,2.614682637069876e-10,4.881337556383869e-10,7.468588247849794e-11,1.2396530912894832e-08,0.0,6.345715064526303e-10,3.014305249848803e-08,7.195765094891726e-10,3.8151984682599505e-08,9.729809846703574e-09,5.020696747237707e-09,4.4836617751897734e-10,4.036350276237499e-08,1.4380150403781045e-08,2.332163795415454e-09,5.616665466057214e-10,6.11724670918079e-10,6.850893741194852e-10,1.5079366644243919e-09,0.0,0.0,5.438236083676884e-09,2.4027727363318263e-08,7.135231783195195e-08,2.1280058604133956e-08,7.028235131656402e-07,5.002473812965036e-08
0.0,3.1369681358337402,-0.07327163964509964,3.0627222061157227,-3.1205270290374756,0.025885723531246185,-3.1204049587249756,0.02587963454425335,-3.122879981994629,0.023585977032780647,-0.009543068706989288,-0.009422446601092815,-0.00960080511868,3.136758804321289,3.136756658554077,3.136768341064453,-0.004266568459570408,-0.7886658906936646,-0.7865997552871704,2.3616294860839844,2.3550240993499756,0.0,2.4283721446990967,0.0,0.0,2.3535919189453125,2.4049971103668213,-0.8599881529808044,0.0,2.358936309814453,2.3976118564605713,2.3549606800079346,0.0,2.401134490966797,2.3995213508605957,2.3555784225463867,2.3265416622161865,2.34602689743042,2.000762701034546,2.3527610301971436,0.0,2.3610849380493164,2.354541301727295,-0.7828044295310974,-0.785401463508606,2.353532552719116,2.3503615856170654,2.3685929775238037,-0.7855061888694763,-0.7889807224273682,-0.7877504825592041,2.4141926765441895,2.3842267990112305,2.360872507095337,-0.797705352306366,0.0,0.0,-0.7966477870941162,-0.7876836061477661,2.3634018898010254,2.3524186611175537,-0.040872905403375626,2.3548731803894043
127.5962665266256,127.26724265392775,129.69268380933428,129.35868755892068,99.62170364865347,99.64567761264021,99.62123236560073,99.64483066918314,99.10413923410658,99.12587289604556,98.93787876933013,98.93644442960444,98.45567424411641,98.9601383558352,98.95935971426982,98.47611700030225,92.7195447753563,17.918789551664183,21.06974364599324,95.46521251980973,95.92060855253115,95.04057965911002,94.65744019761816,95.49328459729847,95.74085846414393,95.04057965911002,95.38152904209872,96.28764242796012,95.93816213869809,95.74085846414393,95.49328459729847,97.44710119051564,96.4425989296602,95.93816213869809,97.32138472865239,97.32385042694276,97.21217000382389,96.4425989296602,96.88975092405343,98.36361695448296,97.82031638714348,97.22082385350228,97.15290445239567,97.09368671229167,96.878324017572,98.04902527150135,97.30442536894324,96.978679987047,97.01728421623591,98.9262469571736,98.20902928299807,97.82031638714348,97.22011351382861,97.51896161077335,97.8830858256159,98.94457235471674,98.86150359403105,98.74044532118174,98.94457235471674,98.86150359403105,98.73051422612855,98.47611017011307,101.96422630753607
79.99999767274336,-131.68779572627335,79.99999767274336,-131.68824651875858,-126.62403007940931,74.76794299491937,-132.07494450880802,80.23458734997662,-122.2353193489743,70.3675594711928,-126.62290992838543,-132.07413854648595,-122.23383036773524,74.76794299491937,80.23458734997662,70.3675594711928,-21.04537694612922,-148.89224994359176,-151.94397846475346,-4.278505201290034,-5.532646607441205,130.3725744996957,129.52574032564084,131.37670793033595,59.12939843728561,130.3725744996957,59.434940119616954,58.67960315968359,132.37672958709587,59.12939843728561,131.37670793033595,116.22105091683292,133.5044074794433,132.37672958709587,116.10816155023096,135.5423583428567,57.88885849909287,133.5044074794433,69.35833071943172,107.66392354726332,57.41701537085005,106.24713740772758,115.9729238046647,141.68290331237327,74.75984922075291,116.70580310260708,135.0095626064607,115.82424424681187,80.23492202924595,70.66588847376062,112.22002172368784,57.41701537085005,134.81749768699993,116.27573341132805,121.1406585910747,77.53656700517321,87.19861407677578,94.02342105772256,77.53656700517321,87.19861407677578,56.72562947211551,70.35896709321693,54.16244389171732
52.40372823704698,52.733411222999734,129.69272479046933,129.3573625022217,99.62200417697694,99.64568444282938,99.62168998827512,99.6448374993723,99.10439878129505,99.12587289604556,81.06191450376193,81.06220137170708,81.54387997235472,81.03985982293196,81.04063846449733,81.52388800865408,92.7195447753563,48.548622620424624,51.82376321424285,84.53479248914661,84.07939645642519,84.95942534984631,85.34256481133818,84.50671358146869,84.25914654481241,84.95942534984631,84.61847596685762,83.71236258099621,84.06184287025825,84.25914654481241,84.50671358146869,82.5529038184407,83.55740607929613,84.06184287025825,82.67862028030395,82.67615458201358,82.78783500513245,83.55740607929613,83.1102540849029,81.63638805447336,82.17968862181286,82.77919481583238,82.84710738674983,82.90632512685383,77.94070929836286,81.95097290726581,82.6955796400131,83.02131819172017,78.13894870883331,81.0737648819719,81.79097572595826,82.17968862181286,82.77989832531689,82.48104339818299,82.11691918334044,81.0554326542396,81.13850141492529,81.25955968777458,81.0554326542396,81.13850141492529,81.26949078282779,81.52388800865408,78.0357718712311
-100.00000733621296,-100.1938549350471,-99.9999526946996,-100.19383444447959,72.10769359622613,72.08061189616703,80.39601887100987,80.35536558506996,65.79913280331641,65.78398344373733,72.10771408679364,80.39602570119905,65.79913963350559,72.08060506597785,80.3553792454483,65.7839902739265,150.2040150944494,-101.89714701969737,-100.34598373843079,-18.54957801208237,-20.987641357075102,141.2466044885712,139.40394239390682,143.45875249657658,53.06433047319227,141.2466044885712,53.877703550503234,51.80908172262191,145.67874156174915,53.06433047319227,143.45875249657658,129.48025126576857,148.2233285370374,145.67874156174915,129.07628655749733,152.8261656979523,49.54188238990622,148.2233285370374,65.43364255063986,119.84351004504089,48.04118054622769,116.00576335419413,128.55926855808403,159.20248879761772,72.06837902736353,131.3758336661222,152.15762678199147,128.01788044371216,80.35589150963605,65.92208986875498,125.75956035691748,48.04118054622769,151.71694297674225,129.699582300396,136.72400839002557,76.27148619729262,90.8357034701859,100.89154509838556,76.27148619729262,90.8357034701859,45.70390347262767,65.77137491452949,36.04601257113506
56
2.1049585541277338e-07,2.1207613087881327e-07,2.1674610195532296e-07,2.1828115848165908e-07,8.286106663035753e-07,8.265976703114575e-07,8.2822322156062e-07,8.262563255811983e-07,8.269977342933998e-07,8.266096074294182e-07,8.249807592619618e-07,8.246387892540952e-07,2.5373310563736595e-07,2.167323032153945e-07,1.3512501482182415e-06,1.247839236384607e-06,-1.0,1.57910801590333e-06,-1.0,-1.0,1.459120198887831e-06,1.3705956689591403e-06,1.173987925540132e-06,-1.0,1.2851866131313727e-06,1.3389394553087186e-06,9.886564384942176e-07,-1.0,1.238707795891969e-06,1.0055885013571242e-06,1.004661157821829e-06,1.0244192480968195e-06,1.1418292160669807e-06,1.0713093843151e-06,8.81082485193474e-07,1.0200374163105153e-06,1.0292139904777287e-06,1.0370907830292708e-06,8.257881063400418e-07,9.149366064775677e-07,1.0073363228002563e-06,1.0548461659709574e-06,8.25347001409682e-07,8.283965371447266e-07,8.973697731562424e-07,1.0190746024818509e-06,9.792333912628237e-07,9.339553912468546e-07,-1.0,-1.0,8.44122325815988e-07,8.262035180450766e-07,8.33154842894146e-07,8.477175583720964e-07,8.720105597603833e-07,6.214999075382366e-07
1.3501707144314423e-05,4.352820269559743e-06,2.852573516065604e-06,8.654338330416067e-07,2.65071378180437e-07,6.214388577063801e-07,2.6431581545693916e-07,6.227156745808315e-07,6.586024596799689e-07,6.569450192728254e-07,1.54461201873346e-06,1.5485283029192942e-06,3.945734405874646e-08,1.2376446534290153e-07,3.506638035499776e-10,3.5212781579474495e-09,0.0,2.873458970764631e-10,0.0,0.0,3.2855448917068486e-10,3.265998305135298e-10,1.690929202213809e-10,0.0,7.313439187583981e-09,2.5847396445399795e-10,8.455071309754203e-09,0.0,4.332678382734656e-10,6.601476587597688e-10,7.201061524853003e-09,2.625738793060606e-10,4.910583606410057e-10,7.837887283645983e-11,1.2649200797909543e-08,6.362970705886539e-10,3.1933801381001103e-08,7.305022142745088e-10,3.818873040017934e-08,9.881105711428972e-09,5.0669184403773215e-09,4.5398165782195576e-10,4.0365030429256876e-08,1.3492070571885506e-08,2.4047182023423375e-09,6.158354382002074e-10,6.880664926711688e-10,1.5487184867879478e-09,0.0,0.0,5.669223313020666e-09,2.2042224046003867e-08,8.612531843255056e-08,2.050771819028796e-08,3.1428928082277707e-07,4.643266393600243e-08
0.0,3.1370835304260254,-0.07327164709568024,3.062854290008545,-3.120542287826538,0.025863565504550934,-3.120396375656128,0.02587898075580597,-0.009535850957036018,-0.009413563646376133,3.1367595195770264,3.136756658554077,-0.7890110015869141,-0.7866677641868591,2.2826592922210693,2.3559305667877197,0.0,2.311323404312134,0.0,0.0,2.336761236190796,2.368265390396118,-0.7758976221084595,0.0,2.3581202030181885,2.3063619136810303,2.351449489593506,0.0,2.369396686553955,2.3376784324645996,2.357863426208496,2.4226574897766113,2.3460166454315186,2.5424375534057617,2.3528387546539307,2.3206160068511963,2.3549630641937256,-0.8013610243797302,-0.7862289547920227,2.3525497913360596,2.3552050590515137,2.328129768371582,-0.7852591872215271,-0.7914311289787292,-0.7896831631660461,2.384215831756592,2.368645191192627,-0.7947233319282532,0.0,0.0,-0.7962018251419067,-0.7908410429954529,2.368373394012451,2.352264642715454,-0.5460197925567627,2.354010581970215
127.59628018700394,127.26858137100507,129.69268380933428,129.35930227594596,99.61546085575208,99.64067108397859,99.62092500708809,99.64468723521057,98.93266050480425,98.93731186362902,98.95547333663208,98.95922311048642,18.27373057716765,21.503172082796617,95.4536011982207,95.90709843835286,95.0493291314368,94.66477582078676,95.50389871126868,95.73485472786348,95.0493291314368,95.37639273984287,96.28014288025145,95.9507979886626,95.73485472786348,95.50389871126868,97.46356877660455,96.45775511942847,95.9507979886626,97.33720344677013,97.34400631518346,97.20160370117787,96.45775511942847,96.88483318785102,98.38100661610983,97.2327083826581,97.16787622705635,97.11315275142621,96.87772296092504,98.06879183895937,97.32439684207635,96.9928253088181,97.01727055585756,98.91824880565552,98.22783279378312,97.23957955296314,97.5358048572666,97.90341929877502,98.9421203168047,98.86690627366453,98.75078622758514,98.9421203168047,98.86690627366453,98.71338411169015,98.46883601864701,101.92509615378106
80.99999883893577,-132.67675247657786,81.00000566912493,-132.67628802371428,-126.82307545220182,74.97039663210772,-132.2791261838564,80.43932910053692,-126.82307545220182,-132.2791261838564,74.97038980191854,80.43932910053692,-150.63061504963005,-153.6532879460625,-4.278505201290034,-5.532646180554381,130.3725744996957,129.52574032564084,131.37670793033595,59.12939843728561,130.3725744996957,59.434940119616954,58.67960315968359,132.37672958709587,59.12939843728561,131.37670793033595,116.22105091683292,133.5044074794433,132.37672958709587,116.10816155023096,135.5423583428567,57.88885849909287,133.5044074794433,69.35833071943172,107.66392354726332,106.24713740772758,115.9729238046647,141.68290331237327,74.9611075748365,116.70580310260708,135.0095626064607,115.82424424681187,80.43852313821486,70.66588847376062,112.22002172368784,134.81749768699993,116.27573341132805,121.1406585910747,77.53656700517321,87.19861407677578,94.02342105772256,77.53656700517321,87.19861407677578,56.72562947211551,70.35896709321693,54.16244047662273
52.40372823704698,52.731751487031424,129.69264282819927,129.35908370989253,99.61703179926118,99.64067791416777,99.62156704487006,99.64468723521057,81.0665453720192,81.06231065473379,81.04451801194591,81.04078189846992,48.521175505244926,51.81852445914945,84.5464106409248,84.09290657060347,84.95066904733035,85.33522235798041,84.49610629768766,84.26515028109286,84.95066904733035,84.62360543892429,83.71986895889405,84.04920702029372,84.26515028109286,84.49610629768766,82.53643623235179,83.5422430593387,84.04920702029372,82.66280839237537,82.65599869377287,82.79840130777846,83.5422430593387,83.11516499091614,81.6189983928465,82.76729662629822,82.83212878189998,82.88684542734096,77.95470435597223,81.93121316999697,82.6756013366908,83.00717970013824,78.13935168999434,81.08174937311165,81.77217904536239,82.76042545599319,82.46420015168974,82.09659254037048,81.05788469215162,81.13309873529181,81.24921195118202,81.05788469215162,81.13309873529181,81.28662089726618,81.53116899030931,78.07490885517528
-99.00000617002057,-99.20568365649716,-99.00005398134476,-99.20579976971305,71.9057590534147,71.87817191935702,80.19180304501566,80.15065115526635,71.9057590534147,80.19178255444815,71.87815142878951,80.150637494888,-101.0179240885983,-99.36656876239681,-18.510775707407525,-20.93465104194685,141.126475121449,139.2870778572079,143.33643746892,52.80174385055113,141.126475121449,53.63177917434234,51.521257550997575,145.5562352887958,52.80174385055113,143.33643746892,129.2242011341631,148.10291230197006,145.5562352887958,128.82307778458662,152.71611769004505,49.21230185679101,148.10291230197006,65.07634852496733,119.49030730268119,115.69255819961403,128.31013057791867,159.13510215126635,71.86414271080181,131.1069291184988,152.04369922663565,127.77303182234553,80.14941489102657,65.42973568243461,125.44880041006023,151.60175866657914,129.4418656026331,136.4956615056937,75.75958400956767,90.33690841547822,100.4275908386341,75.75958400956767,90.33690841547822,45.30850040648105,65.3104805795262,35.54114889334981
59
2.104958696236281e-07,2.1206760436598415e-07,2.1674610195532296e-07,2.1827283092079597e-07,8.290937785204733e-07,8.27082203613827e-07,8.28293877930264e-07,8.263290283139213e-07,8.274818128484185e-07,8.266802069556434e-07,8.25466258902452e-07,8.247114919868181e-07,2.5365406486344e-07,2.1671729655281524e-07,1.3541039152187295e-06,1.2506670827860944e-06,-1.0,1.5766551086926484e-06,-1.0,-1.0,1.4566202253263327e-06,1.371955704598804e-06,1.175439706457837e-06,-1.0,1.286583142245945e-06,1.3363867310545174e-06,9.865252650342882e-07,-1.0,1.2361058452370344e-06,1.0034705155703705e-06,1.0019289220508654e-06,1.0259690270686406e-06,1.139175878961396e-06,1.0721352055043099e-06,8.793170991339139e-07,-1.0,1.0184212442254648e-06,1.0271128303429577e-06,1.1423632031437592e-06,1.0342698715248844e-06,8.262695700977929e-07,9.127461453317665e-07,1.0046151146525517e-06,1.0527628546697088e-06,8.254193062384729e-07,8.292042821267387e-07,8.953761607699562e-07,9.469848691878724e-07,1.0163603292312473e-06,9.77095396592631e-07,9.315971283285762e-07,-1.0,-1.0,8.432001550318091e-07,8.265038786703371e-07,8.327253908646526e-07,8.494243957102299e-07,8.728243301447947e-07,6.235557634681754e-07
1.3501701687346213e-05,4.37554444943089e-06,2.8525721518235514e-06,8.723562245904759e-07,2.6397583496873267e-07,6.210920560079103e-07,2.6327145974391897e-07,6.22663606009155e-07,6.554969900207652e-07,6.54284178835951e-07,1.542790641906322e-06,1.5482546587008983e-06,3.926698255440897e-08,1.2303057417284435e-07,3.484255939323333e-10,3.509035062521093e-09,0.0,2.8871352530934757e-10,0.0,0.0,3.3016678280262113e-10,3.2416780371136156e-10,1.798908105810071e-10,0.0,7.203579066583643e-09,2.6078231241122296e-10,8.577096366479964e-09,0.0,4.356670579852562e-10,6.62923771432844e-10,7.279408187343961e-09,2.6254504126299594e-10,4.939570974471508e-10,8.38702787775425e-11,1.291358309174484e-08,0.0,6.375670547065226e-10,3.399515335900105e-08,3.483838217910318e-10,7.420973280325427e-10,3.823015859438783e-08,1.0037696895892623e-08,5.114427104047081e-09,4.594428448800869e-10,4.03757347555711e-08,1.2691284467791775e-08,2.480921024172744e-09,5.477447939661317e-10,6.199389335215244e-10,6.911725081160114e-10,1.5913738105055586e-09,0.0,0.0,5.913657563638708e-09,2.030335544134232e-08,1.0916672721350551e-07,1.9799180961399543e-08,1.780277898433269e-07,4.3403282745657634e-08
0.0,3.1371958255767822,-0.07327164709568024,3.0629827976226807,-3.1205601692199707,0.02583836205303669,-3.1203906536102295,0.025875193998217583,-0.009528390131890774,-0.009404501877725124,3.1367602348327637,3.136756658554077,-0.7877560257911682,-0.7866131067276001,2.3934526443481445,2.352365016937256,0.0,2.3112664222717285,0.0,0.0,2.3445494174957275,2.323352575302124,-0.8061589002609253,0.0,2.35377836227417,2.3265438079833984,2.350024700164795,0.0,2.3455471992492676,2.3376121520996094,2.3558995723724365,2.3614237308502197,2.3460307121276855,2.4387969970703125,2.3527445793151855,0.0,2.3204379081726074,2.3557307720184326,2.352280378341675,-0.7985610961914062,-0.7859447598457336,2.35006046295166,2.3535678386688232,2.376434326171875,-0.7868853211402893,-0.7923493981361389,-0.7997264862060547,2.399489402770996,2.384244441986084,2.3839218616485596,-0.7946216464042664,0.0,0.0,-0.7891188859939575,-0.788264811038971,2.3794703483581543,2.353951930999756,-0.6964980363845825,2.354069709777832
127.5962665266256,127.27002937110912,129.69268380933428,129.3614879364804,99.6110144026024,99.63496787602163,99.62032395044113,99.64383346156431,98.9286170328156,98.93785827876262,98.95017310983616,98.9584308085427,18.643038905590238,21.95272659623039,95.44207183890171,95.89369077701213,95.05802396225025,94.67205680244199,95.51444452334717,95.72860510477292,95.05802396225025,95.37105153191192,96.27235646459764,95.9633723669246,95.72860510477292,95.51444452334717,97.47978364569416,96.47286349787252,95.9633723669246,97.35276944788859,97.36414171285666,97.19066856831668,96.47286349787252,96.87951247048758,98.39795231544062,97.79399283808225,97.24425140235543,97.1826226054744,96.45472934562615,97.13265977169576,96.87703994200804,98.08828519885058,97.34434099445279,97.00673157396824,97.01716127283085,98.90949250313956,98.24627430454215,97.79399283808225,97.25901827134099,97.55239538676055,97.92354786625904,98.9388418260031,98.87151665135428,98.76043728488237,98.9388418260031,98.87151665135428,98.69574173306401,98.46087884826395,101.88520101883901
82.00000000512816,-133.66363284937466,82.00000000512816,-133.66409730223822,-127.02569984411942,75.17205113716318,-132.48369034949826,80.64400254920552,-127.02569984411942,-132.48450997219868,75.17205113716318,80.64400254920552,-152.30024113186133,-155.29432285642812,-4.278505201290034,-5.532645753667558,130.3725744996957,129.52574032564084,131.37670793033595,59.12939843728561,130.3725744996957,59.434940119616954,58.67960315968359,132.37672958709587,59.12939843728561,131.37670793033595,116.22105091683292,133.5044074794433,132.37672958709587,116.10816155023096,135.54237200323504,57.88885849909287,133.5044074794433,69.35833071943172,107.66393037745249,57.41701537085005,106.24713740772758,115.9729238046647,69.10318217279672,141.68290331237327,75.16158728735472,116.70580310260708,135.0095626064607,115.82424424681187,80.64204228491374,70.66588847376062,112.22002172368784,57.41701537085005,134.81749768699993,116.27573341132805,121.1406585910747,77.53656700517321,87.19861407677578,94.02342105772256,77.53656700517321,87.19861407677578,56.72562947211551,70.35896709321693,54.16244047662273
52.40372823704698,52.729996128414726,129.69265648857763,129.36088687983343,99.61136957243924,99.63496787602163,99.62074059198049,99.64383346156431,81.07181827805844,81.06308246611,81.04983872930934,81.04157420041363,48.49197303144854,51.812968100259646,84.55793317005461,84.10631423194421,84.94198104670609,85.32794820651435,84.48556048560916,84.27139307399425,84.94198104670609,84.6289534770444,83.7276485443587,84.03663264203173,84.27139307399425,84.48556048560916,82.52022136326218,83.5271415110838,84.03663264203173,82.64722873087857,82.63585646591049,82.80932961045048,83.5271415110838,83.12049253846875,81.6020526935157,82.20601217087409,82.75576043679007,82.81738240348193,83.54527566333019,82.86734523726057,77.97061869673836,81.91171981010575,82.65565718431436,82.9932734349881,78.141708105258,81.09051250581678,81.75373070441418,82.20601217087409,82.74099356780451,82.44760962219578,82.07645714269728,81.06116318295322,81.12848835760205,81.23956772407396,81.06116318295322,81.12848835760205,81.30426327589232,81.53911933050321,78.11480399011732
-98.00000500382818,-98.2174509062447,-98.00001866420651,-98.21752603832557,71.70458266160114,71.67651058411239,79.9876213699673,79.94597770659773,71.70458949179032,79.98760770958897,71.67649692373405,79.94597087640857,-100.13774493101545,-98.38696254106607,-18.468071657169315,-20.877618962377245,141.00170122569122,139.16604690511525,143.20893149749418,52.542866020629305,141.00170122569122,53.38914353426681,51.23785934195541,145.42797799656128,52.542866020629305,143.20893149749418,128.96043288879557,147.97611667021795,145.42797799656128,128.56238312434556,152.5986930778342,48.88856455051074,147.97611667021795,64.72208710328627,119.12862146537233,47.33504143888593,115.37309659175419,128.05377991798974,64.71923208421322,159.06100825915007,71.66072601694049,130.82921362684607,151.92238140659788,127.52127104953887,79.94300657430878,64.94209432664155,125.12922951917368,47.33504143888593,151.47927971438247,129.176307847703,136.25864028111593,75.24932789743269,89.83523785112995,99.95808363508743,75.24932789743269,89.83523785112995,44.9218263220937,64.85388926370001,35.05380123569106
58
2.1049585541277338e-07,2.1205858047324e-07,2.1674607353361353e-07,2.1826404861258197e-07,8.296363489534997e-07,8.276260246020684e-07,8.284248451673193e-07,8.264620419140556e-07,8.280254633064033e-07,8.268115720966307e-07,8.260110462288139e-07,8.248449603343033e-07,2.535704766160052e-07,2.1670140881724365e-07,1.3569490420195507e-06,1.2534843563116738e-06,-1.0,1.5742327832413139e-06,-1.0,-1.0,1.454149810342642e-06,1.3733709920416004e-06,1.1769473076128634e-06,-1.0,1.2880350368504878e-06,1.3338614053282072e-06,9.844379746937193e-07,-1.0,1.2335294741205871e-06,1.0013962992161396e-06,9.992156719818013e-07,1.027574171530432e-06,1.1365459613443818e-06,1.0730259418778587e-06,8.776065669735544e-07,-1.0,1.0168607786908979e-06,1.0250556670143851e-06,1.0314611245121341e-06,8.268099236374837e-07,9.10598259906692e-07,1.0019136880146107e-06,1.0507237675483339e-06,8.255515240307432e-07,8.300833655994211e-07,8.934312063502148e-07,9.486529393143428e-07,1.0136661785509204e-06,9.750009439812857e-07,9.292756431023008e-07,-1.0,-1.0,8.423485269304365e-07,8.268794431387505e-07,8.323708584612177e-07,8.511868259120092e-07,8.737079042475671e-07,6.256621531974815e-07
1.350170532532502e-05,4.405560957820853e-06,2.8525728339445777e-06,8.808692655293271e-07,2.628857203035295e-07,6.207020533111063e-07,2.622454360334814e-07,6.225683364391443e-07,6.523583806483657e-07,6.516211783491599e-07,1.5407485989271663e-06,1.547753299746546e-06,3.9065408685701186e-08,1.222525867206059e-07,3.4654265568256903e-10,3.497555800535679e-09,0.0,2.9006921864471735e-10,0.0,0.0,3.318026964294063e-10,3.2118635528988193e-10,1.9090755365436252e-10,0.0,7.096229825975797e-09,2.6349394888214306e-10,8.702655485137711e-09,0.0,4.381104368178512e-10,6.658779638790691e-10,7.360244858034548e-09,2.6308810685549133e-10,4.971220102234497e-10,9.036667941719756e-11,1.319060416449247e-08,0.0,6.386465800645169e-10,3.639279100298154e-08,7.544915248125506e-10,3.827687322655038e-08,1.0199603828198178e-08,5.162868355057526e-09,4.651876939210098e-10,4.0394301237256514e-08,1.1961351908951201e-08,2.560659684291977e-09,5.410809023054242e-10,6.238708993855369e-10,6.937330154777044e-10,1.6372965205846413e-09,0.0,0.0,6.173184630142714e-09,1.8784488631240492e-08,1.4981065987740294e-07,1.9147094576510426e-08,1.2058075071763596e-07,4.08135676366328e-08
0.0,3.1373050212860107,-0.07327163964509964,3.0631067752838135,-3.1205811500549316,0.02581012435257435,-3.1203880310058594,0.02586827613413334,-0.009520817548036575,-0.009395347908139229,3.13676118850708,3.1367568969726562,-0.7896395325660706,-0.7866620421409607,2.377643346786499,2.3514559268951416,0.0,2.3268165588378906,0.0,0.0,2.369178295135498,2.3832099437713623,-0.7284668684005737,0.0,2.35345458984375,2.3343634605407715,2.353254795074463,0.0,2.3376104831695557,2.3218793869018555,2.3531670570373535,2.3274483680725098,2.3225011825561523,2.277750015258789,2.35341215133667,0.0,2.3202033042907715,2.355998992919922,-0.8019884824752808,-0.7862075567245483,2.354248285293579,2.3515784740448,2.3363497257232666,-0.7863301038742065,-0.7917513847351074,-0.8041332960128784,2.384099006652832,2.3617165088653564,2.3608570098876953,-0.8213034272193909,0.0,0.0,-0.786189615726471,-0.7902089357376099,2.404719829559326,2.3512165546417236,-0.7443886399269104,2.35347843170166
127.59628018700394,127.27109488061964,129.69268380933428,129.36182944593887,99.60505847764615,99.6285748189585,99.61894425222879,99.64226934824438,98.9224425418059,98.93544722198561,98.9442171848799,98.95696231787115,19.025717329313128,22.41647082766487,95.43062444185277,95.88039922888728,95.06664366098279,94.67926265201635,95.5249152033448,95.72213008543974,95.06664366098279,95.36549858811671,96.26428318099867,95.97587161310572,95.72213008543974,95.5249152033448,97.49573213740614,96.48789674423573,95.97587161310572,97.36808273200776,97.38425661996236,97.17937826561865,96.48789674423573,96.8737682813956,98.41444039209703,97.78020268614799,97.25542559183758,97.197109436704,97.15218045234366,96.876274960821,98.10749169079666,97.36426465626172,97.02039878249744,97.01697002753409,98.89997804962573,98.26435381527517,97.78020268614799,97.27841600858383,97.56870587849855,97.94347835825715,98.9347437125011,98.87532106672198,98.76936434212757,98.9347437125011,98.87532106672198,98.67760075062846,98.4522591495314,101.84460920460162
83.00000117132056,-134.65245299589574,83.00000117132056,-134.65245299589574,-127.22475887729027,75.37281088743735,-132.68783104341162,80.84848475257738,-127.22475887729027,-132.68783104341162,75.37281088743735,80.84848475257738,-153.90275377530804,-156.8676432713622,-4.278505201290034,-5.532646180554381,130.3725744996957,129.52574032564084,131.37670793033595,59.12939843728561,130.3725744996957,59.434940119616954,58.67960315968359,132.37672958709587,59.12939843728561,131.37670793033595,116.22105091683292,133.5044074794433,132.37672958709587,116.10816155023096,135.5423583428567,57.88885849909287,133.5044074794433,69.35833071943172,107.66392354726332,57.41701537085005,106.24713740772758,115.9729238046647,141.68290331237327,75.36117907528083,116.70580310260708,135.0095626064607,115.82424424681187,80.84539067688335,70.66588847376062,112.22002172368784,57.41701537085005,134.81749768699993,116.27573341132805,121.1406585910747,77.53656700517321,87.19861407677578,94.02342105772256,77.53656700517321,87.19861407677578,56.72562947211551,70.35896709321693,54.16244047662273
52.40372823704698,52.72812807167673,129.69272479046933,129.36273103090932,99.60503115688947,99.6285748189585,99.61921062960641,99.64227617843355,81.0777263916905,81.06451680583571,81.05578099388725,81.04303586089601,48.46099812356253,51.80709755266802,84.56938056710356,84.11960578006905,84.93336134797354,85.32074235693999,84.47508297542237,84.27788175370576,84.93336134797354,84.63450642083963,83.73571499776848,84.02413339585061,84.27788175370576,84.47508297542237,82.5042728715502,83.51210143453143,84.02413339585061,82.63192227694857,82.61574838899398,82.82062674333768,83.51210143453143,83.12622989737156,81.5855646168593,82.21979549261917,82.74457941711876,82.80289557225232,82.8478177264235,77.98843183009375,81.89251331815967,82.63574035269461,82.9796062264589,78.14602478481345,81.10002012914143,81.73565802387033,82.21979549261917,82.7215890003725,82.43129913045779,82.05652665069918,81.06526129645523,81.12467711204518,81.23064749701793,81.06526129645523,81.12467711204518,81.32240425832788,81.54773902923577,78.15539580435471
-97.00000383763577,-97.2291566842897,-97.00000383763577,-97.22918400504638,71.50429419437968,71.4757508338382,79.78361727983736,79.74147501265838,71.50430785475803,79.7836104496482,71.47573717345986,79.74147501265838,-99.25654124505708,-97.40713092349273,-18.421534163259434,-20.816608297616103,140.87229646167614,139.04087685838562,143.07622092192085,52.28782675702103,140.87229646167614,53.149902498208775,50.95902711437339,145.29394236428897,52.28782675702103,143.07622092192085,128.68898751080093,147.84291432102435,145.29394236428897,128.29422989753087,152.47380989904968,48.570820735227166,147.84291432102435,64.37109051202849,118.75854815576271,46.99250062182062,115.0475424551547,127.79029854056732,158.98012515899876,71.4582382288063,130.54268719116405,151.79360501998644,127.26268008756217,79.73678950288776,64.45957561272601,124.80094330690619,46.99250062182062,151.3494241578822,128.9029363563624,136.01294471629222,74.74120280431877,89.33114256962632,99.48338548777154,74.74120280431877,89.33114256962632,44.54405538928947,64.40197662745528,34.583955937780466
55
2.104958696236281e-07,2.1204907341143553e-07,2.1674610195532296e-07,2.1825486840043595e-07,8.302375817947905e-07,8.282287353722495e-07,8.286159527415293e-07,8.266553095381823e-07,8.286278898594901e-07,8.270028502010973e-07,8.266150643976289e-07,8.250383416452678e-07,2.5348248300360865e-07,2.1668476790637214e-07,1.3597845054391655e-06,1.2562903748403187e-06,-1.0,1.5718426311650546e-06,-1.0,-1.0,1.4517096360577852e-06,1.3748402807323146e-06,1.1785095921368338e-06,-1.0,1.2895413874502992e-06,1.3313648423718405e-06,9.823955906540505e-07,-1.0,1.2309799330978421e-06,9.99367330223322e-07,9.965223171093385e-07,1.029234226734843e-06,1.1339404863974778e-06,8.759520824241918e-07,-1.0,1.0153571565751918e-06,1.0230439784209011e-06,8.274085985249258e-07,9.08494257600978e-07,9.992327250074595e-07,8.257434274128173e-07,8.310329349114909e-07,8.915363878259086e-07,9.503755791229196e-07,1.0109931736224098e-06,9.729512839840027e-07,9.26991901906149e-07,-1.0,-1.0,8.415679531026399e-07,8.273298135463847e-07,8.320912456838414e-07,8.530031436748686e-07,8.746604862608365e-07,6.278170872064948e-07
1.3501701687346213e-05,4.442241333890706e-06,2.852572379197227e-06,8.907788355827506e-07,2.6180137524534075e-07,6.202690769896435e-07,2.6124087071366375e-07,6.224302069313126e-07,6.49182709366869e-07,6.489572115242481e-07,1.5384877087853965e-06,1.5470253629246145e-06,3.8852252970400514e-08,1.214312561614861e-07,3.4482214306130743e-10,3.4867986276054808e-09,0.0,2.9130078904593404e-10,0.0,0.0,3.33505584260152e-10,3.1824101687227824e-10,2.0091649177711446e-10,0.0,6.9917622802506685e-09,2.664775899940963e-10,8.831769093831099e-09,0.0,4.4046832847755013e-10,6.682309150463084e-10,7.443594629563677e-09,2.6340743475294914e-10,4.997893210401116e-10,1.348172240511758e-08,0.0,6.392456008974534e-10,3.921627111935777e-08,3.832869666098304e-08,1.0367280367518106e-08,5.21231990902038e-09,4.042090750999705e-08,1.1294427615382574e-08,2.643781416011848e-09,5.351315501833653e-10,6.280470588038156e-10,6.964272492027135e-10,1.6838850314115916e-09,0.0,0.0,6.448530598390789e-09,1.7443117172888378e-08,2.3701259976860456e-07,1.8544815461041253e-08,9.044487114806543e-08,3.857338626289675e-08
0.0,3.137410879135132,-0.07327163964509964,3.0632259845733643,-3.120604991912842,0.025778913870453835,-3.1203885078430176,0.025858199223876,-0.009513003751635551,-0.009386029094457626,3.1367623805999756,3.1367573738098145,-0.7891463041305542,-0.7867305278778076,2.3457489013671875,2.351327419281006,0.0,2.378618001937866,0.0,0.0,2.3782777786254883,2.35274076461792,-0.8240691423416138,0.0,2.3503432273864746,2.2993130683898926,2.3559699058532715,0.0,2.345430374145508,2.3843681812286377,2.353168249130249,2.3614747524261475,2.3616530895233154,2.3525545597076416,0.0,2.3688251972198486,2.3569045066833496,-0.7864872217178345,2.3511528968811035,2.3524484634399414,-0.7860211730003357,-0.7936069965362549,-0.8002493381500244,2.4236533641815186,2.384371280670166,2.337564468383789,-0.8179572820663452,0.0,0.0,-0.7883034944534302,-0.7910332679748535,2.4799842834472656,2.3517980575561523,-0.7634596228599548,2.3538591861724854
127.5962665266256,127.27396356007104,129.69267014895595,129.36420635177004,99.59802338280103,99.62149874297837,99.61633511996584,99.63999489525077,98.91685544706483,98.93336401428876,98.93763288252,98.95484495922844,19.420719121846012,22.893877144986668,95.41926583726304,95.86721696378916,95.07517456725614,94.68639336950984,95.53531075126156,95.7154228396748,95.07517456725614,95.35974756883556,96.25595035021126,95.98829572720598,95.7154228396748,95.53531075126156,97.51140059136213,96.50287534908557,95.98829572720598,97.3831296387493,97.40432371574384,97.16773962327295,96.50287534908557,98.43045035551154,97.76600955305271,97.26622412091537,97.21133672074514,96.87544167774226,98.12639082423009,97.38412684636812,97.01668998977811,98.88972593568154,98.28203717503634,97.76600955305271,97.29776593450248,97.58474316266974,97.9631697936343,98.92983963667703,98.87833318014596,98.7775605691316,98.92983963667703,98.87833318014596,98.65897482476183,98.44299058282769,101.80336852239309
84.00000233751295,-135.64101359522837,83.99999550732379,-135.6400710291229,-127.4252112690518,75.57257343009272,-132.89070132213934,81.05269374838241,-127.42687783520928,-132.8915482655964,75.57257343009272,81.05269374838241,-155.4399151687761,-158.37591296464112,-4.278505201290034,-5.532646607441205,130.3725744996957,129.52574032564084,131.37670793033595,59.12939843728561,130.3725744996957,59.434940119616954,58.67960315968359,132.37672958709587,59.12939843728561,131.37670793033595,116.22105091683292,133.5044074794433,132.37672958709587,116.10816155023096,135.5423583428567,57.88885849909287,133.5044074794433,107.66392354726332,57.41701537085005,106.24713740772758,115.9729238046647,75.5598009763448,116.70580310260708,135.0095626064607,81.04845903109701,70.66588847376062,112.22002172368784,57.41701537085005,134.81749768699993,116.27573341132805,121.1406585910747,77.53656700517321,87.19861407677578,94.02342105772256,77.53656700517321,87.19861407677578,56.72562947211551,70.35896709321693,54.16244047662273
52.40372823704698,52.72617805266869,129.69273845084766,129.36472544614696,99.59800289223352,99.6215124033567,99.61697032755865,99.63998806506159,81.08426288272621,81.06660001353256,81.0623789566255,81.04516004972788,48.42827127215441,51.80091964656374,84.58073234150412,84.13278804516717,84.92482361151102,85.31361846963566,84.46469425769477,84.28458216928153,84.92482361151102,84.64025744012078,83.74405465874507,84.01170928175036,84.28458216928153,84.46469425769477,82.48859758740502,83.4971228296816,84.01170928175036,82.61687537020704,82.59567446302331,82.83226538568339,83.4971228296816,81.56955465344478,82.23398862571446,82.73378088804097,82.78866145802202,78.00813009566006,81.87361418472625,82.61588499277738,78.152274407904,81.1102790732748,81.71796100373082,82.23398862571446,82.70224590464302,82.41525501609743,82.03683521532204,81.07015854209014,81.12167182881038,81.22244443982474,81.07015854209014,81.12167182881038,81.34102335400533,81.55701442612865,78.19663648656324
-96.00000267144338,-96.24078733025384,-95.99992070917334,-96.24073951892964,71.30504391591208,71.27596097042615,79.57988639727422,79.53725918666417,71.3050165951554,79.57989322746339,71.2759746308045,79.53727967723168,-98.37424472883151,-96.42707390967676,-18.371211037002073,-20.751695887291596,140.73827448978216,138.91156771701893,142.9382920818216,52.03673192765844,140.73827448978216,52.914175594478706,50.684880396562,145.15410107122213,52.03673192765844,142.9382920818216,128.4099059813142,147.70325061287593,145.15410107122213,128.01868640603422,152.3413861914215,48.25921042981826,147.70325061287593,118.38026495877072,46.657165654329674,114.71605971435564,127.5197137664081,71.25678179923676,130.24737713220938,151.657274444153,79.53087295979022,63.98255520109232,124.46401007514946,46.657165654329674,151.21213735556492,128.62180577012467,135.75857481122262,74.2356595227111,88.82508702383092,99.00387888727997,74.2356595227111,88.82508702383092,44.1753105514734,63.95507051987219,34.13153786753716
53
2.104958696236281e-07,2.1203911160228017e-07,2.1674610195532296e-07,2.1824511975410132e-07,8.308977612614399e-07,8.288900517072761e-07,8.288668595923809e-07,8.269086038126261e-07,8.292892061945167e-07,8.27254552859813e-07,8.272777449747082e-07,8.252922043539002e-07,2.5339011244795984e-07,2.166673311876366e-07,1.3626099644170608e-06,1.2590845699378406e-06,-1.0,1.5694854482717346e-06,-1.0,-1.0,1.449301066713815e-06,1.376363343297271e-06,1.1801255368482089e-06,-1.0,1.2911013982375152e-06,1.3288979516801191e-06,9.803993634704966e-07,-1.0,1.2284583590371767e-06,9.973847454602947e-07,9.93850449049205e-07,1.0309479421266587e-06,1.1313604773022234e-06,8.743550097278785e-07,-1.0,1.0139112873730483e-06,1.021078901430883e-06,8.280658221337944e-07,9.06435616343515e-07,9.965738172468264e-07,8.259953574452084e-07,8.320519100379897e-07,8.896929557522526e-07,9.52151481214969e-07,1.008342678687768e-06,9.709477808428346e-07,9.247476100426866e-07,-1.0,-1.0,8.408592293562833e-07,8.278545919893077e-07,8.318870641232934e-07,8.548722689738497e-07
1.3501701687346213e-05,4.485347744775936e-06,2.8525728339445777e-06,9.019904609885998e-07,2.607288251965656e-07,6.197932975737785e-07,2.6025850274891127e-07,6.2224870589489e-07,6.459956694016e-07,6.462995543188299e-07,1.5360097904704162e-06,1.54607153035613e-06,3.8627565146498455e-08,1.20567875683264e-07,3.444031726473895e-10,3.476662735479863e-09,0.0,2.963165823821612e-10,0.0,0.0,3.351698640852163e-10,3.1549707291134155e-10,2.1145972473046726e-10,0.0,6.889475656635113e-09,2.690316303066709e-10,8.964913256193086e-09,0.0,4.446358281562368e-10,6.704655164391227e-10,7.529618706314523e-09,2.63782939935453e-10,5.02794472723167e-10,1.378732150669748e-08,0.0,6.403519381414924e-10,4.258860997197189e-08,3.838538376044198e-08,1.0540929018532097e-08,5.262747571066484e-09,4.045636359251148e-08,1.0682205342504858e-08,2.730764059322155e-09,5.277340786591367e-10,6.321657086694188e-10,6.989883116759188e-10,1.7318094736040734e-09,0.0,0.0,6.741049496383766e-09,1.6248625556158913e-08,4.801451609637297e-07,1.798631643623594e-08
0.0,3.1375129222869873,-0.07327164709568024,3.063340902328491,-3.120631694793701,0.025744736194610596,-3.120391845703125,0.025845032185316086,-0.009505130350589752,-0.00937655195593834,3.136763572692871,3.1367578506469727,-0.7885835766792297,-0.7866356372833252,2.440826892852783,2.3547818660736084,0.0,2.192673683166504,0.0,0.0,2.311819553375244,2.3377065658569336,-0.8522982001304626,0.0,2.3592772483825684,2.396975040435791,2.3518478870391846,0.0,2.257828712463379,2.3608202934265137,2.354796886444092,2.327821731567383,2.3773767948150635,2.3542494773864746,0.0,2.3198161125183105,2.3586034774780273,-0.7864788174629211,2.3501129150390625,2.3569962978363037,-0.7865856289863586,-0.7930886149406433,-0.7948993444442749,2.3365631103515625,2.376509428024292,2.3375144004821777,-0.7957900166511536,0.0,0.0,-0.7937923073768616,-0.7893447279930115,2.757659435272217,2.3524231910705566
127.5962665266256,127.27582137152528,129.69268380933428,129.36730725765324,99.58949930671686,99.61375330845958,99.61440217643073,99.63701693277264,98.90881631441172,98.93103491978178,98.93041337256732,98.95207190242542,19.827130745387404,23.38402347265783,95.4080028553217,95.85415081190692,95.08363717163779,94.6934421247333,95.54561750671911,95.70849019766723,95.08363717163779,95.35379847406847,96.24735114204621,96.00063104884703,95.70849019766723,95.54561750671911,97.52678900756217,96.51776516147619,96.00063104884703,97.39788284735653,97.42434300020116,97.15575947146874,96.51776516147619,98.44596171511664,97.75144758974224,97.27664015939963,97.22529079721947,96.8745196022043,98.14497576896169,97.40393439496115,97.01632115956293,98.87874982168533,98.29931755363647,97.75144758974224,97.31704755852942,97.60049357889578,97.98262217239049,98.92413642872006,98.88052567086953,98.78501913570524,98.92413642872006,98.88052567086953,98.63990493659915
85.00000350370536,-136.62942393039924,84.99999667351618,-136.63038015688304,-127.62203000017489,75.77123631229172,-133.09579824253646,81.25649976302643,-127.62369656633237,-133.09579824253646,75.77123631229172,81.25649976302643,-156.913473840693,-159.82187767231113,-4.278505201290034,-5.532646180554381,130.3725744996957,129.52574032564084,131.37670793033595,59.12939843728561,130.3725744996957,59.434940119616954,58.67960315968359,132.37672958709587,59.12939843728561,131.37670793033595,116.22105091683292,133.5044074794433,132.37672958709587,116.10816155023096,135.5423583428567,57.8888516689037,133.5044074794433,107.66392354726332,57.41701537085005,106.24713740772758,115.9729238046647,75.75734370751991,116.70580310260708,135.0095626064607,81.25113806452796,70.66588847376062,112.22002172368784,57.41701537085005,134.81749768699993,116.27573341132805,121.1406585910747,77.53656700517321,87.19861407677578,94.02342105772256,77.53656700517321,87.19861407677578,56.72562947211551
52.40372823704698,52.72413582610686,129.69264282819927,129.36684280478966,99.59031209922809,99.61375330845958,99.61402651602637,99.63701010258347,81.09143458135473,81.0693457495789,81.06959163638902,81.04792627634174,48.39377540175126,51.79441730647389,84.59200898382382,84.1458541970494,84.91636783731855,85.30656288422304,84.45439433242639,84.29150798109993,84.91636783731855,84.64619970469869,83.75265386691011,83.99937396010931,84.29150798109993,84.45439433242639,82.47321600139415,83.48223301729097,83.99937396010931,82.60212216159981,82.57566200875517,82.8442455374876,83.48223301729097,81.55404329383968,82.24856424940327,82.7233648495567,82.77471421173686,78.02967934249145,81.85502923999464,82.59607061399518,78.16047746509719,81.12124835708183,81.70068745531987,82.24856424940327,82.68295745042691,82.39951826024972,82.01738283656584,81.07586858023626,81.11947250789763,81.21498587325108,81.07586858023626,81.11947250789763,81.36010007235718
-95.00000150525098,-95.25235650451545,-94.99994686373762,-95.25235650451545,71.1068113356308,71.07730491841635,79.37656532606128,79.33346000220934,71.10682499600914,79.37656532606128,71.07731174860551,79.3334668323985,-97.49078708044703,-95.44677783923986,-18.317175702930808,-20.682941495558953,140.59963531000923,138.77813314139357,142.79515863757481,51.789704475946586,140.59963531000923,52.682058445725,50.415552377210055,145.00845411736077,51.789704475946586,142.79515863757481,128.12325660222712,147.55711188539433,145.00845411736077,127.73580729136897,152.20135365305788,47.95385999278367,147.55711188539433,117.99392213855812,46.32917655529108,114.37877131276207,127.24208023702542,71.05646601125864,129.94333809149543,151.5133486979625,79.32535256766452,63.51140875214484,124.11853910693021,46.32917655529108,151.0673236847823,128.33297073050318,135.49550324515042,73.73316250547327,88.31752200622893,98.51993949401705,73.73316250547327,88.31752200622893,43.81572841242891
58
2.104958696236281e-07,2.1202870925662864e-07,2.1674610195532296e-07,2.1823498741468939e-07,8.316156936416519e-07,8.296098030768917e-07,8.29178020467225e-07,8.272216973637114e-07,8.352450322490768e-07,8.333604455401655e-07,8.300089575641323e-07,8.275666232293588e-07,8.336450036949827e-07,8.279988605863764e-07,8.256062073996873e-07,8.317567790072644e-07,2.532933081056399e-07,2.1664908445018227e-07,1.3654242820848594e-06,1.2618660321095376e-06,-1.0,1.5671621440560557e-06,-1.0,-1.0,1.4469253528659465e-06,1.3779390428680927e-06,1.181794118565449e-06,-1.0,1.2927139323437586e-06,1.3264620974950958e-06,9.784505436982727e-07,-1.0,1.2259657751201303e-06,9.954499091691105e-07,9.91200863609265e-07,1.0327139534638263e-06,1.1288076393611846e-06,8.728165994398296e-07,-1.0,1.0125244216396823e-06,1.019161572912708e-06,8.323354450112674e-07,8.287810260299011e-07,9.044237003763556e-07,9.939383289747639e-07,8.263068593805656e-07,8.331396657013102e-07,8.879021606844617e-07,9.539796792523703e-07,1.0057157169285347e-06,9.689915714261588e-07,9.225439043802908e-07,-1.0,-1.0,8.402230378123932e-07,8.284532668767497e-07,8.317583706229925e-07,8.567926670366433e-07
1.350170532532502e-05,4.53439179182169e-06,2.8525728339445777e-06,9.144370096692e-07,2.596651427211327e-07,6.192742034727416e-07,2.5930228275683476e-07,6.220243449206464e-07,2.6159301569350646e-07,6.229104201338487e-07,6.427928269658878e-07,6.436595185732585e-07,6.441984510274779e-07,1.5333175724663306e-06,1.5448923704752815e-06,1.535400997454417e-06,3.839182483034165e-08,1.1966371005200926e-07,3.416611160655947e-10,3.467276465940472e-09,0.0,2.9388816380482297e-10,0.0,0.0,3.3696373469283003e-10,3.129831671611072e-10,2.2146826039737277e-10,0.0,6.7907932610467014e-09,2.722727321380347e-10,9.102051556908464e-09,0.0,4.4536510590553746e-10,6.733505975020648e-10,7.618402797504586e-09,2.6404770037125047e-10,5.054978657881293e-10,1.4108906931653564e-08,0.0,6.408552577497062e-10,4.668594399959147e-08,4.4140801236380867e-08,3.844720808388047e-08,1.0720630605476344e-08,5.314360951302888e-09,4.049966051411502e-08,1.0119001636610392e-08,2.822467592977773e-09,5.213923182090241e-10,6.359954785040145e-10,7.019098635652199e-10,1.7830966703158424e-09,0.0,0.0,7.051974559857399e-09,1.5180457779706558e-08,5.019532522965164e-07,1.746736977281671e-08
0.0,3.1376113891601562,-0.07327164709568024,3.063450813293457,-3.1206612586975098,0.025707632303237915,-3.12039852142334,0.025828765705227852,-3.1205320358276367,0.025501785799860954,-0.009497096762061119,-0.009367070160806179,-0.009183763526380062,3.1367647647857666,3.136758327484131,3.1367576122283936,-0.7884417176246643,-0.7865832448005676,2.3456871509552,2.3477768898010254,0.0,2.345639705657959,0.0,0.0,2.3954110145568848,2.2988317012786865,-0.8617111444473267,0.0,2.352053165435791,2.4161505699157715,2.3530707359313965,0.0,2.3292713165283203,2.4081602096557617,2.351199150085449,2.335980176925659,2.3538451194763184,2.3554654121398926,0.0,2.385585308074951,2.359621047973633,-0.7852389812469482,-0.787262499332428,2.352437973022461,2.3540115356445312,-0.7852181792259216,-0.792299211025238,-0.801402747631073,2.392545700073242,2.361717939376831,2.3998146057128906,-0.7981658577919006,0.0,0.0,-0.7912880778312683,-0.7915238738059998,-0.34113651514053345,2.352858543395996
127.5962665266256,127.27724205087264,129.69268380933428,129.3693153332692,99.58288768360029,99.60533851540212,99.61122613846668,99.63332863062084,99.53900371818295,99.56170043679491,98.90114601197381,98.92669091946965,98.86118940532923,98.92257914558931,98.94864314746208,98.88193268983856,20.244026709304766,23.8851015180956,95.3968150054612,95.84120760342975,95.09200415337105,94.70041574787588,95.55582863952827,95.7013458197954,95.09200415337105,95.34765813400463,96.23849238669271,96.01287074783968,95.7013458197954,95.55582863952827,97.54187006524957,96.53257301159678,96.01287074783968,97.41234918801861,97.44430081295593,97.14345830077356,96.53257301159678,98.46096081053399,97.73650313583825,97.28666687710121,97.23895800574867,97.13179916786034,96.87352922477464,98.16321920423479,97.42368047185167,97.01586353688855,98.86707019820462,98.31617446050807,97.73650313583825,97.33626771085385,97.61592297623085,98.00180817376905,98.91764091881939,98.88191219927104,98.79171955128103,98.91764091881939,98.88191219927104,98.62039108614043
86.00000466989775,-137.6173424919499,86.00000466989775,-137.61879049205393,-127.82141688242591,75.96870391138596,-133.299624747748,81.45981400405019,-139.11621384493085,87.29308242318622,-127.82081582577894,-133.29595010597453,-139.11621384493085,75.96870391138596,81.45982083423937,87.29308242318622,-158.32580669688988,-161.20684879069296,-4.278505201290034,-5.532646607441205,130.3725744996957,129.52574032564084,131.37670793033595,59.12939843728561,130.3725744996957,59.434940119616954,58.67960315968359,132.37672958709587,59.12939843728561,131.37670793033595,116.22105091683292,133.5044074794433,132.37672958709587,116.10816155023096,135.5423583428567,57.88885849909287,133.5044074794433,107.66392354726332,57.41701537085005,106.24713740772758,115.9729238046647,87.29472166858703,75.95371164615777,116.70580310260708,135.0095626064607,81.45333215452786,70.66588847376062,112.22002172368784,57.41701537085005,134.81749768699993,116.27573341132805,121.1406585910747,77.53656700517321,87.19861407677578,94.02342105772256,77.53656700517321,87.19861407677578,56.72562947211551
52.40372823704698,52.72198773161289,129.69268380933428,129.36894650305402,99.58194511749483,99.60533851540212,99.61038602519876,99.63332863062084,99.53993262391008,99.56170043679491,81.09921416681937,81.0727403535964,81.13835115076354,81.0774326935562,81.05136869168344,81.11807231911777,48.357520757636834,51.787611022965976,84.60318317330595,84.15880423571575,84.90800085558529,85.29958243089128,84.44416953923889,84.29865918916093,84.90800085558529,84.6523468749517,83.76151262226362,83.98713426111665,84.29865918916093,84.44416953923889,82.45813494370677,83.46743199735955,83.98713426111665,82.58766265112689,82.5557041960004,82.85653987799361,83.46743199735955,81.53904419842235,82.26350187311809,82.71333813185512,82.76104700320766,78.50936352790144,78.0530590800204,81.83678580472154,82.57632453710467,78.17059980544715,81.13293481075172,81.68383054844827,82.26350187311809,82.66373729810249,82.38408203272549,81.99819000499811,81.08237092032611,81.11809280968528,81.2082854576753,81.08237092032611,81.11809280968528,81.3796139228159
-94.00000033905859,-94.26384371650701,-94.00007547113945,-94.26395299953373,70.9098355101568,70.87987147026796,79.17374285865776,79.1301594215639,88.00853107836672,87.95148533841878,70.90982184977845,79.17372919827942,88.00854473874506,70.87984414951127,79.13015259137474,87.95148533841878,-96.60610682820113,-94.46620856123614,-18.25947426482254,-20.610415131857174,140.45639258273573,138.64060045226617,142.6467932684238,51.54684685472303,140.45639258273573,52.45365350478518,50.15113867896594,144.85697418194823,51.54684685472303,142.6467932684238,127.82910767543135,147.4044434970662,144.85697418194823,127.44566085542682,152.0536166613105,47.654899197717626,147.4044434970662,117.59969728004332,46.00865968320447,114.03586849567075,126.95750723544602,87.95395786689832,70.85739331770944,129.63061105015723,151.3617184983882,79.12035126991577,63.04648460553124,123.76462602489683,46.00865968320447,150.91494216439935,128.03648587901125,135.22374367845396,73.23414205452296,87.80892563006226,98.031977119333,73.23414205452296,87.80892563006226,43.4654216702773
58
2.104958838344828e-07,2.1201778110935265e-07,2.1674610195532296e-07,2.1822445717134542e-07,8.323920042130339e-07,8.30387250516651e-07,8.295493216792238e-07,8.275949880953704e-07,8.351744895662705e-07,8.332927450283023e-07,8.307863481604727e-07,8.279380949716142e-07,8.335741767950822e-07,8.287779564852826e-07,8.259799528786971e-07,8.316890784954012e-07,2.531922973503242e-07,2.1663009874828276e-07,1.3682271173820482e-06,1.264634306608059e-06,-1.0,1.564873855386395e-06,-1.0,-1.0,1.444583062948368e-06,1.3795662425764021e-06,1.1835145414806902e-06,-1.0,1.294378307648003e-06,1.32405830299831e-06,9.76550609266269e-07,-1.0,1.22350331821508e-06,9.935638445313089e-07,9.885749250315712e-07,1.0345312375648064e-06,1.1262825410085497e-06,8.7133810211526e-07,-1.0,1.0111974688697956e-06,1.017293584482104e-06,8.322681424033362e-07,8.295536417790572e-07,9.024597602547146e-07,9.913269423122983e-07,8.266778195320512e-07,8.342949513462372e-07,8.861654805514263e-07,9.558586953062331e-07,1.0031136525867623e-06,9.670842473497032e-07,9.203823196912708e-07,-1.0,-1.0,8.396601174354146e-07,8.291252697745222e-07,8.31705506243452e-07,8.58763200994872e-07
1.3501701687346213e-05,4.588836873153923e-06,2.8525726065709023e-06,9.280210520046239e-07,2.5862135544230114e-07,6.187118515299517e-07,2.583759339813696e-07,6.217563850441366e-07,2.6081983151016175e-07,6.229601581253519e-07,6.395846980922215e-07,6.410352852981305e-07,6.423122727028385e-07,1.530412987449381e-06,1.5434902707056608e-06,1.5356540643551853e-06,3.814500360022066e-08,1.1872081984165561e-07,3.402100545724096e-10,3.458651365306764e-09,0.0,2.9529503842162796e-10,0.0,0.0,3.3817137978786604e-10,3.0996402666794154e-10,2.3047154462663144e-10,0.0,6.694011123187238e-09,2.7462698781732797e-10,9.243141363413088e-09,0.0,4.474317583103016e-10,6.75515088310874e-10,7.709742178008128e-09,2.642414898001988e-10,5.084581089498386e-10,1.4448546359346892e-08,0.0,6.411650654847278e-10,5.176777406745714e-08,4.412926202235212e-08,3.851427976542254e-08,1.0907479364163919e-08,5.366852739996375e-09,4.055101854305576e-08,9.599583350450303e-09,2.9180360350267165e-09,5.146434389757815e-10,6.402276486738856e-10,7.035182991721456e-10,1.8366503873323836e-09,0.0,0.0,7.383889499834595e-09,1.4218425548051528e-08,2.382685551083341e-07,1.6983719319796364e-08
0.0,3.1377065181732178,-0.07327163964509964,3.063556432723999,-3.1206936836242676,0.025667672976851463,-3.120408296585083,0.02580939419567585,-3.1205172538757324,0.025505226105451584,-0.009488933719694614,-0.009357343427836895,-0.009173018857836723,3.136766195297241,3.136759042739868,3.1367573738098145,-0.7876024842262268,-0.7865694761276245,2.385404109954834,2.349381923675537,0.0,2.3787782192230225,0.0,0.0,2.344344139099121,2.3993515968322754,-0.7967987060546875,0.0,2.3530821800231934,2.3348121643066406,2.3556923866271973,0.0,2.369338035583496,2.400430679321289,2.3509132862091064,2.3282816410064697,2.3852856159210205,2.354020118713379,0.0,2.3609886169433594,2.3610424995422363,-0.7852510809898376,-0.7869666814804077,2.3529844284057617,2.3567373752593994,-0.785455048084259,-0.7904606461524963,-0.79891037940979,2.3528897762298584,2.3240528106689453,2.360783100128174,-0.7929015755653381,0.0,0.0,-0.7975090146064758,-0.7919190526008606,-0.6477085947990417,2.3509976863861084
127.5962665266256,127.28046590016089,129.69267014895595,129.3708452956433,99.57310685270883,99.59626119399518,99.60535900596963,99.62894364917368,99.54146258628415,99.56248590854946,98.89330495480662,98.92329631545215,98.86189291481374,98.91410971101848,98.94455869433841,98.88265668989058,20.670614711654373,24.39668780957143,95.38572960843828,95.8283736779793,95.10028917283428,94.70730057855926,95.56595097987824,95.69399653624846,95.10028917283428,95.3413333788332,96.22938774452909,96.02502165437313,95.69399653624846,95.56595097987824,97.5566232738568,96.54728523906898,96.02502165437313,97.42650133997888,97.46418349362985,97.13084294137654,96.54728523906898,98.47542032100691,97.72119668190825,97.29627695326342,97.25232468595439,97.13189479050872,96.8724705454533,98.18110063948188,97.4433514166613,97.01533761232245,98.85468706523937,98.33259423527278,97.72119668190825,97.35540590090822,97.63103135467492,98.02073462795916,98.91034627678582,98.88247910497216,98.79766181585894,98.91034627678582,98.88247910497216,98.60045376395317
86.99999900590097,-138.60673637436125,86.99999900590097,-138.60625826111936,-128.01548987750266,76.1648737745379,-133.49931215832248,81.66253401861617,-139.32191182197496,87.49598002267062,-128.01717010403846,-133.50017276215792,-139.31995838787233,76.1648737745379,81.66253401861617,87.49598685285979,-159.6790310960095,-162.53415945210153,-4.278505201290034,-5.532646180554381,130.3725744996957,129.52574032564084,131.37670793033595,59.12939843728561,130.3725744996957,59.434940119616954,58.67960315968359,132.37672958709587,59.12939843728561,131.37670793033595,116.22105091683292,133.5044074794433,132.37672958709587,116.10816155023096,135.5423583428567,57.88885849909287,133.5044074794433,107.66392354726332,57.41701537085005,106.24713740772758,115.9729238046647,87.49661523026343,76.14880916961002,116.70580310260708,135.00954894608233,81.65493884825912,70.66588847376062,112.22002172368784,57.41701537085005,134.81749768699993,116.27573341132805,121.1406585910747,77.53656700517321,87.19861407677578,94.02342105772256,77.53656700517321,87.19861407677578,56.72562947211551
52.40372823704698,52.71974401447054,129.69273845084766,129.37126876737184,99.57292926779041,99.59624753361683,99.60604202488663,99.62894364917368,99.5407454164213,99.56248590854946,81.10761529949849,81.07677699539587,81.13759299976567,81.08588163755951,81.05544631461792,81.11734148887659,48.31950733981113,51.78048713566165,84.61427540051805,84.17163133097704,84.89972266631122,85.29270443039708,84.4340540290781,84.30600847270787,84.89972266631122,84.65867163012314,83.77061726442724,83.9749833545832,84.30600847270787,84.4340540290781,82.44337490491037,83.45271976988734,83.9749833545832,82.57350366897745,82.53581468513732,82.86915523739063,83.45271976988734,81.52458468794943,82.27880832704808,82.70372805569292,82.74768032300194,78.50725982963708,78.0782283271119,81.81890436947444,82.5566604224842,78.18264825914305,81.14531111352778,81.66741760387274,82.27880832704808,82.64460593823729,82.36896682409225,81.97927038099718,81.08965873217052,81.11752590398417,81.20234319309739,81.08965873217052,81.11752590398417,81.399544414814
-93.00000600305536,-93.27526262660687,-92.99996502192033,-93.2752557964177,70.7140891187334,70.68368111654851,78.97148046676617,78.92742574661959,87.80613208269173,87.74856041817769,70.71410960930092,78.97148046676617,87.80611159212422,70.68366745617017,78.92743257680876,87.74858773893438,-95.72012884001293,-93.48537973604397,-18.198171609474382,-20.534188513172538,140.30854630796165,138.4989696496368,142.4932096347469,51.30826151682531,140.30854630796165,52.229056394307655,49.89176566032929,144.69967492536284,51.30826151682531,142.4932096347469,127.52754116319693,147.24521812713488,144.69967492536284,127.14831540009949,151.898120574666,47.36243732764685,147.24521812713488,117.19779528890143,45.69571407581283,113.68754250837844,126.66604940318322,87.749537135229,70.6596525110484,129.30926431008646,151.2023292039168,78.91597151938147,62.58813110089919,123.40240743283272,45.69571407581283,150.75492449252428,127.73246049867566,134.94330977151157,72.73904213215626,87.29976234819449,97.54041523495636,72.73904213215626,87.29976234819449,43.124468872194015
57
2.104958696236281e-07,2.1200645505814464e-07,2.1674610195532296e-07,2.1821338691552228e-07,8.332257266374654e-07,8.312223371831351e-07,8.299799674205133e-07,8.280278507299954e-07,8.351642009074567e-07,8.332854122272693e-07,8.316218327308889e-07,8.283697070510243e-07,8.335639449796872e-07,8.296144642372383e-07,8.264138386948616e-07,8.316815183206927e-07,2.896372052418883e-06,2.530869949168846e-07,2.1661035987108335e-07,1.3710174471270875e-06,1.2673884839387028e-06,-1.0,1.5626217191311298e-06,-1.0,-1.0,1.44227567488997e-06,1.3812444876748486e-06,1.1852855550387176e-06,-1.0,1.2960933872818714e-06,1.3216874776844634e-06,9.747008107297006e-07,-1.0,1.2210723525640788e-06,9.91728143162618e-07,9.85973997558176e-07,1.0363987712480593e-06,1.123786773860047e-06,8.699206546225469e-07,1.0099312248712522e-06,1.0154756182600977e-06,8.322608664457221e-07,8.303834420075873e-07,9.005450465338072e-07,9.88741248875158e-07,8.271081242128275e-07,8.355167437912314e-07,8.844841659083613e-07,1.0005375088439905e-06,9.652268317950075e-07,9.182640496874228e-07,-1.0,-1.0,8.391707524424419e-07,8.298699185615988e-07,8.31728357297834e-07,8.607819381722948e-07
1.350170532532502e-05,4.648568392440211e-06,2.8525732886919286e-06,9.426177030036342e-07,2.5759496224964096e-07,6.181068101795972e-07,2.5747709742063307e-07,6.214452810127113e-07,2.6008422082668403e-07,6.229657856238191e-07,6.363886200233537e-07,6.384380526469613e-07,6.404660553016583e-07,1.5272988775905105e-06,1.5418634120578645e-06,1.535681917630427e-06,9.445072635116958e-08,3.788745672750338e-08,1.1774108088502544e-07,3.387708169544368e-10,3.450467911392252e-09,0.0,2.9648822286176824e-10,0.0,0.0,3.4045399832649537e-10,3.071091714268448e-10,2.398477250142861e-10,0.0,6.599998325640399e-09,2.792619469005331e-10,9.388702260082482e-09,0.0,4.503666883870494e-10,6.77536693416414e-10,7.803878432355305e-09,2.643129048962578e-10,5.113544587764807e-10,1.480711375734245e-08,6.414866415838105e-10,5.8236636846231704e-08,4.412860832303522e-08,3.85864993290852e-08,1.1101216834674688e-08,5.420522253274385e-09,4.061016767309411e-08,9.119245802935438e-09,3.0183646693160426e-09,6.438899413652166e-10,7.05751734830784e-10,1.8929606770967666e-09,0.0,0.0,7.736026041982313e-09,1.334891308601982e-08,1.4535892489675462e-07,1.6531743085579365e-08
0.0,3.1377975940704346,-0.07327163964509964,3.063657522201538,-3.1207287311553955,0.025624873116612434,-3.1204209327697754,0.02578696422278881,-3.1205055713653564,0.025505589321255684,-0.009480742737650871,-0.009347593411803246,-0.00916229747235775,3.136767625808716,3.1367597579956055,3.1367573738098145,-0.00430398341268301,-0.7882225513458252,-0.7867423892021179,2.3217337131500244,2.3563625812530518,0.0,2.3613367080688477,0.0,0.0,2.4203040599823,2.391494035720825,-0.800548255443573,0.0,2.354464292526245,2.231426954269409,2.3535680770874023,0.0,2.3050498962402344,2.4005839824676514,2.3544695377349854,2.336442232131958,2.322086811065674,2.3514180183410645,2.3608663082122803,2.3644332885742188,-0.784989595413208,-0.7858099341392517,2.3526504039764404,2.35356068611145,-0.7857416868209839,-0.78831547498703,-0.8003140091896057,2.3617124557495117,2.3844099044799805,-0.8029419183731079,0.0,0.0,-0.7924074530601501,-0.7912340760231018,-0.7314633727073669,2.350996971130371
127.5962665266256,127.28158605118477,129.69268380933428,129.37394620152648,99.5624312670361,99.5865281744279,99.60081693017158,99.62386198843119,99.54137379382495,99.56256787081949,98.88245861440465,98.91840590000642,98.86223442427224,98.90505288017906,98.93981854305441,98.88273182197145,92.73944111640854,21.106003412749544,24.91816421496544,95.37473983406373,95.81566269593391,95.10845807908161,94.71410344697259,95.57597086739065,95.68643551683726,95.10845807908161,95.33482420855418,96.22004404574452,96.0370564476907,95.68643551683726,95.57597086739065,97.57104863338387,96.56188818351448,96.0370564476907,97.44031881266982,97.48399104222288,97.11792705365605,96.56188818351448,98.48933341634623,97.30547721807542,97.26537717745828,97.13190845088707,96.87133673405107,98.19862007470297,97.4629199086334,97.01470923491881,98.84164140392465,98.34854272698475,97.37444846831421,97.64580505384966,98.03936055382579,98.9022866535652,98.88223321816204,98.80283226906064,98.9022866535652,98.88223321816204,98.58013395117237
88.00000700228254,-139.59469591704692,88.00000700228254,-139.5943544075884,-128.21034151414477,76.35966393947749,-133.7012535313231,81.86454369350847,-139.52307455341017,87.69894592404673,-128.20864762723062,-133.7012535313231,-139.52112111930754,76.35966393947749,81.86454369350847,87.69895275423589,-21.03744368140825,-160.97546930236962,-163.80573576988283,-4.278505201290034,-5.532646607441205,130.3725744996957,129.52574032564084,131.37670793033595,59.12939843728561,130.3725744996957,59.434940119616954,58.67960315968359,132.37672958709587,59.12939843728561,131.37670793033595,116.22105091683292,133.5044074794433,132.37672958709587,116.10816155023096,135.5423583428567,57.88885849909287,133.5044074794433,107.66392354726332,106.24713740772758,115.9729238046647,87.69857026364237,76.34254065522826,116.70580310260708,135.0095626064607,81.85585569288422,70.66588847376062,112.22002172368784,134.81749768699993,116.27573341132805,121.1406585910747,77.53656700517321,87.19861407677578,94.02342105772256,77.53656700517321,87.19861407677578,56.72562947211551
52.40372823704698,52.71740467467981,129.69265648857763,129.37368665433803,99.56326455011484,99.5865281744279,99.60100817546834,99.62386198843119,99.54085469944803,99.56257470100867,81.11661748882456,81.08146250516651,81.13748371673896,81.09494529858812,81.06017963571274,81.11725952660655,92.73944111640854,48.27973173317956,51.77305930493926,84.6252651748926,84.18434231302243,84.89154009968556,85.28589473179457,84.42403414156568,84.31356949211907,84.89154009968556,84.66517397021299,83.77996096321182,83.96294173107647,84.31356949211907,84.42403414156568,82.42895637557247,83.43811682544185,83.96294173107647,82.55968619628652,82.51601396673345,82.88207795530029,83.43811682544185,81.51066476242094,82.69452779088091,82.73463466168722,78.50703443339447,78.10515976300925,81.80139176444253,82.53708510032294,78.19658867523906,81.15836360503168,81.65146228197158,82.62556337083129,82.35419995510668,81.96064445513055,81.09771835539114,81.11776496060513,81.19717273989569,81.09771835539114,81.11776496060513,81.41986422759479
-91.99999800667379,-92.28659274424753,-92.00002532743046,-92.2866678763284,70.5197770670357,70.48889778179809,78.76995573530495,78.72542973210562,87.60360331342251,87.54560817717993,70.5197770670357,78.76993524473743,87.60361697380085,70.48889095160891,78.72542290191646,87.54562183755827,149.11375297837526,-94.83277115361238,-92.50426404290666,-18.13333262368345,-20.454319696112996,140.15613746682197,138.35329537501877,142.33443505730077,51.07404066980723,140.15613746682197,52.00836615203537,49.637518698664735,144.53651536646956,51.07404066980723,142.33443505730077,127.2186253674156,147.079422115222,144.53651536646956,126.84388020841368,151.7347834308543,47.07657000521972,147.079422115222,116.78843473118589,113.33396410561438,126.36781602326379,87.54504127147882,70.46334604411307,128.9793798335532,151.03512617303488,78.71232259908838,62.13664876657218,123.03201993452126,150.58720236726543,127.42094923100971,134.65422884507993,72.24828621010167,86.79050344367835,97.04566365223731,72.24828621010167,86.79050344367835,42.79294856535452
59
2.104958696236281e-07,2.1199458899445744e-07,2.1674610195532296e-07,2.1820196138833126e-07,8.341163493241766e-07,8.321144377987366e-07,8.304699576910934e-07,8.285198873636546e-07,8.352142231160542e-07,8.333385039804853e-07,8.325141607201658e-07,8.28860720503144e-07,8.336141945619602e-07,8.305083838422433e-07,8.26907012196898e-07,8.317346100739087e-07,2.893838427553419e-06,2.529775429138681e-07,2.1658986781858403e-07,1.3737947028857889e-06,1.2701279956672806e-06,-1.0,1.5604066447849618e-06,-1.0,-1.0,1.44000432555913e-06,1.3829724139213795e-06,1.1871060223711538e-06,-1.0,1.2978583754374995e-06,1.3193512131692842e-06,9.72902171270107e-07,-1.0,1.218673787661828e-06,9.899436008709017e-07,9.833991043706192e-07,1.038315076584695e-06,1.1213212474103784e-06,8.685655075169052e-07,-1.0,1.0087268265124294e-06,1.0137093795492547e-06,8.323135034515872e-07,8.312700856549782e-07,8.98681264516199e-07,9.861823855317198e-07,8.275975460492191e-07,8.368040198547533e-07,8.828594673104817e-07,9.597639518688084e-07,9.979886499422719e-07,9.634206890041241e-07,9.16190629141056e-07,-1.0,-1.0,8.387556817979203e-07,8.306864174301154e-07,8.318269237861387e-07,8.62847855387372e-07
1.3501701687346213e-05,4.712965619546594e-06,2.852572379197227e-06,9.58215082391689e-07,2.5658724212007655e-07,6.174586815177463e-07,2.56609922644202e-07,6.210909191395331e-07,2.5938817316273344e-07,6.229264499779674e-07,6.331914619295276e-07,6.358709470077883e-07,6.386670179381326e-07,1.5239781987474998e-06,1.540015659884375e-06,1.5354835340986028e-06,9.471120421267187e-08,3.761981659522462e-08,1.1672632638237701e-07,3.372749857177837e-10,3.44329209589489e-09,0.0,2.97754376710202e-10,0.0,0.0,3.413334892510278e-10,3.041695229022423e-10,2.4916976815170244e-10,0.0,6.5083272104971e-09,2.8081498237853e-10,9.538929646168981e-09,0.0,4.5214726407394323e-10,6.789756534786306e-10,7.90107090864467e-09,2.6444207934517294e-10,5.140091130506619e-10,1.5186351731699688e-08,0.0,6.416794318120367e-10,6.674569874576264e-08,4.413694654203937e-08,3.866401598884295e-08,1.130231552792793e-08,5.475109698949154e-09,4.067745962288427e-08,8.67443272767332e-09,3.1230118491265557e-09,5.017761206538296e-10,6.484412451435162e-10,7.075083852114972e-10,1.951731443128324e-09,0.0,0.0,8.112597704723612e-09,1.2559425499603094e-08,1.0282592910471067e-07,1.610848165967127e-08
0.0,3.137885332107544,-0.07327164709568024,3.0637545585632324,-3.1207666397094727,0.025579305365681648,-3.120436668395996,0.025761520490050316,-3.1204967498779297,0.025502901524305344,-0.009472362697124481,-0.009337727911770344,-0.009151496924459934,3.1367690563201904,3.136760711669922,3.1367576122283936,-0.004296051803976297,-0.7880794405937195,-0.7866690754890442,2.3777143955230713,2.358097791671753,0.0,2.343933582305908,0.0,0.0,2.386326313018799,2.352810859680176,-0.8215444087982178,0.0,2.3504421710968018,2.2927889823913574,2.3511812686920166,0.0,2.3934388160705566,2.3768484592437744,2.3509178161621094,2.386380672454834,2.393218755722046,2.3541359901428223,0.0,2.3439078330993652,2.3680222034454346,-0.7857431173324585,-0.786649227142334,2.3537864685058594,2.3544468879699707,-0.7857199907302856,-0.7880545258522034,-0.7899147868156433,2.360546350479126,2.3994579315185547,2.3449161052703857,-0.8038556575775146,0.0,0.0,-0.7895727157592773,-0.7932798862457275,-0.7593200206756592,2.3501312732696533
127.5962665266256,127.2856568439301,129.69268380933428,129.37471118271353,99.55309439844069,99.57614628688948,99.594888325972,99.61809730877171,99.5406566239621,99.56194632360503,98.87390038737462,98.91320129585888,98.86106646192417,98.89538816250348,98.93444318417761,98.88216491627034,92.74183851280722,21.549429538950527,25.448079319079003,95.36383885214839,95.80307465729356,95.11653819286974,94.72081069273754,95.58586781149799,95.67866959175096,95.11653819286974,95.32813745335673,96.21046129033898,96.0489887881707,95.67866959175096,95.58586781149799,97.58513248345243,96.57638184493324,96.0489887881707,97.4538084362806,97.50369613797837,97.10472429799042,96.57638184493324,98.50267277579526,97.68958656642943,97.31424718096972,97.27810181988201,97.13183331880619,96.87012779056798,98.21573652876303,97.48239960814627,97.0140057254343,98.82792638407126,98.36401310545483,97.68958656642943,97.39338175269349,97.66023041337672,98.0576722909906,98.89346887934671,98.88117453884068,98.80722408069695,98.89346887934671,98.88117453884068,98.55943847798724
89.00000133828577,-140.58421274286334,89.00000133828577,-140.58094791244008,-128.40337632046766,76.55296512317801,-133.90274411183844,82.0657474060787,-139.72640928500144,87.90187767447696,-128.40337632046766,-133.90274411183844,-139.7225024167962,76.55296512317801,82.0657474060787,87.90187767447696,-21.00913425484584,-162.2174982218014,-165.0244191027315,-4.278505201290034,-5.532646180554381,130.3725744996957,129.52574032564084,131.37670793033595,59.12939843728561,130.3725744996957,59.434940119616954,58.67960315968359,132.37672958709587,59.12939843728561,131.37670793033595,116.22105091683292,133.5044074794433,132.37672958709587,116.10816155023096,135.5423583428567,57.88885849909287,133.5044074794433,107.66392354726332,57.41701537085005,106.24713740772758,115.9729238046647,87.90048431588629,76.53481048036411,116.70580310260708,135.0095626064607,82.05598023556558,70.66588847376062,112.22002172368784,57.41701537085005,134.81749768699993,116.27573341132805,121.1406585910747,77.53656700517321,87.19861407677578,94.02342105772256,77.53656700517321,87.19861407677578,56.72562947211551
52.40372823704698,52.71497654242987,129.69268380933428,129.37607722054753,99.55295096446812,99.57614628688948,99.59528447694386,99.61808364839337,99.54028096355775,99.56195998398337,81.1262207347976,81.08678322252995,81.13802330168339,81.10461684645286,81.06555499458955,81.11783326249683,92.74183851280722,48.238197352836714,51.76531045532588,84.63616615680795,84.19693035166276,84.8834668160866,85.27919431621879,84.41413719745834,84.32132858701621,84.8834668160866,84.6718675555996,83.78953688842819,83.95101622078562,84.32132858701621,84.41413719745834,82.41487252550391,83.42362316402308,83.95101622078562,82.54619657267574,82.49630887097797,82.89528071096592,83.42362316402308,81.49733223316107,82.3104184425269,82.68575099779744,82.72190318907433,78.50868050898444,78.1338260669558,81.7842684801933,82.51760540081007,78.2124073933568,81.17207862488506,81.63597824312316,82.3104184425269,82.60662325626285,82.33977459557961,81.94233271796574,81.10653612960962,81.11883047011565,81.19278775844855,81.10653612960962,81.11883047011565,81.4405665309691
-91.00000367067057,-91.29783406942897,-90.99998318010306,-91.29786139018564,70.32691301544206,70.29558976790838,78.56920281521992,78.52421918934623,87.40118382718002,87.34267642674969,70.32691301544206,78.56918915484158,87.4011633366125,70.29558293771922,78.52421235915705,87.3426969173172,149.08540769331972,-93.94397912748614,-91.52285465163504,-18.065005118773936,-20.37087527502295,139.99917971969506,138.20359128879042,142.17048319646378,50.84426969103342,139.99917971969506,51.79165449495462,49.38850366190441,144.36752282602512,50.84426969103342,142.17048319646378,126.90248323149238,146.9070418009492,144.36752282602512,126.53245090301778,151.56356424874042,46.79739968327379,146.9070418009492,116.37183417295013,45.09291914570794,112.97535868362121,126.06288905795775,87.34059321905283,70.26858319993015,128.64103958282743,150.86004110385076,78.50950696187401,61.692358621441194,122.65362745450255,45.09291914570794,150.4117211471095,127.10206135904016,134.35654188029412,71.7622840997094,86.28162702975571,96.54817316366109,71.7622840997094,86.28162702975571,42.470932466745104
57
2.104958696236281e-07,2.1198232502683823e-07,2.1674610195532296e-07,2.1819002427037049e-07,8.350635880560731e-07,8.330631544595235e-07,8.310189514304511e-07,8.290712685266044e-07,8.353243856618064e-07,8.334515086971805e-07,8.334632184414659e-07,8.294108511108789e-07,8.337243571077124e-07,8.314589194924338e-07,8.274591891677119e-07,8.318479558511171e-07,2.891331405407982e-06,2.5286399818469363e-07,2.165686225907848e-07,1.376558202537126e-06,1.2728522733596037e-06,-1.0,1.5582297692162683e-06,-1.0,-1.0,1.4377698107637116e-06,1.384749452881806e-06,1.1889752613569726e-06,-1.0,1.2996721352465102e-06,1.3170501915737987e-06,9.711560551295406e-07,-1.0,1.2163092151240562e-06,9.882118092718883e-07,9.80851723397791e-07,1.0402790167063358e-06,1.118887439588434e-06,8.672739113535499e-07,1.0075850696011912e-06,1.011995664157439e-06,8.324260534209316e-07,8.322128906002035e-07,8.968695510702673e-07,9.836517165240366e-07,8.281457439807127e-07,8.381555289815878e-07,8.812925216261647e-07,9.95468440123659e-07,9.616669558454305e-07,9.141633654508041e-07,-1.0,-1.0,8.38415189718944e-07,8.315740842590458e-07,8.320010920215282e-07,8.649594747112133e-07
1.3501701687346213e-05,4.782014002557844e-06,2.8525721518235514e-06,9.746848945724196e-07,2.5560356675669027e-07,6.167678634483309e-07,2.557753191467782e-07,6.206935267982772e-07,2.587309779755742e-07,6.228434017430118e-07,6.300169843598269e-07,6.333387432277959e-07,6.369196512423514e-07,1.5204533383439411e-06,1.5379478099930566e-06,1.5350600506280898e-06,9.498053543666174e-08,3.7342040570820245e-08,1.1567859559136195e-07,3.3584385272789063e-10,3.4365927881196967e-09,0.0,2.9936858547685574e-10,0.0,0.0,3.428114458969844e-10,3.0147556673298936e-10,2.580873015300966e-10,0.0,6.4189027426664325e-09,2.8360150339246104e-10,9.693798652676833e-09,0.0,4.5439757512255596e-10,6.805450647462408e-10,8.001271645241559e-09,2.6422133925230185e-10,5.167525851668131e-10,1.5588662805043896e-08,6.416402409392674e-10,7.84268507914021e-08,4.4156116985050176e-08,3.874676579584957e-08,1.1511330555435961e-08,5.5306643709229775e-09,4.075156567751037e-08,8.261309858426102e-09,3.2333311583698787e-09,6.516938100276093e-10,7.094893561543358e-10,2.013234023934274e-09,0.0,0.0,8.527581307760101e-09,1.1839478730735209e-08,7.897724429994923e-08,1.5711176359900492e-08
0.0,3.137969493865967,-0.07327164709568024,3.0638482570648193,-3.120807409286499,0.025531016290187836,-3.120455503463745,0.02573304995894432,-3.1204912662506104,0.025497175753116608,-0.009463944472372532,-0.0093278419226408,-0.009140410460531712,3.136770725250244,3.1367616653442383,3.1367576122283936,-0.004288199357688427,-0.7886319756507874,-0.7867833375930786,2.3856053352355957,2.3598012924194336,0.0,2.412121295928955,0.0,0.0,2.3707709312438965,2.3996379375457764,-0.7404869198799133,0.0,2.3510451316833496,2.396223306655884,2.350170135498047,0.0,2.313244342803955,2.344726324081421,2.352829933166504,2.3770933151245117,2.377551317214966,2.3540191650390625,2.36873197555542,2.3751144409179688,-0.784500241279602,-0.7865535020828247,2.3547048568725586,2.35717511177063,-0.7859663367271423,-0.7951786518096924,-0.798623263835907,2.338824510574341,2.384460210800171,-0.8085736036300659,0.0,0.0,-0.7917813062667847,-0.790912389755249,-0.771448016166687,2.351477861404419
127.5962665266256,127.28754197614103,129.69268380933428,129.3784541263787,99.54198168066108,99.56514285213659,99.58852258966554,99.61163594981687,99.53893541629125,99.56064175747356,98.86325895264774,98.90695850295748,98.86116208457256,98.88513604855929,98.92843261770801,98.8809423124089,92.74421541863838,22.000233977002416,25.98559130109691,95.3530403230706,95.79061639224747,95.12451585382031,94.72742914604328,95.59565547257863,95.67071925155706,95.12451585382031,95.3212867736192,96.20065996888002,96.0607913550565,95.67071925155706,95.59565547257863,97.59884750330582,96.59074573275778,96.0607913550565,97.46694289005453,97.5232987808963,97.0912415045688,96.59074573275778,98.51543156916485,97.32258001175714,97.29049178303642,97.13166939426611,96.86886420557153,98.23245000166204,97.50176319444326,97.01322025367975,98.81357615662507,98.37899171030467,97.41220575404604,97.67428011249943,98.07565617907524,98.88389978431952,98.87930306700811,98.81083042057872,98.88389978431952,98.87930306700811,98.53838783496526
90.00000250447816,-141.57303288938445,90.00000250447816,-141.57125704020024,-128.59441671155292,76.74468853318027,-134.10192608841436,82.2660495336785,-139.92716220508646,88.10465916074548,-128.59441671155292,-134.10192608841436,-139.92912929956742,76.74468853318027,82.26604270348933,88.10465916074548,-20.979895922556306,-163.40745377900103,-166.19193065831848,-4.278505201290034,-5.532646607441205,130.3725744996957,129.52574032564084,131.37670793033595,59.12939843728561,130.3725744996957,59.434940119616954,58.67960315968359,132.37672958709587,59.12939843728561,131.37670793033595,116.22105091683292,133.5044074794433,132.37672958709587,116.10816155023096,135.5423583428567,57.88885849909287,133.5044074794433,107.66392354726332,106.24713740772758,115.9729238046647,88.1022617643468,76.72554351293672,116.70580310260708,135.0095626064607,82.2552100234657,70.66588847376062,112.22002172368784,134.81749768699993,116.27573341132805,121.1406585910747,77.53656700517321,87.19861407677578,94.02342105772256,77.53656700517321,87.19861407677578,56.72562947211551
52.40372823704698,52.712449372436964,129.69269746971264,129.37864537167545,99.54201583160693,99.56514285213659,99.58889141988072,99.61163594981687,99.53900371818295,99.56064858766273,81.13640454685009,81.09274597767536,81.1392049244098,81.11486896039703,81.07157239124832,81.11904903616909,92.74422224882755,48.19490419878259,51.757261077389025,84.64696468588573,84.20938861670886,84.87548232494684,85.27257586291306,84.40434270618854,84.32928575739928,84.87548232494684,84.67871823533713,83.79934504007632,83.93921365389984,84.32928575739928,84.40434270618854,82.40115750565052,83.40925244600939,83.93921365389984,82.53305528871263,82.47670622806004,82.90875667419836,83.40925244600939,81.48457343979149,82.6774249971992,82.70951322591992,78.512198056407,78.16418625781651,81.76756183748346,82.49824181451308,78.23009075311796,81.18642885233126,81.6210064684625,82.5877992549103,82.3257248964569,81.9243488298811,81.11610522463681,81.12070194194823,81.18917458837761,81.11610522463681,81.12070194194823,81.46161717399107
-90.00000250447816,-90.30900026252954,-90.00000250447816,-90.30904124366457,70.13562673754669,70.10387318809529,78.36935148010535,78.32391706174643,87.19881215226171,87.13989494048118,70.13561990735751,78.36934464991619,87.19883264282922,70.10385952771695,78.32391706174643,87.13990860085951,149.05620180442875,-93.05368445974248,-90.5411310716616,-17.99325739663754,-20.283925259341395,139.83770038733763,138.04988471170847,142.00134039185758,50.61904420315225,139.83770038733763,51.57900680043003,49.144799097223775,144.19268364365112,50.61904420315225,142.00134039185758,126.57921037807569,146.72804986355985,144.19268364365112,126.21416408769518,151.38438106605432,46.52499466370075,146.72804986355985,115.94826682176095,112.61192431788483,125.75140511104848,87.13628860059941,70.0754459407697,128.29435284093591,150.67701935485113,78.30762706057595,61.2555407032622,122.26738025693834,150.22842619054302,126.77591982617206,134.05030351866742,71.28143195195135,85.77359755929017,96.0483740711454,71.28143195195135,85.77359755929017,42.15846155750077
