2
3.408593443054997e-07,2.45132781628854e-07
3.0976998459664173e-06,8.03406294380693e-07
2.8623056411743164,-0.7813679575920105
94.77143605486567,96.64190384964118
-100.04091333915217,-129.45596311308
85.22847333144227,83.35809432912599
18.957164428161004,-32.13997423387192
2
3.360378570960165e-07,2.362129265520707e-07
3.0630335459136404e-06,8.809939799903077e-07
2.860596179962158,-0.7813528180122375
94.84005896545679,96.89391050925796
-101.33717396059387,-129.45596311308
85.15983676047281,83.1060876695092
20.25291961560412,-31.37240099004047
2
3.344626122725458e-07,2.2731376247975277e-07
4.047253696626285e-06,9.723723906063242e-07
2.9910993576049805,-0.7813445925712585
96.58583482674455,97.16519196271253
-87.58723134998199,-129.45596311308
96.58576652485284,82.83480621605463
-60.96678079572157,-30.375541710866283
1
2.184446827868669e-07
1.0833005035237875e-06
-0.7816652655601501
97.45772213467501
-129.45596311308
82.54227604409215
-29.030588670831563
3
2.7169213012712135e-07,2.704607595660491e-07,2.0962160363069415e-07
5.254587904346408e-06,1.8071532394969836e-05,1.224704419655609e-06
-0.10853900015354156,2.9821677207946777,-0.7826972007751465
98.1166851254195,96.0175152764753,97.77352276113972
-98.88797740725401,-98.88797740725401,-129.45596311308
98.11632312539349,83.9827492796695,82.22647541762744
20.48612447198316,20.48612617953045,-27.11858649571321
5
2.658790094756114e-07,2.568008881098649e-07,2.554977527324809e-07,4.0978912352329644e-07,2.008768547057116e-07
1.831219378800597e-05,1.1310598893032875e-05,4.159555464866571e-05,1.097100810198981e-08,1.4207475942384917e-06
2.981987953186035,3.101273536682129,-0.09879446774721146,-1.0646015405654907,-0.784228503704071
96.12159369904795,98.59078221608843,96.37132590567113,54.977408403104896,98.11416478561577
-100.55839579142902,-99.02258677541663,-99.02258677541663,-132.1746652706902,-129.45596311308
83.87867768728601,98.59073440476423,83.6287064240419,10.937544771741075,81.88584022334057
22.158306752511315,-90.58316405581385,-90.58316405581385,-83.79912647402288,-24.194027559160688
5
2.5147264182123763e-07,2.501415394817741e-07,3.6181990026307176e-07,4.0869215922612057e-07,1.9228751568789448e-07
1.1234994417463895e-05,4.29429164796602e-05,1.9116805560770445e-06,1.7062301793657753e-08,1.7309827171629877e-06
3.104665994644165,-0.09792675822973251,2.830486297607422,-0.9780433773994446,-0.786586582660675
98.77422060662745,96.50834633061075,94.49442407269747,54.879466905501495,98.4792247363746
-100.6769542150421,-100.6770020263663,-56.47728379389385,-130.6492927837296,-129.45596311308
98.77413864435742,83.49172698023729,85.5055741060697,9.99819824669933,81.52077344239255
-92.23692360860319,-92.23692360860319,-21.205650750098155,-88.53578753134585,-19.2025867854179
2
3.527517264956259e-07,1.840882077885908e-07
1.9262577097833855e-06,2.3049731225910364e-06
2.829094886779785,-0.7890127897262573
94.6102367602642,98.85986434863025
-73.16367499285595,-129.45596311308
85.38979556944881,81.14013383013692
-23.46619577101496,-9.045627621650794
3
1.7731551338329155e-07,1.230475277225196e-06,1.2260971971045365e-06
3.4158676953666145e-06,9.564507763570873e-08,4.0132329104380915e-07
-0.7762103080749512,-0.8761634230613708,2.2934482097625732
99.20115524107744,91.32033954274416,91.32505920346064
-129.45596311308,-121.08395436058525,-122.09039639516496
80.79884293768971,88.679658636023,88.6749458054957
17.862184358917702,-117.79295065241966,-119.11063074709853
34
1.756217926640602e-07,1.7751229108853295e-07,1.9899984238236357e-07,1.973153587186971e-07,3.353492843416461e-07,2.783808952244726e-07,2.695416014830698e-07,2.0136608327447902e-06,2.7367849497750285e-07,2.7464199092719355e-07,1.7002503227558918e-06,7.64913465900463e-07,4.525017516243679e-07,1.7643857574967114e-07,1.7779042593701888e-07,1.0360106443840778e-06,1.5878241583777708e-06,1.2289460755710024e-06,1.2247736549397814e-06,1.2350129736660165e-06,6.093742968005245e-07,1.1089683766840608e-06,7.208945476122608e-07,2.4931082407420035e-06,2.4483765628247056e-06,7.377594783974928e-07,7.24708741017821e-07,7.385212938970653e-07,1.258934958059399e-06,8.736847121326718e-07,9.497868518337782e-07,8.072890409493994e-07,8.373609716727515e-07,7.68334928125114e-07
0.00021173756977077574,1.9071345377597027e-05,1.770456765370909e-05,0.00012165136286057532,2.093729790431098e-06,1.8794627976603806e-05,6.683105766569497e-07,4.6042750057040394e-08,4.206208927826083e-07,2.5208728970937955e-07,7.049860784036355e-08,5.046250350915216e-08,9.752169916055209e-08,2.220860551460646e-06,2.1708908661821624e-06,1.2476012898332556e-06,3.148823779497434e-08,1.0444733078429635e-07,4.092781011877378e-07,3.104680246224234e-08,1.04109165022237e-06,2.276406974033307e-08,5.0508390359027544e-08,7.62482166294376e-09,1.033141643347335e-07,3.752642896870384e-06,4.4698703050016775e-07,1.408724301654729e-06,2.2836616153654177e-08,2.9169942905582502e-08,2.6311184342375782e-08,6.87726526393817e-07,4.167997857962291e-08,4.553820431851818e-08
0.0,-2.956348180770874,0.07792502641677856,3.106308937072754,2.8313658237457275,2.719235897064209,-0.7950138449668884,-0.8152171969413757,2.4243850708007812,2.4084432125091553,-0.822154700756073,2.4107775688171387,2.4102611541748047,-0.7426283955574036,-0.7946484088897705,2.3264496326446533,-0.9925387501716614,-0.8738398551940918,2.293461799621582,-0.9054097533226013,-0.8520181179046631,2.4108400344848633,2.4063007831573486,2.4222781658172607,2.311251640319824,2.4507100582122803,-0.882357120513916,-0.8192411661148071,2.409672737121582,2.4092583656311035,2.459122896194458,2.3106141090393066,2.4036715030670166,2.4020090103149414
99.29067853052881,102.47987826911535,101.1140658313554,98.26164906036385,94.85003104164501,95.8456813773361,48.20392004848701,39.81572374765933,95.94648813929633,95.92555360949024,62.663406615741906,92.12425963824383,93.59240880033808,99.24730682929922,102.85916550391532,91.56822759829143,91.02315118176773,91.32197878814496,91.32648671299717,91.31548327824429,92.66680888477462,91.46503027012172,92.25402640228491,90.65160938148655,90.66351440120988,92.20247896461882,92.2421623636966,92.20021134181438,91.29048478588203,91.85969909093257,91.71064387267538,92.01270898871918,91.94039777597627,92.11479982624337
-128.19613472067115,-128.1962576640762,-100.42871781984715,-100.42871781984715,-73.94230289785907,57.120940330708336,-97.45483296465609,34.45493024926434,9.566089743953059,-129.15402777063042,-123.06026959692844,43.57052462122545,-128.12572913070665,-129.45596311308,-129.55691330901277,52.01580422804152,51.412148694101205,-121.08396802096358,-122.09039639516496,-123.48186985363664,-126.63288200457364,-124.57944027212267,-126.09734053213128,48.428687913693786,48.186373292509245,50.6901430573175,-125.67045370900549,48.57773288666722,46.68764878859544,-124.97399297971762,44.788603482332604,43.78950390111065,43.975978310735755,50.76561323255155
80.70932647842753,102.48000804270957,101.11418877476046,81.73837643915999,85.14998079750049,84.15431680143105,45.193025813278226,45.707356133253114,84.05351686966,84.0744513994661,55.00853699024723,87.87574537071251,86.40759620861826,80.75269817965712,100.32691385026811,88.43177741066489,88.97685382718859,88.67802622081138,88.67351829595916,88.68452173071205,87.33319612418171,88.53497473883462,87.74597860667143,89.34839562746978,89.33649060774644,87.79752604433752,87.75784264525974,87.79979366714196,88.70952022307429,88.1402990878346,88.2893543060918,87.98728919004797,88.0596004027909,87.88520518271297
51.80386345809602,51.80469332608018,24.71231768130689,24.711822492592063,-22.687228064100637,53.028301225320455,27.13917268587163,38.309448469618076,42.00380216902959,-132.47728363205678,-121.67527115778994,46.60870546216843,-128.03801584138535,76.25038091275728,59.06378764011846,51.955032619901324,51.48925469964148,-118.75707283490198,-120.08277157166644,-121.94489970546536,-125.38869474536412,-123.24046364761172,-124.76802179510672,48.8672782659624,48.664442138180526,51.114120219856865,-124.08217517978906,49.80455780500657,47.925063915242895,-123.37977218592329,46.95144776981426,46.61902587800432,46.65745935246398,51.148011618518474
33
1.7582728162324202e-07,1.4165018455969403e-06,2.493487443189224e-07,1.777155773652339e-07,2.480064722476527e-07,2.0059624716850522e-07,1.989252780276729e-07,1.9510494553287572e-07,1.9338654055900406e-07,2.577380371349136e-07,2.7872613372892374e-07,2.670915648650407e-07,2.0121526631555753e-06,2.72304646387056e-07,2.7613018005467893e-07,7.641551746928599e-07,4.5279654159458005e-07,1.8254581846122164e-07,1.0360748774473905e-06,1.2275668268557638e-06,1.2236018847033847e-06,1.2341324691078626e-06,6.091465252211492e-07,1.1083019444413367e-06,7.205306928881328e-07,2.4926484911702573e-06,2.4478856630594237e-06,7.377130941677024e-07,7.242358037728991e-07,7.382685112133913e-07,1.2583533361976151e-06,8.730694389669225e-07,9.490680668022833e-07
0.00021149011445231736,1.4416812064155238e-06,5.197853624849813e-06,1.9165801859344356e-05,2.048044916591607e-05,1.1320986232021824e-05,7.55044529796578e-05,1.7488009689259343e-05,0.00012863425945397466,2.568208628872526e-06,1.232764043379575e-05,6.146727287159592e-07,4.621450955255568e-08,4.390486765259993e-07,2.0995268812384893e-07,5.1227225128513965e-08,1.0302686348495627e-07,4.6801997655165906e-07,1.0885969459195621e-06,1.1419850665106424e-07,4.1883819790200505e-07,2.948858579543412e-08,1.5045434338389896e-06,2.2318454639957963e-08,4.9186791528654794e-08,7.579637362198355e-09,1.0441557662943524e-07,5.58513920623227e-06,5.53326174212998e-07,1.804276053007925e-06,2.304941482123013e-08,2.8245615624200582e-08,2.6938998587411334e-08
0.0,-0.2282729595899582,-0.09502121061086655,-2.957505702972412,2.9838273525238037,-3.1042702198028564,-0.07320204377174377,0.08898814767599106,3.109070301055908,2.98490571975708,2.4984090328216553,-0.7933478951454163,-0.8152822256088257,2.4212777614593506,2.411468744277954,2.408853530883789,2.4121692180633545,-0.809215784072876,2.318449020385742,-0.871629536151886,2.293393611907959,-0.906905472278595,-0.8281950354576111,2.416308879852295,2.4067471027374268,2.4200124740600586,2.3108878135681152,2.6103665828704834,-0.8721916675567627,-0.7934163808822632,2.407338857650757,2.4143309593200684,2.4590532779693604
99.27973656747844,91.14692103971754,98.84958491392938,102.46538460769658,96.56463391956082,101.02442642868816,98.19422826306665,101.33886101731886,98.43069624232166,98.55941115723056,95.83842771643755,48.54235592186114,39.874231148089656,95.97660244334692,95.8935131920937,92.12636333650819,93.59006604545276,98.93535159933722,91.56813197564306,91.32346776938402,91.3277571281828,91.31642584434974,92.66781292258261,91.46590453433548,92.2551670438763,90.65173232489161,90.66365100499328,92.20262239859139,92.24363085436815,92.20096266262307,91.291085842529,91.8610104872532,91.71194160861768
-125.21116446845716,-123.5769051057482,-85.37026805861174,-125.21127375148387,-85.37026805861174,-157.63655864736558,-157.63655864736558,-102.83524618144193,-102.83523935125277,-173.9063697786594,57.120936915613754,-97.85168744600135,34.069844183859026,9.566089743953059,-129.15401411025206,43.57052462122545,-128.12572913070665,-129.45596311308,52.01580422804152,-121.08395436058525,-122.09039639516496,-123.48186985363664,-126.63288200457364,-124.57944027212267,-126.09734053213128,48.428687913693786,48.186369877414656,50.69013964222291,-125.67045370900549,48.57772947157263,46.68764878859544,-124.97399297971762,44.788603482332604
80.7202684414779,88.85309079942796,98.84952344222685,102.46548023034495,83.43541207053053,101.02451522114737,81.80566063267379,101.33894297958891,81.569322427013,98.55920625155545,84.16157729251877,43.9387503646646,45.66818499836309,84.02340256560942,84.1064986470518,87.87364167244813,86.40993896350358,81.06465340961911,88.43187303331328,88.67653723957231,88.67224788077354,88.68357916460658,87.33219208637372,88.53410047462086,87.74483796508004,89.34827268406472,89.33634717377387,87.79737578017577,87.75636732439902,87.79903551614409,88.70891233623817,88.13898769151396,88.28806340033866
54.788833710310016,-124.28664372278257,-8.52732042403167,54.789445012240726,-8.527349452335642,23.931589493134,23.931647549741943,27.118683825908885,27.118364514565187,-10.517570953828978,55.32563876774883,31.418354502776317,38.659697155161744,44.36710567846195,-142.55617031851608,47.71130973007276,-131.75352946684558,109.63506150021564,52.81148711540215,-119.72644060266687,-121.05944764184324,-122.91596136014441,-127.76695295398422,-124.34482327413274,-126.66012079898366,49.25524667119746,49.05896752501881,52.251425263839444,-125.9601766732191,50.94092369797827,48.64725738222878,-124.85625417880495,47.872188005783244
30
1.7649577443989983e-07,1.4159419379211613e-06,1.7837699317624356e-07,2.402349821295502e-07,1.915576461897217e-07,1.8980729521445028e-07,1.4161776107357582e-06,3.873327329984022e-07,2.794303952668997e-07,2.0106836018385366e-06,2.7130036528433266e-07,2.790892494886066e-07,7.635704832864576e-07,4.5367272605290054e-07,9.876240483208676e-07,1.905967650372986e-07,1.0362738294134033e-06,1.226339122695208e-06,1.222583250637399e-06,1.233404532285931e-06,6.092935223023233e-07,1.1078094530603266e-06,7.204650955827674e-07,2.4922503598645562e-06,2.4474568363075377e-06,7.378461077678367e-07,7.240588502099854e-07,7.381948989859666e-07,1.2578856285472284e-06,8.726869964448269e-07
0.00021068907517474145,1.447490376449423e-06,1.947087366716005e-05,2.1940088117844425e-05,1.7292299162363634e-05,0.0001361080794595182,1.171979874925455e-06,2.2338733174365188e-07,8.926990631152876e-06,4.637801254148144e-08,4.5712329210800817e-07,1.6970649596714793e-07,5.19948919475155e-08,1.0854631682377658e-07,2.9369016374403145e-07,1.857990810094634e-07,9.693883384898072e-07,1.250457586365883e-07,4.30245734150958e-07,2.8054117251485877e-08,2.4192177079385146e-06,2.185345415739448e-08,4.7824261883988584e-08,7.528273116008677e-09,1.0554353480074496e-07,9.128395504376385e-06,6.97550547101855e-07,2.433997678963351e-06,2.325487713505936e-08,2.729596992878669e-08
0.0,-0.22805197536945343,-2.9611685276031494,2.986550807952881,0.10076513141393661,3.112032890319824,2.9206573963165283,-0.760420024394989,2.4005680084228516,-0.8150673508644104,2.41762638092041,2.417975902557373,2.410881996154785,2.4146411418914795,-0.8285432457923889,-0.8197715282440186,2.3134658336639404,-0.8692284226417542,2.293417453765869,-0.9097771644592285,-0.7776411771774292,2.4159047603607178,2.4083824157714844,2.408644199371338,2.310847759246826,2.9529972076416016,-0.8615624308586121,-0.747016966342926,2.402040958404541,2.413456916809082
99.24426739511857,91.14737183220277,102.41842022696358,96.77795438771867,101.55172386280232,98.59086417835846,91.55215616317439,26.632584385320953,95.82365401726283,39.93409775616482,95.99880738833862,95.83080522532383,92.12798892153066,93.58311974306686,73.53485479311112,98.55501934559423,91.56783144731958,91.32479282608301,91.32886361882834,91.31719765572596,92.6671777149898,91.46656706268496,92.25537877974057,90.65183477772916,90.66376711820918,92.20222624761954,92.24418409969091,92.20118805886568,91.2915639557709,91.86182327976444
-122.24138455695727,-123.93710196181799,-122.24145285884897,-86.43919266371874,-105.33895447454766,-105.3388998330343,-123.93708830143966,-133.0380285025365,57.120936915613754,33.685120118479716,9.566089743953059,-129.15401411025206,43.57052120613087,-128.12572913070665,43.70979217840201,-129.45596311308,52.01580422804152,-121.08395436058525,-122.09039639516496,-123.48186985363664,-126.63288200457364,-124.57944027212267,-126.09734053213128,48.428687913693786,48.186369877414656,50.69013964222291,-125.67045370900549,48.57772947157263,46.68764878859544,-124.97399297971762
80.7557307836486,88.8526263465644,102.41847486847693,83.22200280991348,101.55173752318065,81.4091544909762,91.55214933298522,27.586329802906732,84.17635099169351,45.63004522203774,84.0011976206177,84.16919978363251,87.87201608742568,86.41688526588948,75.62623822640151,81.44498566336209,88.43217356163676,88.67521218287332,88.671141390128,88.68280735323037,87.33282729396653,88.53343794627136,87.74462622921577,89.348163401038,89.33623106055799,87.79777193114764,87.75582090926542,87.79881695009065,88.70843422299626,88.13817489900273
57.7586136218099,-124.65936714579016,57.758989282214245,-7.458546083086414,29.62241431712941,29.62194303407668,-124.6594491080602,66.52799595002682,57.61225632827487,39.01091231247297,46.75672590676636,-151.7999707562929,48.81708320575198,-135.43793841082555,48.02763628110356,121.70615727321673,53.66757619578238,-120.70061682360745,-122.04020816514371,-123.88998731692324,-130.14609908719643,-125.45191497632176,-128.5551977653387,49.643460963242646,49.453769534518464,53.38851515686317,-127.8426451103663,52.07810921365037,49.3705129436306,-126.33697088897202
30
1.7649577443989983e-07,1.4159419379211613e-06,1.7837699317624356e-07,2.402349821295502e-07,1.915576461897217e-07,1.8980729521445028e-07,1.4161776107357582e-06,3.873327329984022e-07,2.794303952668997e-07,2.0106836018385366e-06,2.7130036528433266e-07,2.790892494886066e-07,7.635704832864576e-07,4.5367272605290054e-07,9.876240483208676e-07,1.905967650372986e-07,1.0362738294134033e-06,1.226339122695208e-06,1.222583250637399e-06,1.233404532285931e-06,6.092935223023233e-07,1.1078094530603266e-06,7.204650955827674e-07,2.4922503598645562e-06,2.4474568363075377e-06,7.378461077678367e-07,7.240588502099854e-07,7.381948989859666e-07,1.2578856285472284e-06,8.726869964448269e-07
0.00021068907517474145,1.447490376449423e-06,1.947087366716005e-05,2.1940088117844425e-05,1.7292299162363634e-05,0.0001361080794595182,1.171979874925455e-06,2.2338733174365188e-07,8.926990631152876e-06,4.637801254148144e-08,4.5712329210800817e-07,1.6970649596714793e-07,5.19948919475155e-08,1.0854631682377658e-07,2.9369016374403145e-07,1.857990810094634e-07,9.693883384898072e-07,1.250457586365883e-07,4.30245734150958e-07,2.8054117251485877e-08,2.4192177079385146e-06,2.185345415739448e-08,4.7824261883988584e-08,7.528273116008677e-09,1.0554353480074496e-07,9.128395504376385e-06,6.97550547101855e-07,2.433997678963351e-06,2.325487713505936e-08,2.729596992878669e-08
0.0,-0.22805197536945343,-2.9611685276031494,2.986550807952881,0.10076513141393661,3.112032890319824,2.9206573963165283,-0.760420024394989,2.4005680084228516,-0.8150673508644104,2.41762638092041,2.417975902557373,2.410881996154785,2.4146411418914795,-0.8285432457923889,-0.8197715282440186,2.3134658336639404,-0.8692284226417542,2.293417453765869,-0.9097771644592285,-0.7776411771774292,2.4159047603607178,2.4083824157714844,2.408644199371338,2.310847759246826,2.9529972076416016,-0.8615624308586121,-0.747016966342926,2.402040958404541,2.413456916809082
99.24426739511857,91.14737183220277,102.41842022696358,96.77795438771867,101.55172386280232,98.59086417835846,91.55215616317439,26.632584385320953,95.82365401726283,39.93409775616482,95.99880738833862,95.83080522532383,92.12798892153066,93.58311974306686,73.53485479311112,98.55501934559423,91.56783144731958,91.32479282608301,91.32886361882834,91.31719765572596,92.6671777149898,91.46656706268496,92.25537877974057,90.65183477772916,90.66376711820918,92.20222624761954,92.24418409969091,92.20118805886568,91.2915639557709,91.86182327976444
-122.24138455695727,-123.93710196181799,-122.24145285884897,-86.43919266371874,-105.33895447454766,-105.3388998330343,-123.93708830143966,-133.0380285025365,57.120936915613754,33.685120118479716,9.566089743953059,-129.15401411025206,43.57052120613087,-128.12572913070665,43.70979217840201,-129.45596311308,52.01580422804152,-121.08395436058525,-122.09039639516496,-123.48186985363664,-126.63288200457364,-124.57944027212267,-126.09734053213128,48.428687913693786,48.186369877414656,50.69013964222291,-125.67045370900549,48.57772947157263,46.68764878859544,-124.97399297971762
80.7557307836486,88.8526263465644,102.41847486847693,83.22200280991348,101.55173752318065,81.4091544909762,91.55214933298522,27.586329802906732,84.17635099169351,45.63004522203774,84.0011976206177,84.16919978363251,87.87201608742568,86.41688526588948,75.62623822640151,81.44498566336209,88.43217356163676,88.67521218287332,88.671141390128,88.68280735323037,87.33282729396653,88.53343794627136,87.74462622921577,89.348163401038,89.33623106055799,87.79777193114764,87.75582090926542,87.79881695009065,88.70843422299626,88.13817489900273
57.7586136218099,-124.65936714579016,57.758989282214245,-7.458546083086414,29.62241431712941,29.62194303407668,-124.6594491080602,66.52799595002682,57.61225632827487,39.01091231247297,46.75672590676636,-151.7999707562929,48.81708320575198,-135.43793841082555,48.02763628110356,121.70615727321673,53.66757619578238,-120.70061682360745,-122.04020816514371,-123.88998731692324,-130.14609908719643,-125.45191497632176,-128.5551977653387,49.643460963242646,49.453769534518464,53.38851515686317,-127.8426451103663,52.07810921365037,49.3705129436306,-126.33697088897202
30
1.682372356981432e-07,1.4243304349292885e-06,1.702097591760321e-07,2.3776090074534295e-07,2.0254870491953625e-07,1.8409920699014037e-07,1.8227687803573644e-07,1.4245648571886704e-06,2.711005606670369e-07,2.004901944019366e-06,2.630218034482823e-07,2.8672141638708126e-07,7.552166607638355e-07,4.619453193299705e-07,9.795404594115098e-07,1.889097234197834e-07,1.027884195536899e-06,1.2346929452178301e-06,1.2309529893173021e-06,1.241789050254738e-06,6.176575197969214e-07,1.116199086936831e-06,7.288442702702014e-07,2.4838809622451663e-06,2.4390897124249022e-06,7.294597708096262e-07,7.324417765630642e-07,7.298124842236575e-07,1.2495211194618605e-06,8.810754366095352e-07
0.00022103151422925293,1.439145876247494e-06,1.544891892990563e-05,4.605026333592832e-06,6.285851122811437e-05,1.5029721907922067e-05,0.00013941305223852396,1.1666397767839953e-06,9.072170541912783e-06,4.644896733907444e-08,4.7259524649234663e-07,1.669216089794645e-07,5.269007985475582e-08,1.0363353908360295e-07,2.954789692921622e-07,2.8453694511654248e-08,9.80418803919747e-07,1.2462382414923923e-07,4.261813728589914e-07,2.7688338732900775e-08,2.2791919036535546e-06,2.156947331855008e-08,4.6878156467755616e-08,7.570643667520471e-09,1.0597496924447114e-07,9.197021427098662e-06,6.788013138248061e-07,2.445644668114255e-06,2.346134131414601e-08,2.6844102052336893e-08
0.0,-0.22804325819015503,-2.9012839794158936,-0.09041248261928558,-0.08593226224184036,0.12354885041713715,3.110743522644043,2.9206202030181885,2.3972480297088623,-0.8139339685440063,2.4174132347106934,2.4156930446624756,2.40946364402771,2.4151611328125,-0.8282315731048584,2.4528326988220215,2.3135578632354736,-0.8692527413368225,2.2933430671691895,-0.9086259007453918,-0.7843684554100037,2.4141974449157715,2.4083778858184814,2.413229465484619,2.310784339904785,2.9493627548217773,-0.8623400926589966,-0.7481566667556763,2.407215118408203,2.4134645462036133
99.70235452237299,91.14060994492445,103.02454487428884,99.28463381311335,98.04676447888608,102.02659276484745,98.94862948708374,91.54301053987575,96.00324701129914,39.92628743484891,96.18835196799564,95.67507008205835,92.15154624397803,93.51887498373371,73.53432203835585,98.63199557754028,91.58063122182418,91.31582478770278,91.31982727855642,91.3083047494266,92.63102552371294,91.45554313736456,92.2294308910837,90.6540340986419,90.6660415712028,92.22755941925111,92.21848209784416,92.22648024936224,91.30021097526013,91.84409210867908
-122.04496197680604,-123.94574898130723,-122.04485269377932,-84.6402984212558,-92.89486890116135,-104.24199877308693,-104.24204658441113,-123.94580362282059,57.120940330708336,33.73480632959697,9.566089743953059,-129.15402777063042,43.57052462122545,-128.12572913070665,43.76311888034689,-129.45596311308,52.01580081294693,-121.08395436058525,-122.09039639516496,-123.48186985363664,-126.63288200457364,-124.57944027212267,-126.09734053213128,48.428687913693786,48.186369877414656,50.69013964222291,-125.67045370900549,48.57772947157263,46.68765220369002,-124.97399297971762
80.29765048658335,88.85939506403189,103.02454487428884,99.28453136027579,81.95326785082693,102.02646299125321,81.05134820111591,91.54301053987575,83.9967579976572,45.32001610542169,83.81165304096068,84.32493492689797,87.8484587649783,86.48113002522261,75.4188805133891,81.36800943141606,88.41937378713216,88.68418022125356,88.68017773039992,88.69170025952974,87.3689794852434,88.54446187159176,87.77057411787264,89.34597091031442,89.33395660756437,87.77244558970523,87.78151608092301,87.77351792940492,88.69978720350703,88.15590607008808
57.95504303215029,-124.6680141652794,57.95425756039574,-9.256951967023696,85.44403410164789,28.524522879752393,28.52507954016975,-124.6679458633877,57.7562435461679,38.88817381308784,46.46816065961708,-148.44436711895733,48.724646840619606,-134.9143087882957,47.97679576801657,142.99323412350518,53.664666535195956,-120.78569365990913,-122.10454854712523,-123.92484860244699,-129.9969414161017,-125.46381316585592,-128.48278409975825,49.61665930093952,49.42528764567952,53.37939002413203,-127.79177386142806,52.04437149424509,49.31704622280774,-126.33201217163459
33
1.599919272621264e-07,1.6206482200686878e-07,2.0300271330597752e-07,1.9721996125099395e-07,1.7672341812158265e-07,1.748244216059902e-07,3.1431261504621943e-07,3.1570303349326423e-07,3.800437013978808e-07,2.627742787808529e-07,2.545937149989186e-07,1.9991537101304857e-06,2.5475108600403473e-07,2.945216976968368e-07,7.468634635188209e-07,4.7023041815918987e-07,9.714636917124153e-07,1.9035974219150376e-07,1.0194937658525305e-06,1.243048473043018e-06,1.2393242059260956e-06,1.2501744777182466e-06,6.260241320887872e-07,1.1245895166211994e-06,7.372248660431069e-07,2.4755111098784255e-06,2.4307219064212404e-06,7.210726948869706e-07,7.408258397845202e-07,7.214295010271599e-07,1.2411563830028172e-06,8.894648431123642e-07,9.317830631516699e-07
0.00023242256429512054,1.0885808478633408e-05,3.092384577030316e-05,8.911045370041393e-06,1.2570919352583587e-05,0.00014279571769293398,2.053213847830193e-06,2.030576979450416e-06,2.203966289471282e-07,9.221056643582415e-06,5.382017320698651e-07,4.652317642239723e-08,4.89142507831275e-07,1.625385976922189e-07,5.340946174214878e-08,9.918524312979571e-08,2.972838615278306e-07,2.2662332810341468e-07,9.917506531564868e-07,1.2419064887581044e-07,4.221980987040297e-07,2.7333957319797264e-08,2.1554606064455584e-06,2.1291082674679274e-08,4.595793967610007e-08,7.613167873898874e-09,1.0640775371939526e-07,9.270240298064891e-06,6.611453500227071e-07,2.457185246385052e-06,2.366464357805853e-08,2.640363128136869e-08,2.8091712067634944e-08
0.0,-2.777726650238037,2.999690294265747,-3.112825393676758,0.15787506103515625,3.1093623638153076,2.8255300521850586,2.825077533721924,-0.7600935101509094,2.3938586711883545,-0.7913938164710999,-0.8167026042938232,2.417753219604492,2.414860725402832,2.409961223602295,2.414466619491577,-0.828535258769989,2.380828619003296,2.3136520385742188,-0.8690469264984131,2.293333053588867,-0.9079591035842896,-0.7900992631912231,2.411705493927002,2.404370069503784,2.41780686378479,2.3111672401428223,2.945890188217163,-0.8629143834114075,-0.7493494749069214,2.4072229862213135,2.4102697372436523,2.4534409046173096
100.207590445468,103.69156065806477,98.02856885493716,101.21569904620519,102.53650053733475,99.33341502416557,95.17551004616362,95.15265623320077,24.385844884264035,96.19419860992518,46.67254724034054,39.918449792776315,96.3900747749428,95.5243004863195,92.17561583061315,93.45679539436748,73.53377562322225,98.5657564029695,91.59364956238223,91.30697286253844,91.31091388168954,91.29952795634313,92.59584321929819,91.44467630639507,92.2040772288846,90.65624024974382,90.66833651476391,92.25347998715131,92.19335383188768,92.25235983612743,91.30897410796526,91.82668878667388,91.74370198825824
-121.82747509325449,-121.82751607438951,-168.46065995340825,-91.59296654346522,-103.04858030997812,-103.04858030997812,-71.82846863276683,-69.83110275340167,-133.50618332862751,57.120936915613754,-95.5836138490719,33.78482721998356,9.566089743953059,-129.15402777063042,43.57052462122545,-128.12572913070665,43.81737790311347,-129.45596311308,52.01580422804152,-121.08395436058525,-122.09039639516496,-123.48186985363664,-126.63288200457364,-124.57944027212267,-126.09734053213128,48.428687913693786,48.186373292509245,50.6901430573175,-125.67045370900549,48.57773288666722,46.68764878859544,-124.97400664009596,44.78860689742719
79.79241456348834,103.69147186560556,81.97135419174913,101.21569221601602,102.53652785809143,80.66652168289906,84.82454277411689,84.84737609651225,25.37418691754322,83.80580639903116,40.28004683762596,45.00669142253111,83.60992340382435,84.47570452263683,87.82438917834318,86.54320961458886,75.2055737056096,81.43424860598684,88.40635544657411,88.69303214641789,88.68909112726679,88.7004770526132,87.40416178965815,88.55532870256125,87.79592778007174,89.34376475921252,89.33166849419241,87.74652502180503,87.80665117706866,87.74764517282891,88.69103090099107,88.17330939209327,88.25629619050893
58.17252991570184,58.17282361383615,89.51277779022448,86.74560178007468,27.331077095886894,27.331492029878973,-24.800838640497545,-6.957123113095561,67.61534840551451,57.911869406406645,34.19025700383176,38.76304133239862,46.15544044846805,-145.83325410115316,48.62881928656433,-134.44614030182632,47.92510489637792,164.51662185869776,53.661705648190754,-120.86822966583956,-122.16694915538247,-123.95869901997358,-129.85853446276056,-125.47535618555324,-128.4146461325982,49.589540034839985,49.39645400209831,53.369971193266586,-127.7439078957246,52.00940092569463,49.26232957736676,-126.32734032224229,48.63823470233519
31
1.5176287604390382e-07,1.9800491202204284e-07,1.5394661545542476e-07,1.9631188763469254e-07,1.7514025785203557e-07,1.7322388146112644e-07,1.6944279934705264e-07,2.544527717418532e-07,2.495729916063283e-07,1.9934404917876236e-06,2.464901172061218e-07,3.0243933224483044e-07,7.385115736724401e-07,4.785254645867099e-07,9.633963600208517e-07,1.9444175336502667e-07,1.011103336168162e-06,1.2514051377365831e-06,1.24769587728224e-06,1.2585601325554308e-06,6.343921654661244e-07,1.1329800599924056e-06,7.456059734067821e-07,2.46714148488536e-06,2.4223545551649295e-06,7.126859600248281e-07,7.492102440664894e-07,7.130468020477565e-07,1.2327923286648002e-06,8.978542496151931e-07,9.23428785881697e-07
0.0002450252359267324,4.375834578240756e-06,6.105727152316831e-06,3.0329219953273423e-05,6.997262971708551e-06,8.314124715980142e-05,9.92010609479621e-06,9.373764441988897e-06,5.327340204530628e-07,4.659046837218739e-08,5.068627615401056e-07,1.5742884329483786e-07,5.4150994799329055e-08,9.514538845678544e-08,2.990896348364913e-07,2.9333781981222273e-07,1.0033344324256177e-06,1.237514339891277e-07,4.182947748176957e-07,2.6996724855621324e-08,2.045285100393812e-06,2.1020506224544988e-08,4.5087322320114254e-08,7.653303768506703e-09,1.0684815521244673e-07,9.34126819629455e-06,6.444747668865602e-07,2.468587126713828e-06,2.386522268693625e-08,2.598112480711734e-08,2.8395941598091667e-08
0.0,-0.029706500470638275,-2.408177614212036,2.9958009719848633,-3.0171735286712646,-0.07633595913648605,0.2146865874528885,2.390389919281006,-0.7917104959487915,-0.8157036304473877,2.4176485538482666,2.4125630855560303,2.4109721183776855,2.4140307903289795,-0.8282952904701233,2.388262987136841,2.313800811767578,-0.8689055442810059,2.2932980060577393,-0.9098896980285645,-0.7951322197914124,2.409230947494507,2.4043521881103516,2.4197707176208496,2.310443878173828,2.942150115966797,-0.8632818460464478,-0.7505978941917419,2.403099536895752,2.4089574813842773,2.456118583679199
100.76749520267978,101.17048319389971,104.42877029594094,98.30405770492045,102.65180779090291,99.42055457759659,103.0845275955799,96.39760164340817,45.557313952660856,39.91058482994705,96.60517792247401,95.37924092872677,92.20023183238189,93.39679901269808,73.533242868467,98.38461295599159,91.60687280861536,91.29825754115751,91.30210293766022,91.29086727647555,92.56157616023224,91.43398023015483,92.17929047238663,90.65847372160242,90.67064511870338,92.28000844188763,92.16880613201066,92.2788541399179,91.31786018407544,91.80961331374886,91.75948655543013
-121.58556345323099,-169.9027314532514,-121.58570005701438,-169.9027314532514,-159.1769575505002,-159.1769575505002,-101.7461520277159,57.120936915613754,-94.13420672606017,33.835193034923236,9.566089743953059,-129.15402777063042,43.57052462122545,-128.12572913070665,43.87253509575591,-129.45596311308,52.01580422804152,-121.08395436058525,-122.09039639516496,-123.48186985363664,-126.63288200457364,-124.57944027212267,-126.09734053213128,48.428687913693786,48.186373292509245,50.69013964222291,-125.67045370900549,48.57773288666722,46.68764878859544,-124.97399297971762,44.788603482332604
79.23250297608737,101.17074957127734,104.42887957896765,81.69581070025248,102.65166435693034,80.57953239362978,103.08463004841744,83.602396535359,38.91880379642076,44.690071173366,83.39482708648232,84.62076408022956,87.79977317657445,86.60320599625825,74.98609923700958,81.61538522277557,88.39313220034097,88.70174746779882,88.69790207129611,88.70913773248078,87.4384288487241,88.5660247788015,87.82071453656971,89.34153128735392,89.32935989025296,87.7199965670687,87.83119887694568,87.72115086903844,88.6821448248809,88.19039169520748,88.2405184535262
58.41443472553618,90.95580551655141,58.41528849918243,90.95584649768644,22.391690901356064,22.391668703241262,26.02997728541824,58.080472626068406,33.089814490799746,38.63542266285152,45.815327763652675,-143.75160368743005,48.529364902059775,-134.0250454791167,47.87245438316087,-178.5725774346937,53.658669629104686,-120.9482385017771,-122.22746463142879,-123.99153856950299,-129.72966245350074,-125.48648939390037,-128.35033307137334,49.56205876871444,49.36724128301816,53.360176701996785,-127.69873302455413,51.97306090421558,49.20628104503764,-126.3228733785251,48.556169979457486
36
1.4355289579270902e-07,1.4494986544377753e-06,1.4585961594093533e-07,1.8363638787377567e-07,1.8180992356064962e-07,1.622694583147677e-07,1.6019922099985706e-07,3.132061578980938e-07,2.7143798320139467e-07,1.4497287565973238e-06,3.076872019391885e-07,3.7336852187763725e-07,2.46136579562517e-07,2.447373788072582e-07,1.9877627437381307e-06,2.3824007655548485e-07,3.104422034994059e-07,1.4676061255158857e-07,7.301612185983686e-07,4.86829037527059e-07,2.0017984070364037e-07,1.0027130201706314e-06,1.2597630529853632e-06,1.2560683444462484e-06,1.2669460147662903e-06,6.427615630855144e-07,1.1413707170504495e-06,7.539875355178083e-07,2.4587723146396456e-06,2.413987431282294e-06,7.042992820061045e-07,7.575949325655529e-07,7.04664557815704e-07,1.2244290701346472e-06,9.062438266482786e-07,9.150756454801012e-07
0.0002590385265648365,1.4145006161925266e-06,4.783208169101272e-06,6.721583758917404e-06,6.284314440563321e-05,7.109864327503601e-06,0.00014973401266615838,1.8922866047432763e-06,2.4717000997043215e-06,1.1509170008139336e-06,1.8972782527271193e-06,2.1954434714643867e-07,9.530202987662051e-06,5.263393632048974e-07,4.6662091079952006e-08,5.258653459350171e-07,1.521108856650244e-07,1.7604372260393575e-05,5.490775123462299e-08,9.144847723518978e-08,3.04847333154612e-07,1.0151882179343374e-06,1.2330036724961246e-07,4.144672232087032e-07,2.6662720031822573e-08,1.9465351215330884e-06,2.076912508641726e-08,4.425725563805827e-08,7.697634529790776e-09,1.0728330579468093e-07,9.415010936209e-06,6.287261271609168e-07,2.4797941478027496e-06,2.4082009275616656e-08,2.558260980833893e-08,2.8691442111039578e-08
0.0,-0.22802627086639404,-1.1260018348693848,-3.078878402709961,-0.09398256987333298,0.3241574764251709,3.1062939167022705,2.820059299468994,2.828943967819214,2.9205145835876465,2.8187968730926514,-0.7615159749984741,2.3867952823638916,-0.7921347618103027,-0.8155457973480225,2.4174604415893555,2.413799285888672,2.3559374809265137,2.411496639251709,2.4130873680114746,2.392463207244873,2.314072608947754,-0.8687523007392883,2.2933449745178223,-0.9095944762229919,-0.7995138168334961,2.415212392807007,2.407172918319702,2.4262328147888184,2.3110241889953613,2.9385030269622803,-0.8638999462127686,-0.7518392205238342,2.408252239227295,2.4129629135131836,2.4550907611846924
101.39132370033373,91.12080239633141,105.24766216610128,102.05738325762587,98.97180431893759,103.67396609076282,100.19423059545144,95.19380812295009,95.99547425602366,91.51622936814013,95.28719729947167,22.05665816973589,96.61470603636619,44.417427097172016,39.90268571617193,96.8349796370991,95.24017827722531,101.13912579542018,92.22541473985171,93.33879704626634,98.14261935369804,91.62031462090195,91.28963784242495,91.29342176722514,91.28232270982387,92.52820385594755,91.42342758788716,92.15505696121141,90.66070719346101,90.67297421321035,92.30717210421678,92.14478435669972,92.30597682111203,91.32685554321236,91.79286568990399,91.775551160358
-121.31489671680171,-123.97115728501967,-121.314787433775,-88.68479493827886,-88.68479493827886,-100.32164094422886,-100.32164094422886,-50.54789070747364,159.64269448962503,-123.97115728501967,-64.14246358994066,-134.08573854008145,57.120936915613754,-92.56710861345995,33.88589352913224,9.566088890179412,-129.15402777063042,-130.0218579461939,43.57052462122545,-128.12572913070665,-129.45596311308,52.01580422804152,-121.08395436058525,-122.09039639516496,-123.48186985363664,-126.63288200457364,-124.57944027212267,-126.09734053213128,48.428687913693786,48.186373292509245,50.6901430573175,-125.67045370900549,48.57773288666722,46.68764878859544,-124.97400664009596,44.788603482332604
78.60868130862261,88.87920261262492,105.24761435477708,102.05720567270744,81.02821435039709,103.67376801527689,79.80575392293737,84.80621054638458,84.00419607366334,91.51622253795095,84.71274623778213,23.089148838262748,83.38529897259015,37.514291506823525,44.370124622075096,83.16502537185724,84.75982673173102,78.86087921353615,87.7745902691046,86.66120796269,81.8573856552583,88.37969038805439,88.71036716653138,88.7065832417312,88.71768229913246,87.47180115300878,88.57657742106917,87.84494804774491,89.33929781549533,89.32703079574598,87.69283290473956,87.85522065225662,87.69402818784431,88.67314946574398,88.20713931905235,88.22444701840917
58.68510829215462,-124.69335416710014,58.684432103426786,89.65539897028351,89.65450421550224,24.604398984873395,24.604595352812034,-7.387679455352947,105.1928294074444,-124.69334050672181,-9.085788280196823,68.9473035955587,58.26372660149985,31.874484780833527,38.505225596892735,45.44407283131663,-142.05736160343005,75.84683284602542,48.426075366336256,-133.6443034140235,-166.86806474463637,53.65553457227565,-121.02587043188346,-122.28614961677754,-124.0233809114136,-129.60939648259517,-125.49725377203231,-128.28954438776023,49.534225747846634,49.33764265824991,53.34999630503888,-127.65600336110654,51.935276297727064,49.148856229590756,-126.31861134048302,48.471492709222254
30
1.35365880282734e-07,2.5466556508035865e-07,2.2351918005369953e-07,1.3780969254639786e-07,2.2202080174338334e-07,2.6485827220312785e-07,2.5597287844902894e-07,2.3782668279181962e-07,1.982121602850384e-06,2.3000305304776703e-07,3.185082562140451e-07,1.392491384422101e-07,7.218130804176326e-07,4.951394885210902e-07,2.0685438073542173e-07,9.943232726072893e-07,1.2681214229814941e-06,1.2644409252970945e-06,1.2753315559166367e-06,6.511317565127683e-07,1.1497608056743047e-06,7.623690976288344e-07,2.4504038265149575e-06,2.4056214442680357e-06,6.959132861084072e-07,7.659794505343598e-07,6.962831093915156e-07,1.2160669484728714e-06,9.146329489340133e-07,9.067244377547468e-07
0.00027470538043417037,5.98177803112776e-06,3.506480425130576e-06,1.0805217243614607e-05,1.736709054966923e-05,2.451370164635591e-06,1.495889250691107e-06,9.690735168987885e-06,4.673342957062232e-08,5.462936769617954e-07,1.467742833938246e-07,1.6027568563004024e-05,5.567357064251155e-08,8.80668977742971e-08,2.9831826964255015e-07,1.0273627140122699e-06,1.228460035918033e-07,4.107158702026936e-07,2.6340856607021124e-08,1.857445681707759e-06,2.0515676268928473e-08,4.344585846638438e-08,7.733366835793731e-09,1.077226343682014e-07,9.486277122050524e-06,6.137862555988249e-07,2.4907142233132618e-06,2.4298264733602082e-08,2.5181506657645514e-08,2.900050155574263e-08
0.0,-0.2490166574716568,-0.09675849974155426,-0.43645235896110535,2.9641525745391846,2.8264729976654053,2.950770378112793,2.3831334114074707,-0.8156610131263733,2.417325019836426,2.411846876144409,2.352372646331787,2.4086010456085205,2.414433002471924,2.3957767486572266,2.31410813331604,-0.8686991930007935,2.2933449745178223,-0.9107334613800049,-0.8034706711769104,2.4152045249938965,2.4043447971343994,2.4156322479248047,2.3107688426971436,2.9344823360443115,-0.8643213510513306,-0.753075897693634,2.4103846549987793,2.408463716506958,2.4561617374420166
102.09036624112785,96.39221262415302,99.88196117678764,106.16195811858834,97.3369848807167,96.1449051346852,98.61873818036129,96.84691880776828,39.8947661118293,97.08098939062462,95.10711253181512,101.7483376882503,92.25116455302268,93.28270070261301,97.878188579981,91.6339954898095,91.28114108709745,91.28485671000594,91.27389425638808,92.49568532530913,91.41304570034875,92.13134937460231,90.66296115588712,90.6753101379065,92.3349982948954,92.12130216633322,92.33375520046647,91.33598750613267,91.77641176419343,91.79190946342018
-121.01029760057583,-68.70550123856191,-76.98295968237616,-121.01033858171085,-76.98295968237616,172.80106758603293,-68.70550123856191,57.120936915613754,33.936935532799744,9.566089743953059,-129.15401411025206,-130.0218579461939,43.57052462122545,-128.12572913070665,-129.45596311308,52.01580422804152,-121.08395436058525,-122.09039639516496,-123.48186985363664,-126.63288200457364,-124.57944027212267,-126.09734053213128,48.428684498599196,48.186369877414656,50.69013964222291,-125.67045370900549,48.57772947157263,46.68765220369002,-124.97399297971762,44.788603482332604
77.9096319376393,83.60777189423581,99.88183823338258,106.16220400539846,82.66313624145553,83.8546968931101,98.61876550111796,83.15308620118806,44.04685859884756,82.91901561833171,84.89289247714122,78.25166732070603,87.74884045593366,86.71730430634332,82.12181642897534,88.36600951914684,88.71886392185887,88.71514829895038,88.72611075256826,87.50431968364721,88.58695930860759,87.86865563435403,89.33704385306922,89.32468804086066,87.66500671406092,87.87869601243395,87.6662429783007,88.6640106726345,88.22358641457375,88.20808871534697
58.98969374800217,108.80482468584391,-1.4662814255213596,58.989891823488094,-1.4661322285766771,110.98432438961665,108.80482468584391,58.463414012074345,38.37233402130638,45.03704136810806,-140.65356648369567,80.22208127360634,48.31864332088112,-133.29821772877898,-158.90462424791346,53.65224925128487,-121.101139116537,-122.34301777180706,-124.05422604570538,-129.4967530028033,-125.50759467843571,-128.23187027040865,49.50602048166907,49.30763080703687,53.33931730427157,-127.61541837705832,51.89586269112151,49.089949263093985,-126.31443126471098,48.38401506142731
36
1.2720532538423868e-07,1.4662774674434331e-06,2.4996714387270913e-07,2.1892714130444801e-07,1.2980285646335687e-07,2.173971296315358e-07,1.5481889192869858e-07,1.526476438584723e-07,1.4830827410605707e-07,1.4604064801915229e-07,2.604213875656569e-07,1.466504954805714e-06,2.2952303879719693e-07,2.3566714446587866e-07,1.9765163870033575e-06,2.2177951564117393e-07,3.2662379112480266e-07,1.3209488258780766e-07,7.134660791052738e-07,5.034570449424791e-07,2.1406640371424146e-07,9.859330702965963e-07,1.2764812709065154e-06,1.2728145293294801e-06,1.2837177791880094e-06,6.595035983991693e-07,1.1581514627323486e-06,7.707515123911435e-07,2.4420348836429184e-06,2.3972550025064265e-06,6.875270059936156e-07,7.743647643110307e-07,6.879015472804895e-07,1.2077050541847711e-06,9.230226396539365e-07,8.983739121504186e-07
0.00029232839005999267,1.3984013094159309e-06,5.787113877886441e-06,3.2334792194887996e-06,1.9506043827277608e-05,1.6850810425239615e-05,2.2468725546787027e-06,8.2355436461512e-05,2.6177915515290806e-06,0.00015674007590860128,2.3455702375940746e-06,1.1405160194044583e-06,9.85507904260885e-06,5.113839733894565e-07,4.6805510578451504e-08,5.682945243279391e-07,1.4160423233988695e-07,1.4077897503739223e-05,5.647455836310655e-08,8.493302061651775e-08,2.8566051923917257e-07,1.0398078984508174e-06,1.2238399449415738e-07,4.070367651820561e-07,2.602513760052716e-08,1.7767320059647318e-06,2.02707131080615e-08,4.268489561809474e-08,7.774188404141569e-09,1.0816046369654941e-07,9.559082172927447e-06,5.996270147079485e-07,2.50141692959005e-06,2.4507150087060836e-08,2.4801849463074177e-08,2.9304542792374377e-08
0.0,-0.2280202955007553,-0.2524857223033905,-0.09580022096633911,-0.2506891191005707,2.9606409072875977,-2.5623154640197754,-0.08647669851779938,1.5199604034423828,3.102766990661621,2.8224143981933594,2.920438766479492,2.379412889480591,-0.7950948476791382,-0.813795804977417,2.417238473892212,2.412263870239258,2.3489389419555664,2.4100747108459473,2.4130046367645264,2.396766185760498,2.3141720294952393,-0.8683420419692993,2.2933294773101807,-0.91104656457901,-0.8069455027580261,2.4159719944000244,2.409977436065674,2.4175498485565186,2.3107428550720215,2.930462121963501,-0.8649874925613403,-0.7543689608573914,2.4072377681732178,2.408951997756958,2.4548511505126953
102.878918410995,91.10796847088096,96.51287474603046,100.09134062579437,107.189006833894,97.49390847689774,104.34576300695777,100.70437059437053,104.98996595890586,101.19477134658828,96.25033593471352,91.4988806876483,97.09587237282608,42.077838004537945,39.88680552635165,97.34496937185644,94.97990025852363,102.39445992335517,92.27750859265142,93.22840069871141,97.61116233437934,91.6479085851488,91.27273312422918,91.27640776600263,91.26556825578983,92.46397275699276,91.40280041659372,92.10816088237011,90.6652424390699,90.67766655317016,92.36348701392353,92.0983254099653,92.36220293835957,91.34523558226886,91.76025836680634,91.80856829480584
-120.66433485873634,-123.98754973902771,-67.12105444546985,-75.14716192782765,-120.66421191533128,-75.14716192782765,-164.20729625156622,-164.20729625156622,-97.03765867053005,-97.03715323653148,171.24118898338543,-123.98754973902771,57.120936915613754,-89.02881790639405,33.98829172516907,9.566088890179412,-129.15402777063042,-130.0218579461939,43.57052462122545,-128.12572913070665,-129.45596311308,52.01580422804152,-121.08395436058525,-122.09039639516496,-123.48186985363664,-126.63288200457364,-124.57944027212267,-126.09734053213128,48.428684498599196,48.186373292509245,50.6901430573175,-125.67045370900549,48.57773288666722,46.68764878859544,-124.97399297971762,44.78860689742719
77.12108659796134,88.89203653807537,83.48709611198002,100.09139526730773,107.18867898481383,82.50621264527449,104.34581764847113,79.29564124477497,104.98967909096072,78.80532245482726,83.74958711197277,91.49887385745913,82.90413263613026,34.584447711400706,43.72018772631878,82.6550356370999,85.0201047504327,77.60554508560116,87.72249641630492,86.77160431024492,82.38884267457699,88.35209642380752,88.72727188472716,88.72359724295369,88.7344367531665,87.53603225196358,88.5972045923626,87.89184412658622,89.33476256988644,89.32233845578618,87.6365179950328,87.90167959899104,87.63780207059676,88.65476942668748,88.23974664215,88.19143671415048
59.33567015021999,-124.70976028148651,110.39000230917715,-3.3012600909780043,59.33480954638457,-3.3012282879096815,17.362417709800575,17.361873002214267,21.31941608846118,21.320362069661225,112.54404589791325,-124.70967831921648,58.68232157497325,29.0247488590912,38.23670353986285,44.589281486878704,-139.47324149322574,86.54178210505233,48.20698680342434,-132.982608347611,-153.33512407414497,53.64892294915907,-121.17429044254783,-122.39831498332748,-124.08423789691841,-129.39129488201831,-125.51767603765065,-128.17729705894024,49.47745663056007,49.27724671051407,53.32828313366741,-127.57704637430119,51.85491570704728,49.02961820215526,-126.31052439650573,48.293747281356424
35
1.1907718544534873e-07,1.4746666465725866e-06,2.4546741883568757e-07,2.15284586602138e-07,1.2184814579541126e-07,2.1372849801082339e-07,1.4837583250937314e-07,1.4610913012802484e-07,1.4155806127291726e-07,1.3918008789914893e-07,1.474893110753328e-06,2.21226841290445e-07,2.314557008276097e-07,1.9709484604391037e-06,2.1357213597639202e-07,3.3477775218671013e-07,1.2557370610011276e-07,7.051207830954809e-07,5.117802857057541e-07,2.2160226365031122e-07,9.775428679859033e-07,1.2848420283262385e-06,1.2811887017960544e-06,1.2921042298330576e-06,6.678764634671097e-07,1.166542347164068e-06,7.791344387442223e-07,2.4336666228919057e-06,2.3888890154921683e-06,6.791408395656617e-07,7.827503054613771e-07,6.795203262299765e-07,1.1993439557045349e-06,9.314123303738597e-07,8.900247507881431e-07
0.0003122825874015689,1.3903710396334645e-06,5.597069502982777e-06,3.1169577141554328e-06,3.0090346626820974e-05,1.6921401766012423e-05,1.3758652812612127e-06,8.169411012204364e-05,4.499559054238489e-06,0.000160175419296138,1.1352844921930227e-06,1.0022891729022376e-05,5.03683736496896e-07,4.688016730369782e-08,5.920142598370148e-07,1.3663607489888818e-07,1.1709283171512652e-05,5.7296198008316424e-08,8.203738843803876e-08,2.713762228268024e-07,1.0525668585614767e-06,1.2191478049317084e-07,4.034263838548213e-07,2.571281498831013e-08,1.7032004961947678e-06,2.002751386953605e-08,4.193136149410748e-08,7.818206526621907e-09,1.0859535848339874e-07,9.633253284846433e-06,5.861489285052812e-07,2.511791535653174e-06,2.4723311398133774e-08,2.444016899971757e-08,2.9622833963571793e-08
0.0,-0.22802244126796722,-0.2558895945549011,-0.0920587107539177,-0.1714511513710022,2.960299253463745,-1.6855592727661133,-0.09023226797580719,2.4656083583831787,3.1008141040802,2.920396566390991,2.375577449798584,-0.7974377274513245,-0.8154494762420654,2.4173078536987305,2.4125311374664307,2.3461577892303467,2.4121057987213135,2.4128518104553223,2.398435592651367,2.3143324851989746,-0.8682824373245239,2.293229818344116,-0.9093349575996399,-0.8100839853286743,2.415228843688965,2.407661199569702,2.4240853786468506,2.310910224914551,2.92647385597229,-0.8653637766838074,-0.7556719779968262,2.405228614807129,2.4135046005249023,2.456340789794922
103.77476602253387,91.1016710364662,96.63277871691004,100.26392584574226,108.34977016258098,97.62327908996694,104.98290354330406,101.18941647827899,105.72281110590238,101.75425263207153,91.49034978137495,97.36343137318298,40.88799856055421,39.87882445030649,97.62888667527552,94.85831606110824,103.04918819681424,92.30448783987296,93.17584239304817,97.35088431567767,91.66204707673073,91.26445493495511,91.26806127483688,91.2573515382183,92.43307298118762,91.39271222718962,92.08546416375816,90.66753055244185,90.68004345900131,92.3926929028145,92.07583359702845,92.391347355548,91.35462026218846,91.74439866755357,91.82554131489333
-120.26837513217237,-123.99562302262666,-65.47537500646864,-58.752324183776715,-120.26834781141568,-58.752324183776715,-166.20434794222956,-166.20434794222956,-95.1379098547827,-95.1379098547827,-123.99562302262666,57.120936915613754,-87.02934832876453,34.040013332658994,9.566088890179412,-129.15402777063042,-130.0218579461939,43.57052462122545,-128.12572913070665,-129.45596311308,52.01580422804152,-121.08395436058525,-122.09039639516496,-123.48186985363664,-126.63288200457364,-124.57944027212267,-126.09734053213128,48.428687913693786,48.186373292509245,50.690149887506664,-125.67045370900549,48.57773288666722,46.68764878859544,-124.97400664009596,44.78860689742719
76.22523898642247,88.89833397249014,83.36713749958709,100.26387120422889,108.34970869087846,82.37672591898938,104.9832382225734,78.81049973821814,105.72265401155147,78.24578652783066,91.49034978137495,82.63658046596252,33.0657722249213,43.390115419583324,82.37111833368081,85.1416889478481,76.95081681214208,87.69551716908337,86.82416261590816,82.64912069327866,88.3379579322256,88.73555007400121,88.73194373411945,88.74265347073803,87.56693202776871,88.60729278176672,87.91454084519818,89.33247445651448,89.31996154995501,87.60731210614183,87.92417141192789,87.60865765340833,88.64538474676787,88.25560634140275,88.17446369406301
59.73162987678397,-124.71786088584216,112.03545635193575,-0.7497826287559746,59.73142497110887,-0.7496049371158484,15.365663132366123,15.365200387049855,19.42124846150669,19.420983791676353,-124.71787454622049,58.92309940359454,27.344033964742408,38.09825902048128,44.09417473432282,-138.46756443983307,96.1447002290101,48.09076771960199,-132.6935001004227,-149.29136521755228,53.64550443947948,-121.24535173067265,-122.45201393058213,-124.11341646505271,-129.29222981829645,-125.52742954778542,-128.12549690427488,49.44852736433048,49.24645963283024,53.316784510199696,-127.54060048489,51.81223385492387,48.96775034865328,-126.30676779246221,48.20045372748322
29
1.1098894248107172e-07,1.3249598396214424e-07,1.1395672316893979e-07,1.7088579795654368e-07,1.349917653215016e-07,2.521568092106463e-07,2.1293942609190708e-07,2.2747637729025882e-07,1.9654182779049734e-06,2.053835430615436e-07,3.4296203921257984e-07,1.202580790504726e-07,6.967778176658612e-07,5.201081876293756e-07,2.2934482046821358e-07,9.691531204225612e-07,1.2895629879494663e-06,1.3004904531044303e-06,6.762500106560765e-07,1.1749327768484363e-06,7.875173650973011e-07,2.4252990442619193e-06,2.3805237105989363e-06,6.707552984153153e-07,7.911357897683047e-07,6.711399009873276e-07,1.1909841077795136e-06,9.398017937201075e-07,8.816774652586901e-07
0.00033503997838124633,0.0001634897489566356,4.274967795936391e-05,2.437883995298762e-05,7.95813411968993e-06,2.147278792108409e-06,1.0194506103289314e-05,4.965888251717843e-07,4.69549128467861e-08,6.175966404953215e-07,1.3189341530051024e-07,8.98056987352902e-06,5.811471126548895e-08,7.933706314133815e-08,2.5718242113725864e-07,1.0655637652234873e-06,3.998803776994464e-07,2.5412200344021585e-08,1.6359008441213518e-06,1.9798443773311192e-08,4.1206284606687404e-08,7.855994077488049e-09,1.0902687819225321e-07,9.706694982014596e-06,5.733020884690632e-07,2.5217395887011662e-06,2.4942242049519336e-08,2.4079994886960776e-08,2.9945759649763204e-08
0.0,3.0987284183502197,-0.12794868648052216,2.970557928085327,2.7504332065582275,2.8146185874938965,2.3717031478881836,-0.800622284412384,-0.8154083490371704,2.417173385620117,2.411492347717285,2.345454216003418,2.4086780548095703,2.410902500152588,2.399728536605835,2.3144540786743164,2.293241500854492,-0.9096314311027527,-0.8129307627677917,2.4189634323120117,2.4055213928222656,2.417616844177246,2.311117172241211,2.9222896099090576,-0.8655301332473755,-0.7571035623550415,2.404754638671875,2.4121639728546143,2.4568428993225098
104.80068775662647,102.35633380740815,109.67090633297987,99.55049892655609,106.5088839171008,96.45591779854173,97.65168584672503,39.693552153975304,39.870809223315476,97.93496794255131,94.74210722256964,103.63687816356965,92.33208863430897,93.12494382335323,97.10141165624296,91.67644511550111,91.25983089688702,91.2492441036735,92.40292452619119,91.38276064156891,92.06325921876645,90.66982549600297,90.68243402521082,92.4226227917575,92.0538198973335,92.421236263356,91.36412788551311,91.72882583624595,91.84283535387179
-119.81067049551147,-93.0358713263871,-119.8107524577815,179.46245546089798,-93.0358713263871,167.95988414384126,57.120936915613754,-84.85585236127223,34.09204229866157,9.566089743953059,-129.15402777063042,-130.0218579461939,43.57052462122545,-128.12572913070665,-129.45596311308,52.01580422804152,-122.09039639516496,-123.48186985363664,-126.63288200457364,-124.57944027212267,-126.09734053213128,48.428684498599196,48.186369877414656,50.69013964222291,-125.67045370900549,48.57772605647805,46.68764878859544,-124.97399297971762,44.78860689742719
75.1993104221407,77.64365754116984,109.67124784243838,80.44944461069771,106.50901369069504,83.5438823047395,82.3483191622313,31.518232359009414,43.05661094278994,82.06503706640503,85.25789778638669,76.36312684538667,87.66791637464735,86.8750611856031,82.89859335271338,88.32355989345521,88.74017411206931,88.75076090528283,87.59708048276515,88.61724436738743,87.93674579018989,89.33017951295335,89.31757098374551,87.57737538700967,87.94617828143367,87.57876191541118,88.63587029325404,88.27117917271039,88.15716965508453
60.189320853066526,17.31893331044969,60.18978530593009,101.68485107991503,17.318738650058343,115.82561028464588,59.18925138498243,25.453751791184697,37.95687410466201,43.54399958158371,-137.6011003021036,111.2275679165283,47.96974018260395,-132.42777842095254,-146.25014152733408,53.6419937222461,-122.50419657584102,-124.14177541048659,-129.1990387172608,-125.53689618997505,-128.07627856111577,49.41921902260196,49.21526274379621,53.30481801877383,-127.50598508617638,51.76773858757582,48.904297891263866,-126.30320243371547,48.104038777159325
36
1.0294959906786971e-07,1.2601783794252697e-07,1.3365635709305934e-07,1.491445232204569e-06,2.061835431277359e-07,1.0614240864015301e-07,2.0455821925224882e-07,1.3613085059205332e-07,1.5820890553186473e-07,1.5608480907758349e-07,1.2863965537235345e-07,1.491669081588043e-06,2.5510351520097174e-07,3.5958476019004593e-07,2.0466166006372077e-07,1.959926976269344e-06,1.972167495978283e-07,3.511708825953974e-07,1.1721816406407015e-07,6.88437125972996e-07,5.284404664962494e-07,2.3722608943899104e-07,9.607636002328945e-07,1.2979377288502292e-06,1.308876676375803e-06,6.846241831226507e-07,1.183323092845967e-06,7.959004051372176e-07,2.416931920379284e-06,2.3721590878267307e-06,6.623700983254821e-07,7.995212172318134e-07,6.627600441788672e-07,1.1826252830360318e-06,9.481912002229365e-07,8.73331828188384e-07
0.00036120330332778394,0.0001665990857873112,7.961688243085518e-05,1.3746131344305468e-06,2.6050738597405143e-06,5.787745612906292e-05,1.596070796949789e-05,3.6065891890757484e-06,2.002543169510318e-06,5.5442360462620854e-05,1.1831695701403078e-05,1.1249752560615889e-06,1.944822088262299e-06,1.4815597637607425e-07,1.0369757546868641e-05,4.703017708607149e-08,6.451444960475783e-07,1.2740002830469166e-07,6.378715170285432e-06,5.896215427014795e-08,7.68342758306062e-08,2.437285218093166e-07,1.0788847930598422e-06,3.963912433846417e-07,2.5115074464565623e-08,1.5739444734208519e-06,1.956408191006176e-08,4.051131341498149e-08,7.895072151598015e-09,1.0944858530592683e-07,9.778683306649327e-06,5.610340849671047e-07,2.5310550881840754e-06,2.516244812511559e-08,2.3740014398754283e-08,3.02620435377321e-08
0.0,3.096506357192993,-0.0982709527015686,-0.2280188649892807,-0.08660352975130081,-0.10046479105949402,2.9537270069122314,-0.47684940695762634,-2.773301362991333,-0.11376938968896866,2.8615241050720215,2.920320510864258,2.809096097946167,-0.8133190274238586,2.3677031993865967,-0.8154789805412292,2.4165709018707275,2.411289691925049,2.348379373550415,2.408721446990967,2.4128315448760986,2.399401903152466,2.3146088123321533,2.2932252883911133,-0.9084391593933105,-0.8154365420341492,2.416511297225952,2.4066920280456543,2.41536545753479,2.3108928203582764,2.9178390502929688,-0.8659617900848389,-0.7584131956100464,2.405241012573242,2.416665554046631,2.455475330352783
105.98622418143309,103.002415061378,102.24755621468653,91.0892810733118,100.72222470886095,111.1862521022389,97.96718594486626,106.36699356728296,104.03197728629821,100.46594235082372,107.34935918503838,91.47358849715174,96.38081303842827,15.906337491969747,97.96313564268844,39.862776920851545,98.26581547575756,94.63100736553021,103.99764192534056,92.36036561747284,93.07562302735657,96.86433579015181,91.69108904108163,91.25169614158554,91.2412254615879,92.37351373162511,91.37295932010994,92.04151189644912,90.67214776032078,90.68483825179867,92.45331083169836,92.0322706505021,92.45186966178349,91.37377211262117,91.71351938231595,91.86045041174125
-119.27635845711971,-90.70226889456053,-170.79426238523482,-124.01151004263612,-54.87822039597797,-119.27627649484967,-54.87822381107255,-170.79426238523482,-79.82983716995084,-79.82983716995084,-90.70226206437137,-124.01149638225777,162.8904494399661,-136.39404195122228,57.120936915613754,34.144416189217225,9.566089743953059,-129.15402777063042,-130.0218579461939,43.57052462122545,-128.12572913070665,-129.45596311308,52.01580422804152,-122.09039639516496,-123.48186985363664,-126.63288200457364,-124.57944027212267,-126.09734053213128,48.428687913693786,48.186369877414656,50.69013964222291,-125.67045370900549,48.57772947157263,46.68765220369002,-124.97399297971762,44.788603482332604
74.01378082752325,76.99765141928086,77.75255807729653,88.91072393564453,100.72210859564505,111.18583546069952,82.03275759238754,106.3670550389855,104.0317997013798,79.53414462040264,107.34908597747159,91.47358166696257,83.61882997050205,17.12130690945725,82.0368693662679,42.71966746574946,81.73418953319877,85.36899764342613,76.00236308361578,87.6396393914835,86.92438198159977,83.13566921880452,88.30891596787471,88.7483088673708,88.75877954736843,87.62649127733123,88.6270456888464,87.9584931125072,89.32785724863555,89.3151599269685,87.5466873470688,87.96772752826506,87.54813534717285,88.62622606614599,88.28647879645122,88.1395477670259
60.72364655183662,14.98548626542675,10.775676972374589,-124.73370692471659,-4.623452379377304,60.72317526878389,-4.6238335893103555,10.776290835626243,102.90142388431019,102.90128728052679,14.984526623848364,-124.73365228320321,117.43002172068186,74.07345619030164,59.48455461374793,37.81237803767581,42.92864734868975,-136.84662394600565,133.59962031647328,47.84341924899915,-132.18242436558734,-143.89115811255175,53.638281514432194,-122.55484925872584,-124.16927375208506,-129.11101123923768,-125.54598034157118,-128.02928685962607,49.389487209144896,49.183604816993196,53.29219582918765,-127.47288598945849,51.721143037058,48.839110565825266,-126.2996643957254,48.004188241682904
34
9.497113495626763e-08,1.1977709846178186e-07,2.381720776156726e-07,2.1205394773460284e-07,2.0200201333864243e-07,2.0279308898807358e-07,9.842310788599207e-08,2.0034276815295016e-07,2.011403807955503e-07,1.2253219949798222e-07,2.1362224345011782e-07,2.395694309598184e-07,1.963944811222973e-07,1.9544752376532415e-06,1.8907449828020617e-07,3.594008717300312e-07,1.1760268847638145e-07,6.800980258958589e-07,5.367772928366321e-07,2.452059106872184e-07,9.523735684524581e-07,1.306313265558856e-06,1.3172636954550399e-06,6.929997766746965e-07,1.1917139772776864e-06,8.042844115152548e-07,2.4085647964966483e-06,2.363794010307174e-06,6.539845571751357e-07,8.079074973466049e-07,6.543801305269881e-07,1.1742667993530631e-06,9.56581175159954e-07,8.649873848298739e-07
0.0003915477136615664,0.0001694031379884109,5.0290154831600375e-06,5.868741936865263e-06,2.3709508241154253e-06,2.313202230652678e-06,7.599685341119766e-05,1.5472825907636434e-05,1.49504303408321e-05,1.589377279742621e-05,1.0592439139145426e-06,1.0735495834524045e-06,1.0547921192483045e-05,4.710750900471794e-08,6.748252872057492e-07,1.2315086905800854e-07,7.57092402636772e-06,5.982357720313303e-08,7.448124961229041e-08,2.3122505865558196e-07,1.0923672562057618e-06,3.9295176179621194e-07,2.483086802840262e-08,1.516727365924453e-06,1.9343520563097627e-08,3.9838806031866625e-08,7.934324308678242e-09,1.098544970545845e-07,9.851351933320984e-06,5.492991022038041e-07,2.5396861929039005e-06,2.5387171476154435e-08,2.3393438297603097e-08,3.058482178630584e-08
0.0,3.094151496887207,-0.2639378607273102,-0.2611843943595886,-0.0829525738954544,-0.08712027221918106,-0.08149971812963486,2.950559139251709,2.9479305744171143,2.9180870056152344,2.971698760986328,2.9450302124023438,2.363701343536377,-0.8160030245780945,2.4168646335601807,2.4124114513397217,2.3272042274475098,2.409740686416626,2.413227081298828,2.40000319480896,2.3149056434631348,2.2932753562927246,-0.9097486734390259,-0.8176560997962952,2.420229434967041,2.408334255218506,2.414435863494873,2.3109822273254395,2.91341495513916,-0.866544783115387,-0.7598009705543518,2.410874366760254,2.411670446395874,2.456047534942627
107.37010246954772,103.6927627713587,96.83696722214756,97.68366479241904,100.94689695141935,100.90363453321648,112.93860543569737,98.13597357963562,98.10344821880801,108.24375879647322,100.3444127949217,99.21390037406869,98.30066310090297,39.854748033482196,98.62441406756157,94.52473645223398,103.95094392198519,92.38932561955369,93.02780487297731,96.63992309478188,91.70599251385059,91.24367066931077,91.23333659309654,92.34480644654354,91.3632877722452,92.02022902699537,90.67448368501692,90.68726296895402,92.48479117358296,92.01116536596676,92.48328853196556,91.38355294351263,91.69848613595275,91.87840697906923
-118.64333652484294,-88.10672187787482,-47.207074429691154,165.66517280914874,-52.81050698325625,-64.39277636264327,-118.6433911663563,-52.81050698325625,-64.39277636264327,-88.10672187787482,165.66517280914874,-47.207077844785736,57.120936915613754,34.19712134394763,9.566089743953059,-129.15402777063042,-130.0218579461939,43.57052120613087,-128.12572913070665,-129.45596311308,52.01580422804152,-122.09039639516496,-123.48186985363664,-126.63288200457364,-124.57944027212267,-126.09734053213128,48.428687913693786,48.186373292509245,50.6901430573175,-125.67045370900549,48.57772947157263,46.68765220369002,-124.97399297971762,44.788603482332604
72.62990253940862,76.30739250175938,83.1630036358629,82.31618312218639,100.94686963066266,100.90355257094645,112.93858494512986,81.86403142932072,81.89652263920247,108.24370415495986,100.34472015343434,99.21393452501454,81.69934190805337,42.3792781582727,81.37559094139476,85.47526855672236,76.04906108697115,87.61067938940265,86.97220013597902,83.36008191417446,88.29401249510575,88.75633433964556,88.7666684158598,87.65519856241279,88.63671723671114,87.97977598196097,89.32552132393941,89.31274204000232,87.51521383537337,87.9888328128004,87.51671647699078,88.61644523525453,88.30151204281442,88.12159802988711
61.35667531430257,12.390119394980394,115.01087799969007,-11.936611909564473,-6.691659700153376,-10.496611664587148,61.357098786031116,-6.691808256767823,-10.496667159874153,12.390606899732404,-11.93722748036342,115.01087799969007,59.814773769550534,37.66476057423891,42.23667405368659,-136.1845054078646,159.41860964333526,47.711681975382525,-131.95553914173786,-142.01463193998245,53.63451808019952,-122.60417688491167,-124.19607541438819,-129.02801078044368,-125.55485958749219,-127.98460376207585,49.359383150378065,49.15154732412375,53.27909894145415,-127.44143979851975,51.67254624111335,48.77225667422918,-126.29634492378878,47.90091578143232
33
8.707078791303502e-08,1.2224475653965783e-07,2.0818677626266435e-07,9.082352647737935e-08,1.9769211689890653e-07,1.480980671431098e-07,1.2494548684571782e-07,2.476558336184098e-07,2.0978400527837948e-07,3.553138014922297e-07,1.8813997826327977e-07,2.0057694882780197e-07,1.9490621525619645e-06,1.809618623838105e-07,3.676479423120327e-07,1.2123456372137298e-07,6.717611995554762e-07,5.451177571558219e-07,2.5325701358269725e-07,9.439837640456972e-07,1.3146894843885093e-06,1.3256508282211144e-06,7.013761660346063e-07,1.2001049753962434e-06,8.126686452669674e-07,2.400197672614013e-06,2.355429614908644e-06,6.455993570853025e-07,8.162938911482343e-07,6.460007853092975e-07,1.1659091114779585e-06,9.649711500969715e-07,8.56644533087092e-07
0.00042707467218860984,7.631849439349025e-05,5.567361313296715e-06,9.776974184205756e-05,1.4455683412961662e-05,8.950588608058752e-07,6.532048246299382e-06,3.0633063943241723e-06,9.540212886349764e-07,1.3772389451105482e-08,1.0728705092333257e-05,5.379248477765941e-07,4.717796642239591e-08,7.065363547553716e-07,1.19099127005029e-07,7.188364179455675e-06,6.068340496767632e-08,7.226091724987782e-08,2.1969051999803924e-07,1.1060277529395535e-06,3.8955406012064486e-07,2.4544124954672952e-08,1.4635943443863653e-06,1.911316616087788e-08,3.91720575976251e-08,7.972380089427133e-09,1.1023035995094688e-07,9.922098797687795e-06,5.38000847427611e-07,2.547238636907423e-06,2.559525391632178e-08,2.3057303621953906e-08,3.0907642667443724e-08
0.0,-0.10686327517032623,-0.2650633454322815,-0.06759753078222275,2.9449000358581543,-1.6618380546569824,-0.3015759289264679,2.8407862186431885,2.9726083278656006,-1.4276764392852783,2.3596391677856445,-0.8179853558540344,-0.8139830827713013,2.4163663387298584,2.411630392074585,2.3227171897888184,2.410254716873169,2.413135290145874,2.400280475616455,2.3149940967559814,2.2931602001190186,-0.9085295796394348,-0.81974858045578,2.413813829421997,2.405505418777466,2.413477897644043,2.311197280883789,2.9088802337646484,-0.8667130470275879,-0.7613422274589539,2.406236171722412,2.408975601196289,2.457225799560547
109.0038085869339,103.41110626055489,97.82692118007088,114.98336599771326,98.24580302148942,105.0117542623582,107.87933405330719,96.57396395796707,100.53532341241271,13.336825448852828,98.66758769330522,40.45492358604039,39.84665425931573,99.01420613330502,94.4230349354925,103.52493819326232,92.41898913111905,92.98144154889127,96.42793451351218,91.7211623639972,91.23574081968438,91.22552968687522,92.31679584075732,91.35375965835303,91.99937645945931,90.67683327009141,90.68970134648771,92.51707747778961,91.99049038334913,92.51551336446967,91.39347037818749,91.68371243677801,91.89670505585569
-117.88231684752012,-176.33090934909552,152.66754138466794,-117.88254907395189,-62.17574476938133,-74.7461615216562,-176.33090934909552,-50.67293439570365,152.66752772428958,-137.9736598005711,57.120936915613754,-78.21102769514445,34.25018166851487,9.566089743953059,-129.15402777063042,-130.0218579461939,43.57052120613087,-128.12572913070665,-129.45596311308,52.01580422804152,-122.09039639516496,-123.48186985363664,-126.63288200457364,-124.57944027212267,-126.09734053213128,48.428687913693786,48.186373292509245,50.6901430573175,-125.67045370900549,48.57773288666722,46.68764878859544,-124.97399297971762,44.788603482332604
70.99619642202244,76.5889533899148,82.17247594204932,114.9838577713335,81.75425662898027,105.01155618687227,107.87939552500971,83.42595908871924,100.5361020539781,14.676334828119048,81.33241731565111,28.558914589770698,42.035326907143784,80.98579887565131,85.57697007346384,76.47506681569402,87.58101587783729,87.01856346006507,83.57207049544415,88.27884264495914,88.76426418927196,88.77447532208112,87.68320916819901,88.6462453506033,88.00062854949701,89.32317173886493,89.31030366246861,87.48292753116672,88.0095146256072,87.48449847467583,88.60653463076885,88.31629257217833,88.10329995310065
62.117681331247056,5.240640225610703,-9.55064412491872,62.11922495399948,-12.71302512572921,107.9869505138699,5.240322194927475,179.69630747770088,-9.550716695678652,77.40570741086493,60.186110664156615,17.06928818873843,37.513898770946255,41.45274250679296,-135.598734724266,-179.71432551673138,47.57409464474179,-131.74500539076138,-140.48910918886008,53.63063170256178,-122.65215213364183,-124.2221530766393,-128.9494909257452,-125.5634656258464,-127.94198338165496,49.328872695355614,49.11904586895824,53.2653975819791,-127.41141428692838,51.62170914312095,48.70360644288138,-126.2931483952572,47.7939584341245
34
7.92719134778963e-08,1.081718110640395e-07,1.1702452695772081e-07,1.41848829571245e-07,1.944589911317962e-07,8.337642043443338e-08,1.927348307617649e-07,1.4351265065215557e-07,1.4418280613881507e-07,1.1984329262304527e-07,1.4116758961790765e-07,1.1121478848963307e-07,1.7990021206060192e-07,1.9436890852375655e-06,1.7288446940710855e-07,3.7590939427900594e-07,1.2687587513937615e-07,6.634268174821045e-07,5.534614047064679e-07,2.613616914004524e-07,9.355939596389362e-07,1.3230660442786757e-06,1.3340379609871889e-06,7.097531238287047e-07,1.2084959735148004e-06,8.210531632357743e-07,2.3918312308524037e-06,2.3470656742574647e-06,6.372143275257258e-07,8.246806260103767e-07,6.37621837995539e-07,1.1575525604712311e-06,9.733613524076645e-07,8.483034434902947e-07
0.00046909082448109984,0.00017350939742755145,7.410792022710666e-05,5.410439189290628e-05,1.9471060568321263e-06,0.0001240085402969271,1.4467148503172211e-05,1.2076658322257572e-06,1.1700649338308722e-06,7.808941518305801e-06,5.245338616077788e-05,2.4089824364637025e-05,1.0911049685091712e-05,4.724764224306455e-08,7.400386721201357e-07,1.152275501681288e-07,6.896141258039279e-06,6.152008324988856e-08,7.015560754553007e-08,2.090474851002e-07,1.1197131470908062e-06,3.861641459934617e-07,2.4263577813599113e-08,1.4139183122097165e-06,1.8893475228765055e-08,3.8521417167203253e-08,8.005648588493841e-09,1.1055985282837355e-07,9.988662895921152e-06,5.270782139632502e-07,2.5531455776217626e-06,2.5807716852455087e-08,2.2728240622882367e-08,3.121144231954531e-08
0.0,3.089085102081299,-0.11125823855400085,-0.1202494204044342,-0.0735979676246643,-0.05695626512169838,2.9445955753326416,-0.9324501752853394,-1.005421757698059,-0.2679027020931244,-0.12365995347499847,2.972382068634033,2.355550765991211,-0.8147166967391968,2.4159464836120605,2.41062068939209,2.320343017578125,2.4078176021575928,2.413543939590454,2.401158332824707,2.315181016921997,2.293297529220581,-0.9097185730934143,-0.8217730522155762,2.416537046432495,2.403867244720459,2.4112355709075928,2.3105897903442383,2.904031276702881,-0.8670194745063782,-0.7628286480903625,2.4089248180389404,2.406658172607422,2.4553818702697754
110.95698314236908,105.19535657743731,104.02137000251719,101.5300448423767,101.37704860496841,117.39229175570671,98.45939669721406,105.50320003351897,105.42936568859112,108.66806380809275,101.58643488416432,110.17683210518105,99.06784360885713,39.838550239865505,99.43913269213903,94.32564326811728,102.91293275306167,92.44939713330395,92.93645109282839,96.22780997083082,91.73660542171059,91.22792025308472,91.21782523349144,92.28943410294225,91.34435448786593,91.97894736365181,90.67918968535507,90.69215338439975,92.55022438583168,91.97024570264921,92.54859880080922,91.40353807702408,91.66919828479173,91.91535830247899
-116.95051512019029,-81.99222724985269,-179.5088051246057,-59.79642788143988,-48.41186857286263,-116.95032387489353,-48.41186857286263,-71.92747222478617,-59.79642788143988,-179.5088051246057,-71.927465394597,-81.99222724985269,57.120936915613754,34.30357325725686,9.566089743953059,-129.15402777063042,-130.0218579461939,43.57052462122545,-128.12572913070665,-129.45596311308,52.01580422804152,-122.09039639516496,-123.48186985363664,-126.63288200457364,-124.57944027212267,-126.09734053213128,48.428687913693786,48.186373292509245,50.6901430573175,-125.67045370900549,48.57772947157263,46.68765220369002,-124.97399297971762,44.788603482332604
69.04302186658725,74.80473039378906,75.97873062908754,78.46998065714715,101.37696664269836,117.3924556802468,81.54049219852638,105.50325467503232,105.4293247074561,108.66834384584872,78.41360427573787,110.17637448250666,80.9321614000992,41.68786493878148,80.56087231681731,85.67436174083905,77.08707225589467,87.55060787565239,87.06355391612794,83.77219503812552,88.26339958724574,88.77208475587162,88.7821797754649,87.71057090601408,88.65565052109041,88.02105764530452,89.32081532360127,89.30785162455659,87.44977379293549,88.02975247611795,87.45140620814712,88.59646693193224,88.33079989397542,88.08463987628816
63.049483058576875,6.275473649022873,2.060170109113671,103.98803184917836,-11.090418919517946,63.04811702074287,-11.090367693099171,110.80415765969005,103.98817528315092,2.05946531896869,110.80390494269075,6.274914000397755,60.606713713246,37.35965260891985,40.55758132926567,-135.07692193205534,-166.00267977679576,47.43024061553756,-131.54910190498708,-139.22622087170308,53.62661555132981,-122.69884330680804,-124.24754771997341,-128.87511016568376,-125.5718257773905,-127.90126179382335,49.297945598793795,49.086097036402094,53.25104735453291,-127.382754813171,51.56845757325694,48.633084739701,-126.29006114975236,47.68310787898978
30
7.160801374084258e-08,7.612684527202873e-08,1.3915170882228267e-07,1.0620773593927879e-07,1.0301695141379241e-07,2.8580333832906035e-07,3.5179414226149675e-07,1.7167809573948034e-07,1.9383585367904743e-06,1.6485014953104837e-07,3.8418258441197395e-07,1.3356437023048784e-07,6.550956186401891e-07,5.618076102109626e-07,2.695071827929496e-07,9.272046099795261e-07,1.331442604168842e-06,1.342424866379588e-06,7.181304226833163e-07,1.2168865168860066e-06,8.294374538309057e-07,2.383465471211821e-06,2.338702643100987e-06,6.288300937740132e-07,8.33067019812006e-07,6.292439138633199e-07,1.1491973737065564e-06,9.81750986284169e-07,8.399648550039274e-07,7.275298230524641e-07
0.0005192956887185574,0.0001556715287733823,1.8729977000475628e-06,2.7689133275998756e-05,0.00017343477520626038,1.3487720025295857e-06,2.4756747762921805e-08,1.109284221456619e-05,4.73073100693e-08,7.746176606815425e-07,1.115034464760356e-07,6.670235507044708e-06,6.232371418946059e-08,6.812602038053228e-08,1.9916043925150007e-07,1.1330937468301272e-06,3.827400405498338e-07,2.3979591645684195e-08,1.3669739473698428e-06,1.866507481906865e-08,3.7889329007612105e-08,8.037577714503641e-09,1.1078983419565702e-07,1.0048172043752857e-05,5.163969376553723e-07,2.5563260805938626e-06,2.598927295593967e-08,2.240483176763064e-08,3.151494709641156e-08,5.0506820059581514e-08
0.0,-0.04855350777506828,-0.6158134937286377,2.985517740249634,3.0859508514404297,2.794783115386963,2.708505153656006,2.3514318466186523,-0.8147086501121521,2.4157602787017822,2.4098901748657227,2.318836212158203,2.408846139907837,2.411896228790283,2.401745080947876,2.315398931503296,2.293175220489502,-0.9086170196533203,-0.8235103487968445,2.4130964279174805,2.4094886779785156,2.4157814979553223,2.3113625049591064,2.8992130756378174,-0.8675509691238403,-0.7642256021499634,2.4078853130340576,2.408989191055298,2.4603219032287598,2.405566453933716
113.32502338799084,120.25799324463395,106.00191995614578,111.17266685597974,105.97552810519285,95.693374989034,10.725373482911092,99.50606854600515,39.830435975131536,99.90368800853744,94.2323223934874,102.25597100774398,92.48057011667589,92.89279252365367,96.03886644782075,91.75231485680162,91.22019530913343,91.21021640275605,92.26271440290915,91.33508592116222,91.95894173957285,90.68158708175373,90.69463274306847,92.58424555808752,91.95039717292116,92.58255167117335,91.41373554945491,91.65493001961558,91.93438037931747,92.23346753288317
-115.78453352697741,-115.78479307416588,-57.036426985013186,-80.06745262098642,-80.06745262098642,-39.07066280733224,-140.3509891034641,57.120936915613754,34.357275619606085,9.566089743953059,-129.15402777063042,-130.0218579461939,43.57052462122545,-128.12572913070665,-129.45596311308,52.01580422804152,-122.09039639516496,-123.48186985363664,-126.63288200457364,-124.57944027212267,-126.09734053213128,48.428687913693786,48.186373292509245,50.6901430573175,-125.67045370900549,48.57773288666722,46.68764878859544,-124.97400664009596,44.788603482332604,43.975974895641166
66.67497479077632,120.25785664085055,106.00196776746996,111.17219557292701,74.02457935660104,84.30662318973317,12.245337313822695,80.49393646295118,41.3369127437533,80.09631700041889,85.76768261546894,77.74403400121234,87.51943489228044,87.10721248530267,83.96113856113558,88.24769015215472,88.7798096998229,88.78978860620029,87.73729060604717,88.66491908779412,88.04106326938349,89.31841792720259,89.30537226588787,87.41575945086882,88.04960783603518,87.41745333778299,88.58626945950142,88.34507498934076,88.06562462963886,87.76653747607317
64.21546465178974,64.21715853870391,106.74919046266936,0.0523727299571074,0.05268906309820354,-23.163179551129222,82.13424737326476,61.08669159679031,37.2018205975792,39.5259837079728,-134.60898567201778,-157.24632261932607,47.27959737829835,-131.36623042014915,-138.16415377652277,53.62239449442274,-122.74423674403195,-124.27220470287716,-128.80443136815248,-125.57987174023278,-127.8622340929059,49.26657112484134,49.0526598453203,53.235894579859234,-127.35524281119419,51.51252515414371,48.560561791093804,-126.28702854576088,47.56808749336676,47.28025307645867
35
6.412668085431505e-08,1.3268586940284877e-07,1.863335938878663e-07,6.913624872595392e-08,1.881159903405205e-07,1.3445523450172914e-07,1.110910545776278e-07,1.080445812817743e-07,1.0182840526340442e-07,9.849585325127919e-08,2.0955449997472897e-07,1.6347598830179777e-07,1.9330682334839366e-06,1.5817258258721267e-07,1.5686700294281763e-07,3.924669158550387e-07,1.4081086874284665e-07,6.467665798481903e-07,5.701567715732381e-07,2.776859275854804e-07,9.188149761030218e-07,1.3398198461800348e-06,1.3508124538930133e-06,7.265086878760485e-07,1.2252776286914013e-06,8.378225402339012e-07,2.375099711571238e-06,2.3303393845708342e-06,6.204454621183686e-07,8.414539252044051e-07,6.208661034179386e-07,1.1408427553760703e-06,9.901411885948619e-07,8.316275170727749e-07,7.191990789578995e-07
0.0005798792699351907,5.008589869248681e-05,1.335910928901285e-05,0.00019381997117307037,1.5805989050932112e-06,2.618939333842718e-06,9.640949429012835e-06,6.846414908068255e-05,3.0767700081923977e-05,0.00017250141536351293,4.327501699208369e-07,1.1268894922977779e-05,4.7329098862292085e-08,1.064041839526908e-06,8.085301033133874e-07,1.0786228443748769e-07,6.464160378527595e-06,6.302555988213498e-08,6.61319248251857e-08,1.8983602956268442e-07,1.145427745541383e-06,3.7915756934125966e-07,2.3687263706051453e-08,1.3218818821769673e-06,1.8434564097447037e-08,3.7225465376877764e-08,8.047837063429597e-09,1.1084365780789085e-07,1.0093718628922943e-05,5.056931513536256e-07,2.5547676614223747e-06,2.6133669450700836e-08,2.2069752247944052e-08,3.1736210104327256e-08,5.0976890264564645e-08
0.0,-0.12920647859573364,2.939323663711548,-0.04177333787083626,-0.06171008571982384,-0.46100276708602905,-0.2346293330192566,-0.11960469186306,2.994154214859009,3.083167314529419,-0.8452730774879456,2.3473658561706543,-0.8142396211624146,-0.8303857445716858,2.4151434898376465,2.4110617637634277,2.3178751468658447,2.4128546714782715,2.410717010498047,2.401730537414551,2.3155531883239746,2.293206214904785,-0.9093121886253357,-0.8251327872276306,2.416062116622925,2.408315658569336,2.405825138092041,2.3112070560455322,2.894160270690918,-0.8676725625991821,-0.7657548785209656,2.410971164703369,2.408979892730713,2.4565799236297607,2.4060440063476562
116.24047597483245,102.33835674951268,98.75228886920254,123.70010805799689,101.76608934990317,106.57674184650489,110.19965859738724,105.21329948438694,112.13013643421047,106.7298473669399,33.316358205190724,99.98779495797699,39.822273899073366,45.68952592442479,100.41317913948538,94.14282642479272,101.6162076787564,92.51253540199154,92.8503975394754,95.8603731142408,91.76831799002696,91.21256598783053,91.20270319466903,92.23660941990137,91.32594029786357,91.93932543627656,90.68398447815241,90.69712576211552,92.61919563607047,91.93095162435414,92.61741978688626,91.42409694642582,91.64090081106038,91.95377811656031,92.25935394983752
-114.28306670211185,-63.59364422975179,-43.67406687394826,-114.28274568322085,-43.67406687394826,-54.059208997507156,174.61002952733247,174.61002952733247,-75.94881440052288,-75.94881440052288,-67.23605434052536,57.120936915613754,34.41136047254883,-60.876642789244904,9.566089743953059,-129.15402777063042,-130.0218579461939,43.57052462122545,-128.12572913070665,-129.45596311308,52.01580422804152,-122.09039639516496,-123.48186985363664,-126.63288200457364,-124.57944027212267,-126.09734053213128,48.428684498599196,48.186373292509245,50.6901430573175,-125.67045370900549,48.57773288666722,46.68764878859544,-124.97400664009596,44.788610312521776,43.975978310735755
63.75952220393472,77.66156629717361,81.24772980013213,123.69943869945823,101.76594591593059,106.57689211066662,110.20055335216851,74.78624107170583,112.13013643421047,73.27017130239479,22.324664547483437,80.01221005097935,40.98233371827585,32.50607578847919,79.58682586947096,85.85717858416362,78.38379733019993,87.48746960696478,87.14960746948094,84.13963189471552,88.23168701892938,88.7874390211258,88.7973018142873,87.76339558905497,88.67406471109277,88.06067957267976,89.31602053080393,89.30287924684082,87.38080937288586,88.0690533846022,87.38258522207008,88.5759080625305,88.35910419789596,88.04622689239602,87.74064422892965
65.71693830684448,115.57807056874627,-15.827682741035172,65.71483460858012,-15.827199505151395,109.72459845004533,-8.119669974929566,-8.119502635294902,-4.06697296203427,-4.066310006797956,6.308615434423067,61.64029891958735,37.040436887870136,11.738436532117491,38.32571115003187,-134.18744005682294,-151.42334046508006,47.12187464998441,-131.19538006825047,-137.259631824738,53.618098305434806,-122.78851003023196,-124.29628794989063,-128.73739989163798,-125.58775377853497,-127.82498224117265,49.234790254633275,49.01877869194245,53.22009635230899,-127.32898756402466,51.45392554615959,48.48606833291106,-126.28417352668781,47.44879823951249,47.13735527373825
37
5.690047899520323e-08,6.101956273596443e-08,1.275413978873985e-07,1.4013798477208184e-07,6.24920346581348e-08,1.8568862003576214e-07,1.4249998514515028e-07,6.626444815083232e-08,1.8388222144949395e-07,1.301322214430911e-07,9.797354749707665e-08,9.45051539247288e-08,3.49048491443682e-07,1.5529832353422535e-07,1.9278197669336805e-06,1.5502011763146584e-07,1.4894796152020717e-07,4.0076034224512114e-07,1.4837745254681067e-07,6.384405537573912e-07,5.785085477327812e-07,2.8589090561581543e-07,9.104253990699362e-07,1.3481976566254161e-06,1.3592000414064387e-06,7.348875783463882e-07,1.2336686268099584e-06,8.462080245408288e-07,2.3667341793043306e-06,2.3219768081617076e-06,6.12061228366656e-07,8.498411716573173e-07,6.124889750935836e-07,1.1324892739139614e-06,9.985313909055549e-07,8.232924528783769e-07,7.108712338776968e-07
0.0006535222055390477,0.0003896503185387701,5.004162812838331e-05,1.7568418115843087e-05,0.00023943456471897662,1.4210477274900768e-06,4.496933456721308e-07,0.00013862596824765205,1.2697334568656515e-05,3.2888917758100433e-06,3.3168595109600574e-05,0.00017001018568407744,1.1384647891077293e-08,1.1426090168242808e-05,4.7288139626289194e-08,9.989888667405467e-07,8.3813995388482e-07,1.0412721707098171e-07,6.2578510551247746e-06,6.344181713302532e-08,6.410179054228138e-08,1.8077328434173978e-07,1.1550470162546844e-06,3.751180486233352e-07,2.3367356050130184e-08,1.276923740078928e-06,1.8167856552508965e-08,3.650199786875419e-08,8.0474720220991e-09,1.105223716990622e-07,1.0107795787916984e-05,4.94451455779199e-07,2.543699110901798e-06,2.617924366177249e-08,2.170782131827309e-08,3.1853176096774405e-08,5.12308560018937e-08
0.0,3.109588146209717,-0.1290462613105774,2.94193696975708,-0.03623668849468231,-0.05609286203980446,2.231630802154541,3.0724775791168213,2.9369168281555176,-0.38377708196640015,2.9997968673706055,3.08042049407959,-3.080770492553711,2.3432812690734863,-0.8153610229492188,-0.8368396162986755,2.4145569801330566,2.4110002517700195,2.3172366619110107,2.4093759059906006,2.4124937057495117,2.402036190032959,2.315711498260498,2.293184995651245,-0.9112612009048462,-0.8265997171401978,2.4126226902008057,2.4055280685424805,2.422255277633667,2.311291217803955,2.888922929763794,-0.86799556016922,-0.7673289775848389,2.410991668701172,2.412154197692871,2.4565253257751465,2.4045116901397705
119.88695004816218,117.68801162601159,102.84441912549727,101.67241330543644,127.86737039516174,101.92215234224878,105.6157752114191,125.37269844232796,98.86988423614265,107.14415298161452,113.04984872670937,107.45851243816436,8.097134619536757,100.51955250561916,39.81407767206935,44.676974285632504,100.97350053823654,94.05694362616899,101.01621654130581,92.54532031000761,92.80921149878021,95.69161280022813,91.78462165157578,91.20502545898684,91.19527194885205,92.21109866335138,91.31691761796999,91.92009845376298,90.6864023651186,90.69963244154091,92.65509511034806,91.91188856638063,92.65324412908298,91.43459494718013,91.62710382893694,91.97356517458584,92.28583459324966
-112.2815958790555,-157.47210135253,-50.857281201402294,161.07379670566112,-112.28151391678546,-41.937272711419084,161.07379670566112,-157.47210135253,-41.937269296324494,-50.857277786307705,-71.42318569798579,-71.42318569798579,-144.31767610546237,57.120936915613754,34.46575609909881,-57.144664992790375,9.566088890179412,-129.15402777063042,-130.0218579461939,43.57052462122545,-128.12572913070665,-129.45596311308,52.01580422804152,-122.09039639516496,-123.48186985363664,-126.63288200457364,-124.57944027212267,-126.09734053213128,48.428684498599196,48.186373292509245,50.69013964222291,-125.67045370900549,48.57773288666722,46.68764878859544,-124.97399297971762,44.788610312521776,43.975978310735755
60.11305496079416,62.31227342070072,77.15562686459408,78.32717506198053,127.8676299423502,101.92202939884372,105.61610306049927,125.37287602724638,81.13013443319201,107.1439753966961,113.05040880222131,72.54153355192699,9.894097626011874,79.48045250333718,40.62417225857872,30.456353094031286,79.02650447071979,85.94306138278735,78.98378846765053,87.45468469894872,87.1907935101761,84.30839220872821,88.21538335738056,88.7949795499695,88.80473306010427,87.78890634560496,88.68308739098634,88.07990655519335,89.31360264383774,89.30037256741542,87.34490989860828,88.08811644257571,87.34676087987336,88.5654100617762,88.37290118001938,88.02643983437049,87.71416358551751
67.71840912990083,80.18668723332733,112.92752003867444,120.81334226566933,67.71788320533474,-21.863017184124153,120.81377939777622,80.18665991257065,-21.862846429394903,112.92756784999862,-8.591394428635558,-8.591504565435926,89.2426164877938,62.28527368291166,36.87526583826631,7.879850934113018,36.91265770887754,-133.80557784070587,-147.34865451192556,46.956454298475876,-131.0352940944837,-136.48018429703447,53.61365185228513,-122.83163584465143,-124.31974281950045,-128.67364690592507,-125.59540359040538,-127.7893013329485,49.20256883722374,48.98442284041729,53.20349899262586,-127.30383880750068,51.392330900224415,48.4094609311802,-126.28141413026313,47.32493275891431,46.98815662150849
43
5.004037006983708e-08,5.459703444898878e-08,9.091754549217512e-08,1.2354686873550236e-07,1.940398135502619e-07,9.085212582249369e-08,1.0186300869463594e-07,1.0508883008242265e-07,9.445474091762662e-08,5.6317215779699836e-08,6.040219346914455e-08,1.8202038631898176e-07,1.0146106887987116e-07,9.451768079316025e-08,2.466451292093552e-07,1.9575249154968333e-07,3.479719055121677e-07,2.0589246219060442e-07,1.4715067209181143e-07,1.922615638250136e-06,1.5226795824219153e-07,1.4110983670434507e-07,4.090615277618781e-07,1.561425904128555e-07,6.301181656453991e-07,5.868622565685655e-07,2.941170293979667e-07,9.020362767842016e-07,1.3565754670707975e-06,1.3675875152330264e-06,7.432666961904033e-07,1.2420595112416777e-06,8.545933951609186e-07,2.358369556532125e-06,2.3136144591262564e-06,6.03677563049132e-07,8.582283044233918e-07,6.041127562639304e-07,1.1241370430070674e-06,1.0069213658425724e-06,8.149598897944088e-07,6.724812919856049e-07,7.025464583421126e-07
0.0007431146805174649,0.00040484394412487745,0.00016593981126789004,4.780516610480845e-05,4.297350642445963e-06,0.00016529386630281806,5.617748684016988e-05,9.246968147635926e-06,3.494957854854874e-05,0.0002929852926172316,0.0001565431011840701,1.1909724889846984e-05,5.829302244819701e-05,3.4921529731946066e-05,3.7529257497226354e-06,5.8520890888758e-07,1.834694707270046e-08,2.7569413418859767e-07,1.152289223682601e-05,4.7086050614097985e-08,8.941280498220294e-07,8.562106472709274e-07,9.996596617156683e-08,6.031140401319135e-06,6.32810071010681e-08,6.180362532859363e-08,1.7135637619958288e-07,1.1575149301279453e-06,3.6977635886614735e-07,2.2946199607076778e-08,1.2282904435778619e-06,1.7832668675055174e-08,3.5628826111633316e-08,7.974127136378684e-09,1.0934892458180911e-07,1.0050452146970201e-05,4.81277481867437e-07,2.511601223886828e-06,2.599874271425051e-08,2.125596587632117e-08,3.1700906788501015e-08,8.491551852785051e-07,5.100832112248099e-08
0.0,3.1071157455444336,3.0780985355377197,-0.13173475861549377,-0.2784631550312042,3.0792219638824463,-0.12951219081878662,-0.22560738027095795,3.00549054145813,-0.031712062656879425,3.075383186340332,2.934817314147949,-0.1279578059911728,3.003978729248047,2.861304759979248,2.9831011295318604,-1.2647851705551147,-0.8759143352508545,2.33933162689209,-0.8141129016876221,-0.8442822694778442,2.4143552780151367,2.4103336334228516,2.316784143447876,2.411848545074463,2.411875009536743,2.4013009071350098,2.31592059135437,2.2931060791015625,-0.9096764922142029,-0.827955961227417,2.4183239936828613,2.4083378314971924,2.41776704788208,2.3114163875579834,2.8836004734039307,-0.8680006265640259,-0.768914520740509,2.405761241912842,2.415337324142456,2.455542802810669,2.3108978271484375,2.407073974609375
124.51358358814541,121.28570448828908,108.17089433840752,103.26720100493189,98.40150401380903,108.18452739599087,106.16109751475292,111.408622571047,113.96131698088006,132.93281626856162,129.42529556370664,98.96139511064248,106.22702933081106,113.94421418719834,96.60107297878284,101.30009286358987,6.7919136436776455,31.65255827432147,101.10922322723387,39.805901935632846,43.75813967244195,101.59125699771835,93.97448275231942,100.46203548261848,92.57895899166992,92.76919342043311,95.53192297743324,91.80121901125891,91.19758738298069,91.18794315587263,92.1861548125025,91.30801788148146,91.90125396184291,90.68883391246312,90.702166441723,92.69199862243363,91.89320116881147,92.69005884870936,91.44525687247453,91.61354590343447,91.9937552137724,92.41640048942362,92.31293678387627
-109.48887496140986,-162.04678447368613,-65.10150411168048,-47.424981369876654,142.01261020398812,-58.49416352371774,158.78741820175603,158.78741820175603,-58.49416352371774,-109.48933941427342,-162.04678447368613,-39.343733770349345,164.627994923304,-65.10150411168048,-177.5885247602133,142.01261020398812,-147.47152961509408,-59.41006457065977,57.120936915613754,34.52047957472895,-53.13327781776896,9.566089743953059,-129.15402777063042,-130.0218579461939,43.57052462122545,-128.12572913070665,-129.45596311308,52.01580422804152,-122.09039639516496,-123.48186985363664,-126.63288200457364,-124.57944027212267,-126.09734053213128,48.428687913693786,48.186373292509245,50.6901430573175,-125.67045370900549,48.57773288666722,46.68764878859544,-124.97400664009596,44.788603482332604,43.78950731620523,43.975978310735755
55.486414590621756,58.71365848288527,71.8289535761979,76.73292011724034,81.59784529698697,71.81552542428966,73.83864111682577,111.40889577861381,113.96102328274574,132.93231083456305,129.42498137500482,81.03870552096222,73.7728322441727,113.94434396079258,83.39899350187602,101.30086467496608,8.784920154805054,19.80671872505282,78.89078178172247,40.262462515607766,28.461323139362264,78.40874801123799,86.02552225663692,79.53796952633786,87.42104601728641,87.23081158852322,84.46807520133393,88.19878599769743,88.80241762597564,88.8120618530837,87.81385019645384,88.69198712747487,88.09875104711342,89.31117109649321,89.29783856723334,87.3080063865227,88.10680384014486,87.30994616024698,88.5547481364818,88.38645910552187,88.00624296499477,87.58359768934355,87.6870613948909
70.51113004754647,84.76150695826685,-11.35470625926242,116.3591300210939,-24.500668901948412,-2.5741377887323105,-4.993142344619768,-4.993496660682962,-2.5745226272033586,70.51425144399717,84.76392484523303,-24.45581504966894,-14.542329931697983,-11.354600391330285,-71.17226503844702,-24.500248845314456,94.22605227982933,-4.188542218410857,63.04614309607274,36.7061947506464,3.3620346873259543,35.227247059474365,-133.458153438384,-144.3657469768409,46.78281381430123,-130.8850572535001,-135.80189187093885,53.609079040635805,-122.87366882880369,-124.34263761359833,-128.61298116571703,-125.60287581735739,-127.75510940596342,49.169910287707324,48.94959570583939,53.18607176495858,-127.27976922086555,51.32757387670352,48.3306746991041,-126.27877767724351,47.19625199495127,46.786645550425604,46.83227462917588
37
4.371840489625356e-08,4.8776364280911366e-08,1.2000808169432275e-07,1.3181087865632435e-07,8.674009421838491e-08,9.050653915210205e-08,5.078276288372763e-08,1.3431939294150652e-07,5.5197141080043366e-08,1.2275800997940678e-07,5.446579365298021e-08,2.045552207619039e-07,1.3903952833516087e-07,1.91745448319125e-06,1.4993993602274713e-07,1.333757921884171e-07,4.1736944922377006e-07,1.6403909341988765e-07,6.217993018253765e-07,5.952177843937534e-07,3.0236063253141765e-07,8.936472113418858e-07,1.3649535048898542e-06,1.375974989059614e-06,7.516461550949316e-07,1.2504502819865593e-06,8.629786520941707e-07,2.350005161133595e-06,2.305253019585507e-06,5.9529429563554e-07,8.666152098157909e-07,5.957374469289789e-07,1.1157864037159015e-06,1.0153114544664277e-06,8.066298278208706e-07,6.64161291297205e-07,6.942248091945658e-07
0.000850573880597949,0.0004046386166010052,4.4873224396724254e-05,1.4959005966375116e-05,0.0001600588293513283,3.6688266845885664e-05,0.0003535070864018053,7.517286348956986e-07,0.0001673405640758574,4.1695702748256736e-06,6.481137461378239e-06,1.254754096180477e-07,1.1412421372369863e-05,4.650006246720295e-08,7.14981524652103e-07,8.496630243826075e-07,9.449576054976205e-08,5.739622793043964e-06,6.165063126672976e-08,5.870796115914345e-08,1.6013042625218077e-07,1.140028984991659e-06,3.604230585096957e-07,2.2258440424138826e-08,1.1656011338345706e-06,1.7259441875694392e-08,3.4284781236237905e-08,7.75783437489963e-09,1.0606324707396197e-07,9.800408406590577e-06,4.622221752015321e-07,2.4276152998936595e-06,2.5296129635421494e-08,2.052762582138712e-08,3.090732647592631e-08,8.213072533180821e-07,4.9595108464473014e-08
0.0,3.1050281524658203,-0.13426467776298523,2.9366066455841064,3.0768725872039795,3.009533405303955,-0.028071245178580284,2.6054582595825195,3.078146457672119,-0.31211182475090027,2.4169368743896484,-0.9399329423904419,2.3354651927948,-0.8129606246948242,-0.8542677760124207,2.4133307933807373,2.4105918407440186,2.3165695667266846,2.4118072986602783,2.4123470783233643,2.403228282928467,2.3161275386810303,2.2930843830108643,-0.9103903770446777,-0.8292362689971924,2.4113898277282715,2.4100089073181152,2.4253883361816406,2.311262845993042,2.8780417442321777,-0.8685377836227417,-0.7705711722373962,2.411475896835327,2.408480405807495,2.460353374481201,2.311231851577759,2.404454231262207
130.43130046617947,125.54077573742363,103.66585865621802,102.42076298184888,109.07909093196578,115.07693958934243,139.05799331244566,106.5928201118111,134.02377506393108,108.208958982652,121.37011196605211,30.998011000875394,101.76630108576744,39.797681802966736,42.96083803024802,102.27357240523511,93.8952457277581,99.95315223850668,92.61348559792434,92.73028866292073,95.38064111750663,91.81813738983303,91.19023809943376,91.18069632516325,92.16177786735471,91.29924108839799,91.88277146994886,90.69129278056432,90.70470727209424,92.72994032327306,91.87486894107916,92.7279049269004,91.45607589211983,91.6002133741746,92.01435506430916,92.44669237839263,92.34067418209568
-105.34833915446725,-168.28004243099645,-43.76504499369283,145.9969873959367,-53.59900451161003,-53.59900451161003,-105.34803179595461,145.9969873959367,-168.28004243099645,-43.765048408787415,109.58952462901917,-55.143573245232965,57.120936915613754,34.57559578623637,-48.85201279316742,9.566088890179412,-129.15402777063042,-130.0218579461939,43.57052462122545,-128.12572913070665,-129.45596311308,52.01580081294693,-122.09039639516496,-123.48186985363664,-126.63288200457364,-124.57944027212267,-126.09734053213128,48.428687913693786,48.186373292509245,50.6901430573175,-125.67045370900549,48.57773288666722,46.68764878859544,-124.97400664009596,44.788603482332604,43.78950390111065,43.975978310735755
49.568701127682274,54.45899363000634,76.33413269235997,77.57829263081281,70.92098920907144,115.07752698561106,139.05713270861023,106.5941178477534,134.02406193187622,108.20923902040798,58.62987938252589,18.798833813010937,78.2337039231889,39.89711569690378,26.576687824700862,77.72643260372122,86.10475928119824,80.04685277044966,87.386519411032,87.26971634603561,84.61936389144971,88.18186761912331,88.80976690952258,88.81930868379308,87.83822714160162,88.70076392055834,88.11723353900747,89.30871222839201,89.2952977368621,87.27006468568328,88.12513606787718,87.27210008205594,88.54392911683651,88.39979163478174,87.985643114458,87.55330580037455,87.65932399667147
74.65166585448907,90.99328276452727,120.0197562463839,120.50334729999915,-7.4692259376273755,-7.470352918840427,74.64966460906226,120.50288284713558,90.99148642477556,120.01960598222216,80.62471409498941,-10.503944726434803,63.956108708626026,36.53303920990282,-1.929897697630606,33.185409818423246,-133.14042669857332,-142.09805587050496,46.60012674457089,-130.74356305465412,-135.2059851866119,53.60422619123051,-122.91458166193206,-124.36487670953589,-128.55497919928527,-125.6100475159859,-127.72218789416395,49.13674971928691,48.91421532593873,53.1675482919295,-127.25653291730917,51.259179777449596,48.249501315913086,-126.27614122422388,47.0623154004219,46.61523853810955,46.669070674053
34
3.8202685459509667e-08,4.3798333848599214e-08,8.327214118253323e-08,8.718853194977783e-08,4.611979420587886e-08,3.464202222858148e-07,4.8405102148763035e-08,2.0355533081328758e-07,1.3097385931359895e-07,1.9123376659990754e-06,1.4805314663135505e-07,1.2577721975048917e-07,4.2568410663079703e-07,1.7202837909735536e-07,6.1348362123681e-07,6.035756427991146e-07,3.1061978233992704e-07,8.852578616824758e-07,1.3733324522036128e-06,1.3843630313203903e-06,7.600266371809994e-07,1.2588415074787918e-06,8.71364647991868e-07,2.3416412204824155e-06,2.296891807418433e-06,5.869109145351104e-07,8.750029678594728e-07,5.87362308124284e-07,1.107436446545762e-06,1.0237017704639584e-06,7.983017553669924e-07,6.558441327797482e-07,6.859059453745431e-07,7.89806392731407e-07
0.0009733799379318953,0.00036718431510962546,0.00015183181676547974,3.71053465642035e-05,0.0004170094325672835,1.1957301637721685e-07,2.328054961253656e-06,9.51290886064271e-08,1.0548613317951094e-05,4.491616678592436e-08,4.0729239003667317e-07,8.023062036954798e-07,8.527137396185935e-08,5.258516011963366e-06,5.649213719038926e-08,5.325837548753043e-08,1.4309300411241566e-07,1.06477773442748e-06,3.3771735274967796e-07,2.069947235838754e-08,1.0584916481093387e-06,1.6002339009446587e-08,3.154152494744267e-08,7.1372237009370565e-09,9.731306960247821e-08,9.027473424794152e-06,4.2503211261646356e-07,2.210598722740542e-06,2.321616676681515e-08,1.9001674900209764e-08,2.842806878788906e-08,7.46223520309286e-07,4.536251196896046e-08,3.8274219349432315e-08
0.0,3.104787826538086,3.074392795562744,3.0115323066711426,-0.025262702256441116,-0.8564741611480713,2.56145977973938,2.4575085639953613,2.33176851272583,-0.8117920160293579,-0.8786887526512146,2.4129443168640137,2.4112513065338135,2.316439151763916,2.4106717109680176,2.4144670963287354,2.4010283946990967,2.316263198852539,2.2931666374206543,-0.9083608388900757,-0.8303914666175842,2.414921998977661,2.408390760421753,2.4219236373901367,2.3113248348236084,2.872220516204834,-0.8686197400093079,-0.77220618724823,2.4052181243896484,2.413455009460449,2.4552254676818848,2.3114123344421387,2.4074339866638184,-1.01223886013031
137.91673700402822,130.34233042205088,109.90645223669694,116.10165921014111,146.27826824633618,4.279609557501461,125.85551085437781,30.483595303535882,102.5022539688363,39.78943776463853,42.3112665496123,103.02770042168538,93.81904813737744,99.48653420497892,92.64894794009504,92.69244941491885,95.23717982417968,91.83537678729815,91.18297077815687,91.17354511710225,92.13792001658386,91.29058040853042,91.86464414789165,90.69376530904387,90.70727542322216,92.76896119400134,91.85689871337286,92.76683017498029,91.46706566649438,91.58709258077901,92.03537838657445,92.4777424183595,92.36908093885377,92.05728280324269
-98.66926108965187,-177.00696147314338,-48.20146801057497,-48.20146801057497,-98.66952063684033,-159.55101969058512,109.58952462901917,-50.679354773523464,57.120936915613754,34.63097154493225,-44.32783550582896,9.566089743953059,-129.15402777063042,-130.0218579461939,43.57052462122545,-128.12572913070665,-129.45596311308,52.01580422804152,-122.09039639516496,-123.48186985363664,-126.63288200457364,-124.57944027212267,-126.09734053213128,48.428687913693786,48.186373292509245,50.6901430573175,-125.67045370900549,48.57773288666722,46.68764878859544,-124.97399297971762,44.78860689742719,43.78950390111065,43.975978310735755,44.32119314686112
42.0832680049281,49.65774971898632,70.09355960244858,116.10109913462917,146.27873269919974,6.841861963304303,54.14450098476769,18.016618351146274,77.49775104012002,39.528128387372185,24.867660088695075,76.97230458727094,86.1809568715789,80.51347080397741,87.3510570688613,87.30755559403748,84.76282518477666,88.16462822165819,88.81703423079946,88.82645989185409,87.86208499237247,88.70942460042592,88.13536086106468,89.30623969991247,89.29272958573418,87.231043814955,88.14311312577264,87.23317483397604,88.53293934246196,88.41290559798816,87.9646197921927,87.52226259059682,87.63091723991339,87.94272220571365
81.33073708911529,99.72070724067281,-12.867198716995675,-12.866029900873958,81.3324446364078,108.84839446255943,87.38842503381044,-17.505498220081297,65.06456644864906,36.35564212168466,-8.097950827142572,30.66928082631185,-132.8491191304723,-140.3218378560865,46.40793888170508,-130.6103197243255,-134.6789268091187,53.59927430408225,-122.95455192895498,-124.38662403185322,-128.4997366292782,-125.617082610831,-127.69065974095518,49.103152018759616,48.87836366298533,53.14812664902457,-127.23429382137161,51.18712469680055,48.16598517783675,-126.27366869574433,46.92301027720491,46.43549186481691,46.498254473100154,46.50199741676532
39
3.388954183947135e-08,3.9980143640150345e-08,1.1445715131230827e-07,8.053363131921287e-08,9.199322192898762e-08,9.555283497775235e-08,8.457691791363686e-08,4.261561770135813e-08,1.757322820594709e-07,1.738228547765175e-07,3.4594791031850036e-07,4.3249087866570335e-08,2.0289857616262452e-07,1.2296702323055797e-07,1.9072659824814764e-06,1.4662749947547127e-07,1.1836242919116557e-07,4.340042778494535e-07,1.8008486790677125e-07,6.051719765309826e-07,6.119353201938793e-07,3.1889149454400467e-07,8.768686825533223e-07,1.3817117405778845e-06,1.3927510735811666e-06,7.684075740144181e-07,1.2672327329710242e-06,8.797508712632407e-07,2.3332772798312362e-06,2.2885308226250345e-06,5.78527817651775e-07,8.833907259031548e-07,5.789880219708721e-07,1.0990876262439997e-06,1.0320923138351645e-06,7.899762408669631e-07,6.475306122410984e-07,6.775904921596521e-07,7.814888363100181e-07
0.0010972628369927406,0.0002480586990714073,3.792685311054811e-05,0.00014431067393161356,3.251908492529765e-05,5.850117304362357e-06,3.7000154406996444e-05,0.0004747087077703327,7.700387527620478e-07,8.978824553196318e-06,2.2194343785031379e-07,7.961579285620246e-06,4.143498983921745e-07,7.83108134783106e-06,4.050598079174961e-08,1.248794774255657e-07,7.195880016297451e-07,6.722640932821378e-08,4.299086867831647e-06,4.492439487080446e-08,4.2147284773363936e-08,1.121923389746371e-07,8.54549114137626e-07,2.760118036349013e-07,1.675842575821207e-08,8.391823484998895e-07,1.2903527135676995e-08,2.527558606857383e-08,5.6855622432294695e-09,7.721282457850975e-08,7.1203808147402015e-06,3.4102038171113236e-07,1.7258315665458213e-06,1.8438626625538745e-08,1.532241178381355e-08,2.281922206748277e-08,5.861225531589298e-07,3.592161235133062e-08,3.0661723826597154e-08
0.0,3.114151954650879,-0.13957415521144867,3.0714073181152344,-0.1381044238805771,-0.21121175587177277,3.0111732482910156,-0.023291101679205894,-0.01562149915844202,2.930401086807251,-0.8258422613143921,-0.8097842931747437,2.3441720008850098,2.3281145095825195,-0.8107452988624573,2.475994110107422,2.4140431880950928,2.4114456176757812,2.316226005554199,2.411558151245117,2.41473126411438,2.4025559425354004,2.3164467811584473,2.293107271194458,-0.9102364778518677,-0.8314339518547058,2.415022373199463,2.408487558364868,2.4153501987457275,2.3107385635375977,2.866307497024536,-0.8687522411346436,-0.7739001512527466,2.408189296722412,2.40708065032959,2.45511531829834,2.3114123344421387,2.4056947231292725,-1.0105500221252441
146.7857786224248,135.16761318385477,104.34245719539948,110.61360221203586,107.95022458670275,113.6676666578937,116.97168870661733,154.1758383987035,102.6084429198625,99.38774234882385,3.1725581961172193,130.9631399760917,30.123340390858147,103.33085153780723,39.78119372631033,41.83581025129854,103.85960380221461,93.74572605663735,99.05847258931588,92.68534601818205,92.65564835567082,95.1009653615621,91.85294403384341,91.17579224933918,91.16646904112211,92.1145880903791,91.28202901168956,91.84687199567128,90.69624466771259,90.7098640649176,92.80911587613184,91.83924950455754,92.80688240427325,91.4781988748415,91.57419035343686,92.05683884094664,92.50957109989176,92.39817071452886,92.07918721991092
-86.63502101741217,170.6543254695196,-35.80607144068709,-42.329373381102,144.52958955465118,144.52958955465118,-42.32937679619659,-86.6364280363812,-28.01959431517003,-28.01959431517003,-172.55080945484366,109.58952462901917,-46.059920252925416,57.120936915613754,34.68669905837039,-39.59830858109407,9.566089743953059,-129.15402777063042,-130.0218579461939,43.57052462122545,-128.12572913070665,-129.45596311308,52.01580422804152,-122.09039639516496,-123.48186985363664,-126.63288200457364,-124.57944027212267,-126.09734053213128,48.428687913693786,48.186373292509245,50.6901430573175,-125.67045370900549,48.57773288666722,46.68764878859544,-124.97399297971762,44.78860689742719,43.78950390111065,43.975974895641166,44.32118973176654
33.21422980162611,44.83201616469721,75.65740437958428,69.38647792900134,72.04885834671563,113.66934005424035,116.97182531040073,154.17712247426746,102.60829265570075,80.6123719431592,6.107883858679209,49.03686503286465,17.502784927433506,76.6691534711491,39.155504002107556,23.415667739082497,76.14040120674173,86.25427895231898,80.94153241964045,87.31465899077429,87.34435665328552,84.89903964739422,88.14706097511292,88.82421275961715,88.83353596783422,87.88541691857723,88.71797599726678,88.15313984347424,89.30376034124374,89.29014094403874,87.1908891328245,88.1607555043988,87.19312260468308,88.52180613411484,88.42580782533031,87.94315933782053,87.4904270788754,87.60182746423831,87.92081095885625
93.36498399154416,112.05787303279173,127.9781697238777,-18.73892963889534,-19.25116821343691,-19.251272373821752,-18.738851091719884,93.3743823318421,-16.833506643495006,-16.833819124649533,119.34903166988865,97.85731552187744,-25.071245829738352,66.44240684953739,36.17386005201936,-15.20043061105976,27.505398891431252,-132.58095224327926,-138.89525722528094,46.205379376584595,-130.48454862094889,-134.20931032254532,53.59414141692099,-122.99351132798073,-124.40785225979361,-128.446939266994,-125.6239401207577,-127.66033370104033,49.06907278989584,48.84198949056042,53.12759510037951,-127.2129289896478,51.11099882340617,48.07996577542961,-126.27126446915649,46.77791998376091,46.24666445502274,46.319197648913686,46.346491084837055
36
3.128043246647394e-08,1.242440816895396e-07,7.859942030563616e-08,9.003643697269581e-08,9.367043674046727e-08,8.273728724361717e-08,4.057161362425177e-08,1.9132353656914347e-07,1.8957085501369875e-07,3.948003168829928e-08,2.0258798372196907e-07,1.1503793473366386e-07,1.9022401147594792e-06,1.1120349086013448e-07,4.4232939444555086e-07,1.8819210367837513e-07,5.968646519249887e-07,6.202965892043721e-07,3.271741206845036e-07,8.684794465807499e-07,1.390091142638994e-06,1.4011393432156183e-06,7.767889655951876e-07,1.2756241858369322e-06,8.881373219082889e-07,2.324913793927408e-06,2.2801700652053114e-06,5.701450618289527e-07,8.917786544770934e-07,5.706144747819053e-07,1.0907402838711278e-06,1.0404828572063707e-06,7.816536253812956e-07,6.392211844286066e-07,6.692787906104058e-07,7.731744631200854e-07
0.0011887855362147093,1.103630074794637e-05,0.00015459743735846132,2.3234209947986528e-05,1.8294030041943188e-06,4.039873601868749e-05,0.0005133197410032153,4.170596639596624e-06,3.212329465895891e-05,2.283543381054187e-06,8.608368489149143e-07,4.9927675718208775e-06,2.855379754862497e-08,7.034618647594471e-07,4.2385714493775595e-08,2.823937848006608e-06,3.126713110646051e-08,2.670691756634369e-08,7.015958658485033e-08,5.601703492175147e-07,1.75299859961342e-07,1.0616294510157331e-08,5.310392907631467e-07,8.195502054775261e-09,1.6083637532915418e-08,3.781472912578465e-09,5.1081826768495375e-08,4.651812105294084e-06,2.173936906046947e-07,1.132396732828056e-06,1.2408556848697572e-08,9.783481580427633e-09,1.595200593840218e-08,3.9960158915164357e-07,2.4707928147904568e-08,2.1107915415541356e-08
0.0,2.925933837890625,3.067546844482422,-0.14474330842494965,-0.20646068453788757,3.0081839561462402,-0.022192494943737984,-3.0989747047424316,-0.08771295100450516,-0.41392481327056885,2.328033685684204,2.324542760848999,-0.8048940896987915,2.422241687774658,2.411069869995117,2.3159852027893066,2.408421754837036,2.412249803543091,2.4046645164489746,2.3166584968566895,2.2932019233703613,-0.9106889963150024,-0.8323807120323181,2.4116785526275635,2.407519817352295,2.4195308685302734,2.311633825302124,2.8601608276367188,-0.8686878085136414,-0.7755748629570007,2.4058680534362793,2.410149097442627,2.4533438682556152,2.311896800994873,2.406794309616089,-1.010096549987793
155.01409385516084,103.18988326352734,111.14486798605779,108.35408684213643,114.17350363763568,117.62179977219748,160.99432062447886,101.56601261854598,98.60158757535538,135.90270546308824,29.927187603179135,104.26849307687742,39.77291895213086,104.77148869792467,93.6751292213761,98.66516980633904,92.72274813407704,92.6198240134741,94.97150595603368,91.87083912946885,91.16870934316988,91.15949541797953,92.09176842836209,91.2735937280646,91.82942769253106,90.69875134713799,90.71246636699136,92.85044535079959,91.8219486353899,92.84810942610345,91.48952332848538,91.56148620158064,92.07872959723653,92.54221257393526,92.42797082987762,92.10155608944271
-62.804798361750336,134.98112169875674,-36.05646959075435,139.1387534691919,139.1387534691919,-36.05647300584893,-62.803807984320684,-131.90506404377146,-131.90505038339313,109.58952462901917,-41.34066593270222,57.120936915613754,34.742764666172434,9.566089743953059,-129.15402777063042,-130.0218579461939,43.57052462122545,-128.12572913070665,-129.45596311308,52.01580422804152,-122.09039639516496,-123.48186985363664,-126.63288200457364,-124.57944027212267,-126.09734053213128,48.428684498599196,48.186373292509245,50.6901430573175,-125.67045370900549,48.57773288666722,46.68764878859544,-124.97400664009596,44.78860689742719,43.78950390111065,43.975978310735755,44.32119314686112
24.985912861342797,76.80844834908234,68.85515751346605,71.64494827995776,114.17383148671584,117.62241448922278,160.99340537913008,101.56601944873515,81.3982944901959,44.09729271567893,17.28875411960199,75.73151193207892,38.77922888073155,75.22851631103167,86.32487578758024,81.3348352026173,87.2772568748793,87.38018099548222,85.02849905292264,88.12916587948749,88.83129566578646,88.84050959097681,87.90823658059425,88.72641128089174,88.17057731642527,89.30125366181835,89.28753864196497,87.14955965815675,88.17805637356643,87.15189558285289,88.51048168047096,88.4385188073757,87.92126858153064,87.45778560483191,87.57202734888955,87.89844208932445
117.19519981701683,131.51922665755745,-25.01203491982351,-24.64473125192232,-24.644017497154053,-25.013209712360755,117.18860185427859,-140.42975484497268,-140.42964556194596,114.5259482289975,-32.98547652103863,68.19902905122711,35.987529076366826,23.436001212241628,-132.3332895839746,-137.72568295256463,45.99158421027944,-130.36563502749897,-133.78831112248406,53.58880703917921,-123.03154182127936,-124.42856139335709,-128.39645050864928,-125.63062004576598,-127.6311824536627,49.0345052025064,48.80508256338026,53.10587168372429,-127.19237012024607,51.030433327051284,47.9913201652866,-126.26894220483868,46.626668859685566,46.04805962943169,46.13127523918454,46.18432531846803
36
3.0811058593371854e-08,7.753162378776324e-08,8.172394672101291e-08,4.02108319974559e-08,1.9930888583985507e-07,1.9762663328037888e-07,3.775700818664518e-08,2.0262532984816062e-07,1.0721556975568092e-07,1.8972598354594084e-06,1.4520465185796638e-07,1.0441435449592973e-07,4.506583195507119e-07,1.259436572809136e-07,1.9633816350506095e-07,5.885625000701111e-07,6.286588245529856e-07,3.354655575549259e-07,8.600907790423662e-07,1.398470658386941e-06,1.4095271581027191e-06,7.851701298022817e-07,1.2840149565818137e-06,8.965234883362427e-07,2.3165514448919566e-06,2.271810672027641e-06,2.1329035462258616e-06,5.617631586574134e-07,9.001662419905188e-07,5.622424055218289e-07,1.0823947604876594e-06,1.0488730595170637e-06,7.733344773441786e-07,6.309165314632992e-07,6.609716365346685e-07,7.64864068969473e-07
0.0012068954529240727,0.0001763910404406488,4.5613618567585945e-05,0.0005205695633776486,3.4420033898641123e-06,2.4124665287672542e-05,1.2765243809553795e-05,9.823535265240935e-07,5.891397904633777e-06,5.944752246023199e-09,1.7843520936366986e-06,9.9462761227187e-07,3.3831348389412597e-08,3.8405737541324925e-06,2.094250021400512e-06,3.2240848213405116e-08,2.170293988967842e-08,5.4229037260711266e-08,5.191205900700879e-07,1.4072554677113658e-07,8.60462368024173e-09,4.3002646066270245e-07,6.699893972950122e-09,1.3142418708866899e-08,3.5145457655261225e-09,4.750629756244962e-08,3.798336312144102e-09,4.424643520906102e-06,1.770039972370796e-07,1.0938333616650198e-06,1.1988968928733357e-08,7.98782195943204e-09,1.595283904975986e-08,4.065639132022625e-07,2.5161483563351794e-08,2.1666496152761283e-08
0.0,3.065645217895508,3.0067715644836426,-0.022002385929226875,-3.1165056228637695,-0.08693104982376099,2.292654275894165,2.32676362991333,2.322110414505005,-0.7589091658592224,2.324754238128662,2.4418814182281494,2.4106662273406982,2.326357841491699,2.315878391265869,2.406996726989746,2.4150469303131104,2.4059414863586426,2.316676616668701,2.2931315898895264,-0.9099706411361694,-0.8334348797798157,2.4152629375457764,2.4031057357788086,2.414158821105957,2.3116185665130615,2.4052157402038574,2.8537139892578125,-0.8686793446540833,-0.7773131132125854,2.4089527130126953,2.4137744903564453,2.4530367851257324,2.311783790588379,2.405285358428955,-1.0051320791244507
156.95826622126995,111.4503960080108,117.99437293104334,162.54839356633187,101.09656005651266,98.24847362545489,138.6711860393695,29.900563525794425,105.33415968175031,39.76459295153261,41.48060967860661,105.75608095734951,93.60711419762112,103.0101809864643,98.30305366711247,92.76118843872587,92.58494906757203,94.84831666416333,91.8890962251203,91.16170839927061,91.15259009672864,92.06942687958697,91.26527455765552,91.81230440828185,90.70127168694171,90.71508232944348,90.7616573893938,92.89301791989628,91.80496878511325,92.8905522216059,91.50101170666935,91.54900061577784,92.10111895733583,92.57570099143582,92.45850860565675,92.12439624202723
-24.351415608205293,-29.50273232739786,-29.503213855734348,-24.351709306339604,-131.2975733586122,-131.29704060385694,109.58952462901917,-36.583538213531305,57.120936915613754,34.799219594757176,-29.760698327065487,9.566089743953059,-129.15402777063042,11.109599798254635,-130.0218579461939,43.57052120613087,-128.12572913070665,-129.45596311308,52.01580422804152,-122.09039639516496,-123.48186985363664,-126.63288200457364,-124.57944027212267,-126.09734053213128,48.428687913693786,48.186373292509245,47.28847320912478,50.6901430573175,-125.67045370900549,48.57773288666722,46.68764878859544,-124.97399297971762,44.788603482332604,43.78950390111065,43.975974895641166,44.32119314686112
23.04174049523369,68.54964315189139,117.99382651590973,162.54542926423207,101.09672398105275,81.75142893066389,41.32882238468142,17.389661626852465,74.66584532720601,38.39926887229833,21.614417081355906,74.24392405160683,86.39289081133522,76.98982402249203,81.69695134184387,87.23881657023047,87.41505594138431,85.151688344793,88.11090878383604,88.83829660968571,88.84741491222769,87.93057812936937,88.73473045130082,88.18770060067449,89.29873332201461,89.28492267951285,89.23834761956253,87.10698708906006,88.19503622384309,87.10945278735043,88.49898647209783,88.45100439317848,87.89887922143133,87.42429718733133,87.54149640329959,87.87560193673993
155.64859110829832,-31.56528553220163,-31.56609490961828,155.65054454240095,-139.8213762352213,-139.8217860465715,138.8182809933349,-40.96054882991809,70.50946348138899,35.79646477961947,-31.925987822270006,18.072491006104272,-132.10371326559212,18.202401204117912,-136.74981284470988,45.765498118562846,-130.2529095854371,-133.40857992538804,53.58317896330312,-123.06860242771585,-124.44872411178697,-128.34801080705554,-125.63704042358579,-127.60302841390391,48.9994082754563,48.76759507012065,47.90454261188159,53.082707097154184,-127.17249426976133,50.94489203788605,47.899853687016375,-126.26661994052088,46.468771961547795,45.83879287854626,45.93371884763109,46.01496394780839
38
3.25744622386992e-08,3.8525030277014594e-08,7.736430518434645e-08,9.828997917793458e-07,9.211353102500652e-08,8.156484909704886e-08,4.157746502642112e-08,2.0732714745008707e-07,2.1634514268953353e-06,3.8560681758781357e-08,2.0301011716128414e-07,9.954595014960432e-08,1.8923274183180183e-06,9.817678403578611e-08,4.589918773945101e-07,1.1954243461786973e-07,2.0451608406801824e-07,5.802649525321613e-07,6.370229357344215e-07,3.4376571989014337e-07,8.517018272868881e-07,1.4068507425690768e-06,1.4179156551108463e-06,7.935523740343342e-07,1.292406295760884e-06,9.049103368852229e-07,2.3081886411091546e-06,2.263451051476295e-06,2.1245562038529897e-06,5.533810849556176e-07,9.085545116249705e-07,5.538708478525223e-07,1.0740502602857305e-06,1.0572636028882698e-06,7.650178872609104e-07,6.226159143807308e-07,6.52668234124576e-07,7.565567443634791e-07
0.0011415608460083604,0.00020324214710853994,0.0001597555383341387,3.23612130159745e-06,5.959286227152916e-06,4.251856080372818e-05,0.0004938123165629804,5.420860816229833e-06,2.421548970232834e-07,1.3289951311890036e-05,5.186151383895776e-07,9.319205673818942e-06,1.4671442727376416e-08,1.1725925332939369e-06,5.1476490625645965e-08,5.678391516994452e-06,2.987939296872355e-06,5.300144323427958e-08,3.273565951644741e-08,8.171548415703e-08,8.245827416430984e-07,2.0567063074850012e-07,1.272808614061205e-08,6.364294335980958e-07,9.992010774340088e-09,1.9695693964649763e-08,5.5937752208023994e-09,7.600020524023421e-08,6.103642924415453e-09,7.054492016322911e-06,2.620754173676687e-07,1.7551687960803974e-06,1.9401811712782546e-08,1.184190345782099e-08,2.5348374066425094e-08,6.727631216563168e-07,4.1548645413058694e-08,3.710549734137203e-08
0.0,3.1261305809020996,3.0682597160339355,-0.13712315261363983,-0.19933947920799255,3.0105297565460205,-0.02272854931652546,-3.1292545795440674,2.8427975177764893,-0.519576907157898,2.337327003479004,2.320856809616089,2.3046627044677734,2.4665749073028564,2.4115192890167236,2.325155735015869,2.3165578842163086,2.4108855724334717,2.4125030040740967,2.40389347076416,2.3170394897460938,2.293020009994507,-0.9092029929161072,-0.8343928456306458,2.4150941371917725,2.406240701675415,2.4185898303985596,2.310990571975708,2.4098384380340576,2.8471486568450928,-0.868992805480957,-0.7793176770210266,2.4087581634521484,2.4165918827056885,2.455327272415161,2.31197452545166,2.4073352813720703,-0.9990561604499817
150.5056499085755,137.38680994708363,111.49908842660382,92.23667772179307,114.60774657449758,118.05361799190403,157.31059469941587,100.66228979889408,90.7509066716402,137.33099364118627,30.04392578137841,106.54825312747676,39.75629427169105,106.78582759737732,93.54153755139981,103.72010401860626,97.9688388506454,92.80070108307439,92.55098253682955,94.73098767460085,91.90770849060858,91.15477575726305,91.14577356793697,92.04756344405376,91.25705784008399,91.79549531273445,90.70381934750213,90.71773244284145,90.76464901225026,92.9368813947461,91.78828946316007,92.93427226248315,91.51267083958255,91.53669944508266,92.12397277029869,92.61006367315017,92.48980453243375,92.14773499842117
6.469671295051968,115.53463056562498,-22.827762621368237,-21.62052497802119,127.81379439131217,-22.827762621368237,6.469322528517474,-130.73859067693834,49.92531554953239,109.58952462901917,-31.852092005639637,57.120940330708336,34.85597846675998,9.566089743953059,-129.15402777063042,11.109599798254635,-130.0218579461939,43.57052462122545,-128.12572913070665,-129.45596311308,52.01580422804152,-122.09039639516496,-123.48186985363664,-126.63288200457364,-124.57944027212267,-126.09734053213128,48.428684498599196,48.186373292509245,47.28847320912478,50.6901430573175,-125.67045370900549,48.57773288666722,46.68764878859544,-124.97399297971762,44.78860689742719,43.78950390111065,43.975974895641166,44.32118973176654
29.49435510038084,42.6108523069874,68.50095756348753,92.23666406141473,114.61071087659737,118.05412342590262,157.31368194492072,100.66244006305583,89.24909150712696,42.669011367770054,17.798808741156446,73.45175188147958,38.01564788246998,73.21417741157902,86.45846745755651,76.27990099035007,82.03116615831092,87.19930392588195,87.44902247212679,85.26901733435548,88.09228968815859,88.84522925169328,88.85423144101935,87.95244156490257,88.74294716887233,88.20450969622189,89.2961856614542,89.28227256611488,89.23535599670608,87.06312361421024,88.21171554579625,87.06573274647317,88.48733416937378,88.46329873368451,87.87602540846846,87.389934505617,87.51019364633342,87.852263180346
-173.5303268837152,167.18461669190978,-38.24065138920312,140.55496587283736,-35.973670622540865,-38.24068554014897,-173.52801827977572,-139.263500044193,-124.89604686090944,164.94913675769965,-48.6961547064969,73.67442970880033,35.60046908629137,10.839067104287832,-131.89061136348772,12.593986881326934,-135.92420689859543,45.52626732778857,-130.1461264079531,-133.06472088181292,53.57741769873821,-123.10484341145194,-124.46844969810996,-128.30167480372617,-125.64337883913556,-127.57599452516901,48.9638298200697,48.72958848248411,47.857202570744235,53.058244774641786,-127.15342438159865,50.85419395589745,47.80559024628103,-126.26444794036482,46.3039799874429,45.618222164584445,45.72600254968725,45.83812010491301
43
3.624608879704283e-08,2.8057490908395266e-07,8.879148083451582e-08,2.8052826905877737e-07,3.1769951647220296e-07,9.24744796293453e-08,8.226713532621943e-08,4.4512571406585266e-08,3.166470605719951e-07,2.1537410077598906e-07,2.1381855219715362e-07,2.171843334508594e-06,2.817620554651512e-07,4.164739664247463e-08,2.0374102405185113e-07,9.211099438743986e-08,1.88744331808266e-06,1.4572746920293866e-07,9.279140300577637e-08,4.673289311085682e-07,1.137620557756236e-07,2.1271937100664218e-07,5.71972861962422e-07,6.453883543144912e-07,3.5207301607442787e-07,8.43312932374829e-07,1.4152312814985635e-06,1.4263043794926489e-06,8.019347887966433e-07,1.3007978623136296e-06,9.13297242277622e-07,2.2998267468210543e-06,2.2550921130459756e-06,2.116209998348495e-06,5.449994660011726e-07,9.169428949462599e-07,5.455002565213363e-07,1.065707238012692e-06,1.0656542599463137e-06,7.567047646261926e-07,6.143202995190222e-07,6.443693791879923e-07,7.4825317142313e-07
0.0010259239934384823,5.417186457634671e-06,4.536568667390384e-05,5.439695087261498e-06,4.838631866732612e-06,9.831835086515639e-06,4.340531813795678e-05,0.00044226061436347663,1.3308936104294844e-05,8.693868039699737e-06,4.850096956943162e-05,3.2693273510631116e-07,1.5850635008973768e-06,6.53567403787747e-05,1.4266055359257734e-07,1.1637681382126175e-05,2.534098619833003e-08,2.8549644426334453e-08,9.407431775798614e-07,7.155378511924937e-08,5.888822670385707e-06,4.232265382597689e-06,6.949660757982201e-08,4.503852935044961e-08,1.1417719747441879e-07,1.129264887822501e-06,2.835044199400727e-07,1.7538491547952617e-08,8.666561939207895e-07,1.3773781226689152e-08,2.713526470188299e-08,7.557252601486653e-09,1.027208469395191e-07,8.210214730297594e-09,9.474474609305616e-06,3.5882433735423547e-07,2.3282830170501256e-06,2.598123849395506e-08,1.6257747148529234e-08,3.29955014422012e-08,8.852481414578506e-07,5.485760468104672e-08,5.0757240188659125e-08
0.0,-0.21243473887443542,-0.1311827152967453,-0.21214288473129272,-0.115186907351017,-0.19957277178764343,3.0142481327056885,-0.02434420958161354,2.986513614654541,-3.1389758586883545,-0.0854259580373764,2.8428430557250977,2.976439952850342,2.4788906574249268,2.401317596435547,2.320425271987915,2.316157102584839,-3.0146327018737793,2.5204355716705322,2.4113240242004395,2.324507474899292,2.3170650005340576,2.411747694015503,2.4144961833953857,2.4007914066314697,2.317413568496704,2.293163299560547,-0.9086470603942871,-0.8352546691894531,2.4150028228759766,2.4072582721710205,2.4200708866119385,2.3115015029907227,2.3999834060668945,2.8403143882751465,-0.8696816563606262,-0.781379222869873,2.402721405029297,2.412609100341797,2.4588687419891357,2.3118956089019775,2.406113862991333,-0.9967739582061768
141.4656486552535,95.7998098268703,108.62090818206298,95.80082069486747,96.93500775749393,114.50558060489253,117.79345608641825,149.51667949789265,95.13724049624405,100.25962965675431,97.62004158030037,90.74800384124295,97.82468770821228,132.9050583797747,30.352773275268046,107.92746639638827,39.74798193147114,41.97243794036089,107.79160027341837,93.47828316949634,104.43197365466168,97.65964984729726,92.84134070863597,92.51789710049,94.61911600618522,91.92669641650122,91.14794556809304,91.13903217122618,92.02615080100577,91.24894357535001,91.77900040588885,90.70637383825172,90.72038255623941,90.76766112567424,92.98208358667324,91.77193116009789,92.97934468081607,91.52452121779253,91.52459634987339,92.1473183568818,92.6453347700241,92.52189276115446,92.17157918881368
22.350125785161953,-82.3737616168896,122.08832001765728,-81.63330080896851,57.166296201891804,122.08640756468968,-16.20887901370817,22.34969548324424,57.16628937170264,-130.2227474700623,-130.2227474700623,49.93001471968136,-82.3737616168896,109.58952462901917,-27.21018274757767,57.120936915613754,34.913003716140416,-19.88727909876583,9.566089743953059,-129.15402777063042,11.10959894448099,-130.0218579461939,43.57052462122545,-128.12572913070665,-129.45596311308,52.01580422804152,-122.09039639516496,-123.48186985363664,-126.63288200457364,-124.57944027212267,-126.09734053213128,48.428687913693786,48.186373292509245,47.28847320912478,50.69013964222291,-125.67045370900549,48.57773288666722,46.68764878859544,-124.97400664009596,44.788603482332604,43.78950390111065,43.975978310735755,44.32119314686112
38.53435976879742,84.20019518208603,71.37823622305794,84.19923895560223,96.93502824806144,114.50732913332004,117.79278672787959,149.51609210162405,84.86277817309063,100.25955452467345,82.37999074941266,89.25199433752422,97.82473551953647,47.094922723519545,18.491620441880226,72.07252495218972,37.62837274143567,21.675729981987818,72.20839790534879,86.52172183946,75.56803135429466,82.34036199184824,87.15866430032037,87.48210790846633,85.38088900277111,88.07330859245512,88.8520594408633,88.86097283773016,87.97385420795057,88.75106143360631,88.22100460306747,89.29363117070461,89.27962245271692,89.2323438832821,87.0179214222831,88.22807384885844,87.02066032814027,88.47547696097465,88.47540182889377,87.85268665207454,87.35467023893223,87.47811224780187,87.82841898995348
-157.6498775162471,-91.63680269755837,-41.698557599927135,-94.45652335299306,-137.29611869528418,-41.69744086399784,-44.85749960049052,-157.6470088367957,-137.29622797831092,-138.74802566753215,-138.74768415807364,-124.9008143329501,-91.63674122585583,-175.45719155046748,-55.94252096301687,78.23733075363818,35.39926878881572,-50.07864305111543,0.9505985146474004,-131.69212606620715,5.384285934045241,-135.21668126285215,45.27260434729805,-130.0447254195351,-132.7517206329079,53.57141396245777,-123.14023745173094,-124.48773815232607,-128.25725125336442,-125.64955333014525,-127.54993052329624,48.9277288552116,48.691008158957295,47.80911120879817,53.03221833880945,-127.13502385197464,50.75769021311434,47.70830444683796,-126.26234424210045,46.131729446764346,45.38528539313033,45.50719743962589,45.653189318040326
33
4.1320195265370785e-08,7.972530369215747e-08,8.380759908277469e-08,4.873344394695778e-08,4.63534348682515e-08,8.506955850862141e-08,1.8826069663191447e-06,1.467144556954736e-07,8.872657275560414e-08,4.7566899752382596e-07,1.0887447388086002e-07,2.2094329210631258e-07,5.636870810121763e-07,6.537546823892626e-07,3.6038636608282104e-07,8.349244353667018e-07,1.4236117067412124e-06,1.4346925354402629e-06,8.1031731724579e-07,1.3091888604321866e-06,9.216842045134399e-07,2.291465307280305e-06,2.2467338567366824e-06,2.1078644749650266e-06,5.366185860111727e-07,9.253309372070362e-07,5.371311999624595e-07,1.057366034729057e-06,1.0740446896306821e-06,7.483954505005386e-07,6.060304258426186e-07,6.360758675327816e-07,7.399540891128709e-07
0.0008999409037642181,0.00017466738063376397,4.513725798460655e-05,0.00037978493492119014,5.085242446511984e-05,1.2502675417636055e-05,2.6976794131883253e-08,4.079624886799138e-07,3.957318313041469e-07,7.896555587194598e-08,6.082101663196227e-06,4.692451966548106e-06,7.533656543046163e-08,4.973074396730226e-08,1.2562368567614612e-07,1.2698085356532829e-06,3.215284323232481e-07,1.978345842701401e-08,9.562496643411578e-07,1.5481765203162468e-08,3.030032402762117e-08,8.316920485640367e-09,1.1290482859749318e-07,8.996995148891074e-09,1.0470219422131777e-05,3.996564714725537e-07,2.536458623580984e-06,2.846221924812653e-08,1.8203968110697133e-08,3.557967076517343e-08,9.57069232754293e-07,5.960035664998031e-08,5.666439406581958e-08
0.0,3.0747640132904053,3.016230583190918,-0.02680961787700653,2.3715715408325195,2.3213000297546387,2.3160271644592285,-0.8893429040908813,2.895594596862793,2.410029888153076,2.323798418045044,2.317478656768799,2.4125471115112305,2.4137516021728516,2.4018993377685547,2.3177850246429443,2.2930757999420166,-0.9094458222389221,-0.8361754417419434,2.411499261856079,2.4055774211883545,2.420206069946289,2.3110294342041016,2.4132466316223145,2.833219051361084,-0.8699554800987244,-0.7833174467086792,2.411191463470459,2.4066519737243652,2.4596822261810303,2.3118579387664795,2.4073245525360107,-0.9911218881607056
133.32820225923533,110.83229120888133,117.23975997116199,141.91892732933223,127.71027604425146,109.4686644316558,39.73962519502163,42.52198130060178,108.63596874918285,93.41722127831642,105.09490498531393,97.37293216631848,92.88314146635643,92.48565860760755,94.51233965889041,91.9460600027982,91.14118368081473,91.13237273678541,92.00518212025383,91.24093859364277,91.76281285755593,90.70895564975798,90.72306682058323,90.77070739004407,93.02870645794775,91.75585972498085,93.02581045773967,91.53654918092091,91.5126844999609,92.17116937746349,92.68154160281435,92.55479378238641,92.19594930377228
30.74452219020871,-9.817059922363299,-9.817059068589653,30.74500713363978,109.58952462901917,57.120936915613754,34.97042170139813,-15.117925340980591,9.566089743953059,-129.15402777063042,11.109599798254635,-130.0218579461939,43.57052462122545,-128.12572913070665,-129.45596311308,52.01580422804152,-122.09039639516496,-123.48186985363664,-126.63288200457364,-124.57944027212267,-126.09734053213128,48.428687913693786,48.186373292509245,47.28847320912478,50.6901430573175,-125.67045370900549,48.57773288666722,46.68764878859544,-124.97399297971762,44.788603482332604,43.78950390111065,43.975978310735755,44.32118973176654
46.67179591953184,69.16783674348007,117.2392545371634,141.91730174430975,52.28972896470488,70.53133374711138,37.23739563787121,22.413047195343403,71.36403625977347,86.58278373063992,74.90510002364239,82.62707284263786,87.1168635425999,87.51434640134879,85.48766535006592,88.05394500615813,88.8588213281416,88.86763227217092,87.9948228887025,88.75906641531357,88.23719215140041,89.29104935919835,89.27693818837311,89.22929761891227,86.97129855100859,88.24414528397548,86.97419455121667,88.46345582803542,88.48731367880627,87.82882880130369,87.31845657595282,87.44520439638075,87.80404887499488
-149.25547940365303,-51.25186464484852,-51.25172121087594,-149.25870325294127,-163.00372129716158,85.26304774902088,35.192799000395404,-58.647521761152035,-12.364317501617025,-131.50687767553808,-3.8731424386730633,-134.6039040112753,45.00321827133816,-129.94833778996787,-132.46575427273783,53.56519849031306,-123.1748255296879,-124.50660313481366,-128.21463087294353,-125.65559121737154,-127.52480908752894,48.89110879597657,48.65186775991854,47.76025828075966,53.00452192172505,-127.11732000164596,50.654882205727304,47.607897250944184,-126.26032250610614,45.95155588664858,45.138981941470504,45.27645998908452,45.45965249281343
33
4.7347697318400606e-08,8.217651270570059e-08,8.614306068466249e-08,5.3938805422149017e-08,5.211972720076119e-08,7.876750629520757e-08,1.877820182016876e-06,1.481750047105379e-07,8.659011285772067e-08,4.840117640014796e-07,1.0525070592848351e-07,2.291843372859148e-07,5.554081781156128e-07,6.621219199587358e-07,3.6870508779429656e-07,8.265361657322501e-07,1.4319923593575368e-06,1.4430809187615523e-06,8.187000730686123e-07,1.3175798585507437e-06,9.300709962190012e-07,2.283104777234257e-06,2.238376509922091e-06,2.0995200884499354e-06,5.282382744553615e-07,9.337190931546502e-07,5.287636213324731e-07,1.049026877808501e-06,1.0824351193150505e-06,7.400903996312991e-07,5.977467480988707e-07,6.277880402194569e-07,7.316596111195395e-07
0.0007853757124394178,0.00018378680397290736,4.5637272705789655e-05,0.0003173082950524986,4.53426837339066e-05,1.2698514183284715e-05,4.2978673064908435e-08,6.133897727522708e-07,1.221714228449855e-06,8.010920282686129e-08,6.442548965424066e-06,4.74319904242293e-06,7.783974353969825e-08,5.059563079612417e-08,1.266236324681813e-07,1.3325576446732157e-06,3.349736346081045e-07,2.0519522081485775e-08,9.726192047310178e-07,1.601888932611928e-08,3.1164464786570534e-08,8.578494359312572e-09,1.1628987550693637e-07,9.252597799047635e-09,1.0841012226592284e-05,4.100629098502395e-07,2.598190349090146e-06,2.937659360213729e-08,1.8780919930350137e-08,3.651893365486103e-08,9.834357115323655e-07,6.1546856500172e-08,6.000791330507127e-08
0.0,3.0778377056121826,3.016723155975342,-0.030103668570518494,2.3589529991149902,2.3242568969726562,-0.8177684545516968,-0.8661337494850159,-1.0364751815795898,2.409593105316162,2.3230035305023193,2.3177475929260254,2.4099066257476807,2.4104270935058594,2.401235342025757,2.318009376525879,2.2930824756622314,-0.9104019999504089,-0.8370375037193298,2.4114792346954346,2.4088265895843506,2.420259952545166,2.310864210128784,2.4142634868621826,2.8256914615631104,-0.8700470328330994,-0.7852970957756042,2.4107635021209717,2.4116837978363037,2.463304042816162,2.3119261264801025,2.406367778778076,-0.9890639781951904
126.78574163819853,110.18330712451423,116.44273153653486,135.33041757291122,122.95612287246408,111.09758258643379,39.73124796800461,43.25107325864937,109.1133853117884,93.35824942502252,105.6276665707641,97.10641818490457,92.92615116756001,92.45422607704715,94.4103239534471,91.96581290987788,91.13450375580645,91.12578843442552,91.98463691123044,91.23303606477306,91.7469190073573,90.71155112164259,90.72576474530538,90.7737741449814,93.07680465008298,91.74008198799812,93.07374472533482,91.54876838934607,91.50095706515597,92.19554632261125,92.71873198284506,92.58854174707545,92.22085900367533
35.73285864297373,-3.7867004183110278,-3.7871947532522077,35.73268788824448,109.58952462901917,57.120936915613754,35.02817778101976,-10.541352818745315,9.566089743953059,-129.15402777063042,11.109599798254635,-130.0218579461939,43.57052462122545,-128.12572913070665,-129.45596311308,52.01580422804152,-122.09039639516496,-123.48186985363664,-126.63288200457364,-124.57944027212267,-126.09734053213128,48.428687913693786,48.186373292509245,47.28847320912478,50.6901430573175,-125.67045370900549,48.57773288666722,46.68764878859544,-124.97399297971762,44.78860689742719,43.78950390111065,43.975978310735755,44.32119314686112
53.214263370757806,69.81666373349626,116.44353749885693,135.33111425220653,57.04387872139767,68.90242925271171,36.842747307627874,23.547777258008885,70.88661969716793,86.6417555839338,74.37233843819223,82.89358682405177,87.07385384139633,87.54577893190918,85.58968105550923,88.03419209907845,88.86550125314987,88.87421657453082,88.0153680977259,88.76696894418328,88.25308600159903,89.28845388731375,89.27424026365095,89.22623086397493,86.92320035887336,88.25992302095821,86.92626028362152,88.45123661961027,88.49904111361118,87.80445185615591,87.2812661959221,87.41145643169172,87.779146005281
-144.2671463659826,-57.28121071958269,-57.28247088948455,-144.2660262149587,-155.0893762001927,96.9422340976358,34.98068747572066,-66.43533077355725,-29.009821480660136,-131.3333498894847,-15.4702828474305,-134.06769318029427,44.71636057148138,-129.85645808525285,-132.2030925180158,53.55859028229107,-123.20855300380941,-124.52496268330265,-128.17356777565342,-125.66138321778772,-127.50046629332701,48.85389451028376,48.61207849290863,47.710568654547814,52.97472180637629,-127.10012158531588,50.54485468838757,47.504078375559985,-126.25827344935513,45.76270115609773,44.877891130257595,45.03256417910712,45.256707082004844
33
4.7347697318400606e-08,8.217651270570059e-08,8.614306068466249e-08,5.3938805422149017e-08,5.211972720076119e-08,7.876750629520757e-08,1.877820182016876e-06,1.481750047105379e-07,8.659011285772067e-08,4.840117640014796e-07,1.0525070592848351e-07,2.291843372859148e-07,5.554081781156128e-07,6.621219199587358e-07,3.6870508779429656e-07,8.265361657322501e-07,1.4319923593575368e-06,1.4430809187615523e-06,8.187000730686123e-07,1.3175798585507437e-06,9.300709962190012e-07,2.283104777234257e-06,2.238376509922091e-06,2.0995200884499354e-06,5.282382744553615e-07,9.337190931546502e-07,5.287636213324731e-07,1.049026877808501e-06,1.0824351193150505e-06,7.400903996312991e-07,5.977467480988707e-07,6.277880402194569e-07,7.316596111195395e-07
0.0007853757124394178,0.00018378680397290736,4.5637272705789655e-05,0.0003173082950524986,4.53426837339066e-05,1.2698514183284715e-05,4.2978673064908435e-08,6.133897727522708e-07,1.221714228449855e-06,8.010920282686129e-08,6.442548965424066e-06,4.74319904242293e-06,7.783974353969825e-08,5.059563079612417e-08,1.266236324681813e-07,1.3325576446732157e-06,3.349736346081045e-07,2.0519522081485775e-08,9.726192047310178e-07,1.601888932611928e-08,3.1164464786570534e-08,8.578494359312572e-09,1.1628987550693637e-07,9.252597799047635e-09,1.0841012226592284e-05,4.100629098502395e-07,2.598190349090146e-06,2.937659360213729e-08,1.8780919930350137e-08,3.651893365486103e-08,9.834357115323655e-07,6.1546856500172e-08,6.000791330507127e-08
0.0,3.0778377056121826,3.016723155975342,-0.030103668570518494,2.3589529991149902,2.3242568969726562,-0.8177684545516968,-0.8661337494850159,-1.0364751815795898,2.409593105316162,2.3230035305023193,2.3177475929260254,2.4099066257476807,2.4104270935058594,2.401235342025757,2.318009376525879,2.2930824756622314,-0.9104019999504089,-0.8370375037193298,2.4114792346954346,2.4088265895843506,2.420259952545166,2.310864210128784,2.4142634868621826,2.8256914615631104,-0.8700470328330994,-0.7852970957756042,2.4107635021209717,2.4116837978363037,2.463304042816162,2.3119261264801025,2.406367778778076,-0.9890639781951904
126.78574163819853,110.18330712451423,116.44273153653486,135.33041757291122,122.95612287246408,111.09758258643379,39.73124796800461,43.25107325864937,109.1133853117884,93.35824942502252,105.6276665707641,97.10641818490457,92.92615116756001,92.45422607704715,94.4103239534471,91.96581290987788,91.13450375580645,91.12578843442552,91.98463691123044,91.23303606477306,91.7469190073573,90.71155112164259,90.72576474530538,90.7737741449814,93.07680465008298,91.74008198799812,93.07374472533482,91.54876838934607,91.50095706515597,92.19554632261125,92.71873198284506,92.58854174707545,92.22085900367533
35.73285864297373,-3.7867004183110278,-3.7871947532522077,35.73268788824448,109.58952462901917,57.120936915613754,35.02817778101976,-10.541352818745315,9.566089743953059,-129.15402777063042,11.109599798254635,-130.0218579461939,43.57052462122545,-128.12572913070665,-129.45596311308,52.01580422804152,-122.09039639516496,-123.48186985363664,-126.63288200457364,-124.57944027212267,-126.09734053213128,48.428687913693786,48.186373292509245,47.28847320912478,50.6901430573175,-125.67045370900549,48.57773288666722,46.68764878859544,-124.97399297971762,44.78860689742719,43.78950390111065,43.975978310735755,44.32119314686112
53.214263370757806,69.81666373349626,116.44353749885693,135.33111425220653,57.04387872139767,68.90242925271171,36.842747307627874,23.547777258008885,70.88661969716793,86.6417555839338,74.37233843819223,82.89358682405177,87.07385384139633,87.54577893190918,85.58968105550923,88.03419209907845,88.86550125314987,88.87421657453082,88.0153680977259,88.76696894418328,88.25308600159903,89.28845388731375,89.27424026365095,89.22623086397493,86.92320035887336,88.25992302095821,86.92626028362152,88.45123661961027,88.49904111361118,87.80445185615591,87.2812661959221,87.41145643169172,87.779146005281
-144.2671463659826,-57.28121071958269,-57.28247088948455,-144.2660262149587,-155.0893762001927,96.9422340976358,34.98068747572066,-66.43533077355725,-29.009821480660136,-131.3333498894847,-15.4702828474305,-134.06769318029427,44.71636057148138,-129.85645808525285,-132.2030925180158,53.55859028229107,-123.20855300380941,-124.52496268330265,-128.17356777565342,-125.66138321778772,-127.50046629332701,48.85389451028376,48.61207849290863,47.710568654547814,52.97472180637629,-127.10012158531588,50.54485468838757,47.504078375559985,-126.25827344935513,45.76270115609773,44.877891130257595,45.03256417910712,45.256707082004844
37
4.593284330667302e-08,1.625847630748467e-06,1.0296766816964009e-07,5.270119984857047e-08,4.936425312962456e-08,2.0902135133837874e-07,7.450832129052287e-08,1.8795176401908975e-06,1.5146996190651407e-07,9.462551986416656e-08,4.833311777474592e-07,1.1305051117460607e-07,2.2823880385658413e-07,1.8782581037157797e-06,5.569429504248546e-07,6.616241421397717e-07,3.67936337397623e-07,8.267226689895324e-07,1.3784548400508356e-06,1.4324263020171202e-06,1.4433193200602545e-06,8.184326247828722e-07,1.3176539823689382e-06,9.298938152824121e-07,2.2839292341814144e-06,2.239236891909968e-06,2.1005159851483768e-06,5.285665451992827e-07,9.336010293736763e-07,5.294510287967569e-07,1.0500885991859832e-06,1.0824319360835943e-06,7.414378160319757e-07,5.992479827909847e-07,6.29260625828465e-07,7.330821176765312e-07,5.591215881395328e-07
0.000809567398391664,1.2515630487541785e-06,1.0754864888440352e-05,0.0003309327585157007,4.705183891928755e-05,4.475498371903086e-07,2.0967590899090283e-05,5.900720467799658e-10,8.415994443566888e-07,1.2674835261350381e-06,8.460927602982338e-08,5.422735739557538e-06,5.964514912193408e-06,6.857900558543406e-08,7.566794835156543e-08,5.0719179967018135e-08,1.3396828535405803e-07,1.6198398498090683e-06,3.890503563752645e-08,3.382218949354865e-07,2.185289460499007e-08,8.208126018871553e-07,1.6715016926127646e-08,3.246680080337683e-08,8.734104106622453e-09,1.1634708130259241e-07,9.27047416610094e-09,5.664844593411544e-06,3.726810007265158e-07,1.7961481262318557e-06,2.920972619335771e-08,1.969081253605509e-08,3.5007410303933284e-08,9.275267984776292e-07,6.012835740420996e-08,6.957171905241921e-08,7.198401874575211e-08
0.0,-0.2281583696603775,-0.21776774525642395,-0.02929331175982952,2.360135078430176,-0.8430614471435547,2.3283181190490723,-1.4818540811538696,-0.8466556072235107,-0.9871798157691956,2.408496856689453,2.322474956512451,2.325834274291992,-0.8211982250213623,2.4132163524627686,2.409648895263672,2.402299642562866,2.3284850120544434,-0.9926742315292358,2.2929975986480713,-0.909088134765625,-0.8481501936912537,2.4168524742126465,2.405271053314209,2.4152045249938965,2.3118953704833984,2.4158639907836914,2.4717857837677,-0.8751862049102783,-0.8254533410072327,2.4052417278289795,2.410386800765991,2.4649274349212646,2.312453508377075,2.4067559242248535,-0.9675020575523376,2.404327630996704
128.11702746970406,90.99922502910518,111.87082830237094,136.70846287947464,125.05497170251729,31.354673234049706,112.36676150781639,39.67585171874122,43.25166407001258,107.43557666293145,93.36298957630652,104.52480275567132,97.13600656438906,62.625574197929204,92.91808471415023,92.45607705831222,94.41955153901579,91.96536894758182,91.17857896652055,91.13416224634796,91.12559718912875,91.98529260939075,91.23296776288136,91.74724002624829,90.71129157445412,90.72549153773858,90.77339848457704,93.07489219711537,91.74030738424074,93.06974906467036,91.54719744583697,91.50095706515597,92.19155066194679,92.71191545405338,92.58247653909248,92.21654232411987,92.90670561899299
48.634310758657016,-123.8268353878573,112.54821231330695,48.634163909589866,109.58952462901917,-18.847150571199606,57.120936915613754,35.41606422398478,-10.53635909668839,9.566089743953059,-129.15402777063042,11.10959894448099,-130.0218579461939,-123.2330187414164,43.57052462122545,-128.12572913070665,-129.45596311308,52.01580422804152,51.412141863912034,-122.09039639516496,-123.48186985363664,-126.63288200457364,-124.57944027212267,-126.09734053213128,48.428687913693786,48.186373292509245,47.28847320912478,50.6901430573175,-125.67045370900549,48.57773288666722,46.68764878859544,-124.97399297971762,44.78860689742719,43.78950390111065,43.975974895641166,44.32119314686112,50.76561323255155
51.88297753925228,89.00077997985115,111.87240607606921,136.70895465309488,54.945026476249865,24.030352320985088,67.63324350113994,36.923842143643434,28.156075155165222,72.56442834602488,86.63701543264982,75.4752090834742,82.8639916143781,62.105865103982936,87.08192712499527,87.54392795064412,85.58044663975137,88.03463606137451,88.82142604243579,88.86584276260838,88.87440781982758,88.01471239956558,88.76703724607498,88.25276498270803,89.28871343450221,89.27451347121776,89.22660652437928,86.92511281184096,88.2596976247156,86.93025594428597,88.45280756311936,88.49904794380035,87.80845434700953,87.28808955490294,87.41752846986385,87.78346268483646,87.09329255977418
-131.36568400501557,-124.54905959069445,-51.234372530384114,-131.36472777853177,-142.19964810421973,-63.305799567559944,75.39390251159436,34.57762776751445,-60.3090882201627,-30.643821296180626,-129.4621785852247,-19.376324599788223,-130.39169902937175,-123.57768374731359,42.86792696696834,-128.46146024916945,-129.79842879806444,52.32492492949795,51.56168544069488,-122.54512306934774,-123.86595871142313,-127.03299448615299,-124.94104414716149,-126.49119656043091,48.42207629057721,48.17167814050996,47.24135173404086,50.992273060158425,-126.09449917343656,48.569430791731065,46.54887300503912,-125.38635882066798,44.394556208736226,43.16782008285609,43.40846813788315,43.87404456756248,51.06048274430476
28
4.607111492305194e-08,7.35541050289612e-08,1.1064209104461042e-07,5.2821757634546884e-08,7.796022316597373e-08,4.8272646324676316e-08,2.1235376834738418e-07,7.360657150456973e-08,1.8812527287082048e-06,1.554503654688233e-07,1.027460356795018e-07,1.2102090352072992e-07,2.2783572717344214e-07,1.8785697193379747e-06,5.5874500048958e-07,1.4367068388310145e-06,1.432958129043982e-06,1.4436550372920465e-06,8.183342288248241e-07,1.3178348581277533e-06,9.298659620071703e-07,9.3363178166328e-07,1.0512908374948893e-06,1.0825577874129522e-06,7.429847528328537e-07,6.009971684761695e-07,6.3096888425207e-07,7.347058499362902e-07
0.000807137752417475,0.00018607154197525233,8.107635949272662e-06,0.0003295748610980809,5.099364716443233e-05,5.270406836643815e-05,6.306180466708611e-07,4.247786637279205e-05,8.123677841531673e-10,1.0934455758615513e-06,1.2202756352053257e-06,4.615796569851227e-06,7.922222721390426e-06,6.609624847442319e-08,7.137392543654641e-08,9.965349789808897e-08,3.3380669606231095e-07,2.2679261135749584e-08,6.861249630674138e-07,1.6964696314403227e-08,3.286405458879926e-08,3.3086300277318514e-07,2.820424782612463e-08,2.0075953344189656e-08,3.248988633686167e-08,8.54956681450858e-07,5.702631966642002e-08,7.748764829784704e-08
0.0,3.065262794494629,-0.24389442801475525,-0.029371444135904312,3.0102641582489014,2.367523193359375,-0.8293086290359497,-0.5101808905601501,-1.287142038345337,-0.8338454961776733,-0.9628846049308777,2.322144031524658,2.35199236869812,-0.8244320750236511,2.4106597900390625,-0.8694469928741455,2.2930760383605957,-0.9082577228546143,-0.8566527366638184,2.416266441345215,2.4077229499816895,-0.8798242211341858,2.408081293106079,2.412982225418091,2.4724318981170654,2.3128833770751953,2.40714168548584,-0.9507855176925659
127.98222685624468,112.67302719019976,110.28457833933801,136.5698783412151,119.4750896412104,125.96920618330185,31.28183609674069,112.65589707576137,39.6218522431631,43.23702014443207,106.01873588188235,103.54928098746424,97.14870388605613,62.56544121247641,92.9086590530956,91.1307813027088,91.13373877461942,91.12533764194029,91.98552483582253,91.23279017796294,91.74729466776166,91.74025274272738,91.5454352570311,91.50078631042673,92.18698809558123,92.70401975537285,92.57548242538239,92.21164507848498
62.1166226519257,58.4246117073995,113.79944149755076,62.116479217953135,58.4246117073995,109.58952462901917,-19.319715991947156,57.120936915613754,35.8041111763953,-10.617669083662806,9.566088890179412,11.109599798254635,-130.0218579461939,-123.5098736292337,43.57052462122545,-121.08395436058525,-122.09039639516496,-123.48186985363664,-126.63288200457364,-124.57944027212267,-126.09734053213128,-125.67045370900549,46.68764878859544,-124.97399297971762,44.788603482332604,43.78950390111065,43.975978310735755,44.32118973176654
52.017767907427896,67.32723736594502,110.285582377146,136.56990566197175,119.47500767894036,54.030802240749075,27.436565952523154,67.34410793319496,37.00611860238541,32.58699645467092,73.98126912707399,76.45072402149209,82.85130795308937,62.05847725152138,87.09134595586073,88.86922370624754,88.86626623433692,88.87466736701603,88.0144801731338,88.7672148309934,88.25271034119467,88.2597454360398,88.45456292173606,88.49921186834044,87.81301008318593,87.2959784233943,87.42451575338478,87.7883531002822
-117.88338235703063,49.9690219300313,-49.984574270771425,-117.88242613054683,49.968690665856556,-127.3866753417546,-59.637441568129496,45.745984268104124,34.17683568211269,-56.20943109540262,-31.644700141681373,-22.04756206530873,-126.67757876250221,-123.2698061402861,41.043146307551055,-120.92620431151464,-121.88258105947816,-123.20748749429889,-125.89145130979043,-124.2209919444804,-125.4815170161846,-125.0887264973955,45.59795699331702,-124.51464909765593,43.03765716784316,41.477474621777574,41.801782248853534,42.50348514832938
16
4.774903317183998e-08,7.46179011912318e-08,1.3521943742489384e-07,1.0520254534185369e-07,1.0832896890633492e-07,5.429143712376572e-08,1.6821942949718505e-07,1.6622261966858787e-07,1.3766583606411587e-07,7.8964681904381e-08,4.8991868339953726e-08,2.1617705669996212e-07,7.656090161844986e-08,1.6002979918994242e-07,1.1092953400293482e-07,1.291020481630767e-07
0.000778774730861187,0.0001875226735137403,4.1393079300178215e-05,0.00012325256830081344,1.850543230830226e-05,0.00031355282408185303,7.82191705184232e-07,1.328599864791613e-05,1.6002928759917268e-06,5.0891394494101405e-05,5.4199237638385966e-05,7.988756465238112e-07,1.6253467265414656e-06,1.3351118468563072e-06,1.1530332812981214e-06,4.0732784327701665e-06
0.0,3.0671942234039307,-0.144355908036232,3.0766761302948,2.9698848724365234,-0.0303377453237772,0.05461566895246506,2.9259090423583984,-0.5774124264717102,3.0117835998535156,2.3673667907714844,-0.8222022652626038,-1.1238369941711426,-0.8259763717651367,-0.9507654309272766,2.3217716217041016
126.42651466899088,112.3322075808053,102.10376024209025,105.63504317506772,110.73869712668464,134.9553718855858,103.18150262141573,99.82117249317452,106.17944340286358,119.06395323431066,125.36110078111727,31.20711382722075,111.7360891606141,43.21032093496649,104.80879519117127,102.68651198207574
74.78546926032962,65.48502606376587,59.97880759265756,-9.079982619402312,-9.079982619402312,74.78555122259966,58.79422739433474,58.79422739433474,59.97880759265756,65.48501923357671,109.58951779883,-19.81919235802456,57.120933500519165,-10.767380000080315,9.566089743953059,11.109599798254635
53.57349033996545,67.66809112628535,77.89647016310869,74.36502330559115,110.73850588138788,134.95479814969553,103.18124307422727,80.1790647422136,106.17929996889102,119.06418546074244,54.63890081274448,30.715609999452045,68.26390901815307,36.717607996749486,75.19120298759589,77.31348619669143
-105.21453574862672,42.908498290638214,-119.67637531605068,-51.98815220718672,-51.98705254673035,-105.21510948451699,49.25469342587469,49.25469342587469,-119.67507758010838,42.908744177448334,-112.36191207350568,-56.90247673010548,19.787869110490877,-53.31965660474569,-32.32005900152848,-23.981787968439004
20
5.081507481463632e-08,7.661637368983065e-08,1.3636980611408944e-07,2.2994345272309147e-07,1.1311546899150926e-07,1.1602886473838225e-07,5.700668026520361e-08,1.6914461298256356e-07,1.6715952710910642e-07,1.3879531479688012e-07,8.085577718475179e-08,2.6130098262910906e-07,2.3139052984788577e-07,5.1424034808178476e-08,2.2044604008897295e-07,1.8708608706674568e-07,8.198707490691959e-08,1.6512419165337633e-07,1.1916034026171474e-07,1.3725899350447435e-07
0.0007317853160202503,0.00018978303705807775,4.1573232010705397e-05,3.809045210800832e-06,0.00011531112977536395,1.3623439372167923e-05,0.00028635631315410137,7.67447886573791e-07,1.3353396752791014e-05,1.4704484101457638e-06,5.036697621108033e-05,1.3222039569882327e-06,8.15719829461159e-07,6.677810597466305e-05,9.301034538111708e-07,2.1161143592962617e-07,2.235878810097347e-06,1.529399014543742e-06,1.0948029967039474e-06,3.7514821542572463e-06
0.0,3.070272207260132,-0.1426529437303543,-0.28547120094299316,3.075725793838501,2.9385719299316406,-0.03219150751829147,0.05747106298804283,2.927614688873291,-0.6213074922561646,3.0136568546295166,2.7847366333007812,2.9284987449645996,2.387270927429199,-0.8181686997413635,-0.8974295258522034,2.504824638366699,-0.8212049007415771,-0.946540117263794,2.321375608444214
123.91508143193387,111.71960108395768,102.00011212143531,97.08288818321388,104.51631966072216,109.30564147654593,132.29144784511908,103.10812589916229,99.76557475333061,106.04418516672982,118.32179853947541,96.22929895206988,99.54261688825389,123.46009521056264,31.13169487840547,37.25109358225167,110.23199271291807,43.174387309743054,103.76495787088574,101.92114830444079
85.67067343868725,72.21593160400332,63.61488611807053,59.491862916159846,-10.320625864206244,-10.320626717979891,85.67083053303816,61.74391971948562,61.743912889296446,63.613888910451706,72.21593160400332,58.76243286374833,59.491862916159846,109.58951779883,-20.33732880091443,65.40811130352236,57.120933500519165,-10.968377099428158,9.566089743953059,11.10959894448099
56.08492699211705,68.28059517029541,78.00009779319612,82.91717829744499,75.48376048031504,109.30542974068166,132.29107901490391,103.10791416329802,80.23458051978746,106.04400075162224,118.32205808666387,83.7707880191565,99.54241881276796,56.539913213488276,33.828817053333026,11.405255635536038,69.76800546584909,40.50104785350548,76.23504030788143,78.07884987432637
-94.32933157026909,36.17886316558639,-116.04153988506665,-119.81785585451833,-50.74729466519758,-50.74633502361919,-94.33039707977962,46.30754876128423,46.30754534618964,-116.03973671512577,36.17831675045279,48.942089327941545,-119.81837494889524,-98.98083382902034,-54.79545899380493,17.676442487081083,3.5079736317743246,-51.19290645193296,-32.807324696917185,-25.444725696196528
15
5.5036906587702106e-08,7.94801877646023e-08,1.380356877689337e-07,6.080009029574285e-08,1.7049187306383828e-07,1.685233002035602e-07,1.4043216367554123e-07,8.357422132121428e-08,2.6221164262096863e-07,5.5284690603230047e-08,2.2511861175189551e-07,8.862409828225282e-08,1.7065870849819476e-07,1.2742859212266922e-07,1.4547160276379145e-07
0.0006756508373655379,0.00019201527175027877,4.209873077343218e-05,0.0002528883924242109,7.781918611726724e-07,1.356318716716487e-05,1.2913977798234555e-06,4.9039434088626876e-05,1.3337537438928848e-06,9.362756827613339e-05,1.019944420477259e-06,3.110169018327724e-06,1.6624620684524416e-06,1.0471896985109197e-06,3.5594300697994186e-06
0.0,3.073857545852661,-0.14053155481815338,-0.03494295850396156,0.054748255759477615,2.929743766784668,-0.7030279636383057,3.0148186683654785,2.786184549331665,2.44412899017334,-0.8158290982246399,2.426422119140625,-0.8183241486549377,-0.9457486271858215,2.320913791656494
121.00833050609486,110.89959589296264,101.85318792219917,129.11795071143442,103.00270192932314,99.6857913136357,105.85221586991744,117.3220500902823,96.20761310145508,120.85409117425763,31.057447307032845,108.65831029795797,43.13227577841534,102.85595531500542,101.23909927430167
94.5181521498741,78.46996016657964,67.17200765667815,94.51836388573837,64.65100532459395,64.65100532459395,67.17200765667815,78.47084809117175,60.62509375230251,109.58951779883,-20.867648593736316,57.120933500519165,-11.206586776921524,9.566088890179412,11.10959894448099
58.991681333050636,69.10083258772224,78.14698101129724,129.1175409000842,103.00253117459388,80.31429565759068,105.85201096424234,117.32188616574223,83.79260364336552,59.145913834698696,36.75823737702731,71.34169471099837,43.932234364196404,77.14404969395092,78.76090573465467
-85.48185285908224,29.92383398029666,-112.4837421577312,-85.48323255729458,43.399838193866835,43.399838193866835,-112.481966308547,29.92594450875019,47.08007047716935,-88.12562784149742,-53.12461030771222,-6.164272619806365,-49.56859867484472,-33.17473423275051,-26.587925193432827
20
6.017197762275828e-08,8.311871368960055e-08,1.3957946976006497e-07,1.4019700245171407e-07,1.2916869707169099e-07,2.3231930867950723e-07,1.317275319934197e-07,6.548478381773748e-08,1.722482778632184e-07,1.7029937282586616e-07,1.4195076403211715e-07,8.704252962843384e-08,2.633968563259259e-07,6.024378507163419e-08,2.3015189754005405e-07,1.898414438983309e-07,9.587196103666429e-08,1.7656792294928891e-07,1.3572716284215858e-07,1.5372673090041644e-07
0.0006179909105412662,0.00019349520152900368,6.809742626501247e-05,4.2886567825917155e-05,0.00010645861766533926,3.9123451642808504e-06,6.304671387624694e-06,0.0002175697300117463,8.218923994718352e-07,1.3890420632378664e-05,1.799479150577099e-06,4.670239650295116e-05,1.3589473155661835e-06,0.00014265323989093304,1.0752331718322239e-06,2.355820214461346e-07,3.292472229077248e-06,1.740430093377654e-06,1.0051301160274306e-06,3.4245356346218614e-06
0.0,3.077558994293213,-0.09581689536571503,-0.13814054429531097,3.073983907699585,-0.28227970004081726,2.7934072017669678,-0.03863528370857239,0.04491628333926201,2.932161331176758,-0.7614917755126953,3.014570951461792,2.7878472805023193,2.5904440879821777,-0.8141627311706543,-0.8824947476387024,2.4028513431549072,-0.8168397545814514,-0.9467788338661194,2.3205552101135254
118.11213905271269,109.94472178661651,101.72016315792399,101.66781658812502,102.67990035895917,97.01009885722905,106.93022462662056,125.85837953382922,102.86781252340455,99.58380292894907,105.67824412156804,116.14873287390083,96.17954102396634,118.0756521821665,30.984374528197463,38.33122311269207,107.20177245745275,43.08663303928673,102.05769744632768,100.62833009834078
101.53761269197706,84.16609204756016,0.7572899671491706,70.6290396031884,-12.316380672700937,63.70022250156067,-12.316380672700937,101.53785857878718,67.50256149175009,67.50256149175009,0.7572899671491706,84.166126198506,62.47167637555047,109.58951779883,-21.403967000196765,73.55650649278006,57.120933500519165,-11.469566989213586,9.566089743953059,11.109599798254635
61.88787278643281,70.05518076950227,78.27986917178902,78.33228404347969,77.32015246132136,82.98996079324064,106.93013583416135,125.8579970432357,102.8676212781078,80.41633868379067,105.67812117816298,116.1487875154142,83.82056643782755,61.92435282678984,39.49749498894467,14.978162595089204,72.79822572131441,47.02741313376314,77.94230073243948,79.37166808042639
-78.46239231697926,24.22913985413643,-9.77953486306325,-109.02679217349099,-48.75159193689531,-115.60927087287489,-48.75119237082886,-78.46403156238007,40.54749997005074,40.54749997005074,-9.779027721517377,24.23024975987656,45.23218328778991,-79.70994002926044,-51.768090342318075,1.4976343416892455,-12.247642502667574,-48.28921545084212,-33.461824159039075,-27.505381815958327
21
6.600807722634272e-08,8.743714374759293e-08,1.4712074403178121e-07,1.4283432392403483e-07,2.33962111906294e-07,1.481287199567305e-07,1.5036525269351841e-07,7.088480202810388e-08,1.7440245869693172e-07,1.7247789685370662e-07,1.4937234027456725e-07,9.117480459508442e-08,2.6484826776140835e-07,2.35384504776448e-07,6.601506186143524e-08,2.3551027084067755e-07,1.9177150534233078e-07,1.0346440149078262e-07,1.8279575897395262e-07,1.4405148363039189e-07,1.6201600772092206e-07
0.0005633511464111507,0.00019384454935789108,6.720194505760446e-05,4.381721009849571e-05,4.007216830359539e-06,4.2605966882547364e-05,7.567184638901381e-07,0.00018344694399274886,8.995140206025098e-07,1.4295504115580115e-05,1.1272211395407794e-06,4.3385676690377295e-05,1.3934278513261233e-06,8.969487907961593e-07,0.00022109840938355774,1.1054946753574768e-06,2.1640479985762795e-07,3.2480875233886763e-06,1.7767947610991541e-06,9.649473895478877e-07,3.3080150387831964e-06
0.0,3.0811874866485596,-0.0952015295624733,-0.1355462670326233,-0.28037869930267334,-0.13666880130767822,-2.103710889816284,-0.04336748644709587,0.029598098248243332,2.934817314147949,-1.885745882987976,3.012460231781006,2.7897045612335205,2.931368350982666,2.8914954662323,-0.8134016990661621,-0.8739039897918701,2.3907949924468994,-0.8156794905662537,-0.9483137130737305,2.3201539516448975
115.43821561530109,108.92109499608505,101.11155232174085,101.44945544035971,96.96064828763816,101.03421408976878,104.77918632111927,122.7625143302509,102.7061556061287,99.46160401450837,104.88075806426653,114.88054432994788,96.14554034227801,99.37923876330719,115.43533327547134,30.914303617502302,39.05484408921449,105.90456243971641,43.03926567739269,101.35136026349998,100.07871160601903
107.08799516625868,89.27794905637028,-0.7237017648536924,73.96452833341829,65.7664298575704,117.91137247224934,117.91137247224934,107.08837082666302,70.28842489946904,70.28842489946904,-0.7237017114928396,89.27794905637028,64.30069175225317,65.76642302738122,109.58951779883,-21.940396397231225,77.36552540797776,57.120933500519165,-11.74772985825694,9.566089743953059,11.10959894448099
64.56178939365525,71.07866412606117,78.88853464948554,78.55068617238003,83.03950015529074,78.9650737493247,104.78021084949476,122.76248700949422,102.70609413442617,80.53844197558298,104.88075123407735,114.88081753751469,83.85457394970504,99.37916363122632,64.56466490329582,42.049181945875155,17.00042622152636,74.09543573905074,49.812982843347775,78.64863791526717,79.92128657274814
-72.91200984269766,19.11781560008158,-11.260570884574012,-105.69144004704451,-113.54361676218792,-45.87416642825775,-45.87428595656822,-72.9144823711772,37.76263718504519,37.76263718504519,-11.26036427135162,19.118800854869356,43.4040387602064,-113.54333672443195,-73.2528362822813,-50.64274837466678,-3.776303589733799,-16.341784249672862,-47.254940395394605,-33.69224400578404,-28.257580303968076
19
9.233879438852455e-08,1.5476153691906802e-07,1.4592018260373152e-07,2.3590169462295307e-07,1.563646918611994e-07,1.5848503664983582e-07,1.7694000575829705e-07,1.750433398228779e-07,1.5690353905029042e-07,1.481900540056813e-07,9.588557503548145e-08,2.665620968400617e-07,2.3731246301395004e-07,7.237900234713379e-08,1.9405521811677318e-07,1.112694150151583e-07,1.8929188172478462e-07,1.523955290849699e-07,1.703311056644452e-07
0.0001930086873471737,6.611913704546168e-05,4.480474308365956e-05,4.118113793083467e-06,4.016414095531218e-05,1.452477476959757e-06,1.0099835208166041e-06,1.475016961194342e-05,2.112027004841366e-06,7.40902294182888e-07,3.926433782908134e-05,1.4341277392304619e-06,9.390919331053738e-07,0.0002040855906670913,2.0269985157028714e-07,3.1195579595078016e-06,1.7845543425210053e-06,9.25419215036527e-07,3.194726104993606e-06
3.0846571922302246,-0.09453926235437393,-0.13278397917747498,-0.27828535437583923,-0.13718821108341217,-2.8091728687286377,0.011678343638777733,2.9376916885375977,-2.6969690322875977,-1.6932049989700317,3.0080137252807617,2.791757106781006,2.9323348999023438,-0.16071651875972748,-0.8603349924087524,2.3835761547088623,-0.8152593970298767,-0.9491744637489319,2.319869041442871
107.88170412894918,100.55648333846142,101.20416285669704,96.90311760425914,100.44621676450073,104.0059679259388,102.52100966829717,99.32172857049568,104.15117774769328,105.0022329786552,113.58178385926996,96.10589792433525,99.30233083325284,113.06210891626954,39.87849318613174,104.76253431992278,42.99105478713616,100.72226568999596,99.58193145711648
93.82106304318259,-2.0545247443212435,77.16342011043707,67.80063777731861,118.46262337978273,118.4626097194044,72.99540645246351,72.99540645246351,-2.0545247443212435,77.16342011043707,93.82106304318259,66.10701041034392,67.80063777731861,109.58951779883,80.96880536499631,57.120933500519165,-12.03334617123207,9.566089743953059,11.10959894448099
72.11810280452123,79.44351484030575,78.79601290698854,83.09696253677807,79.55302326326857,104.00709490715185,102.52092087583794,80.67834474035236,104.15124604958497,105.00217150695268,113.58221416118766,83.89423002802614,99.30229668230699,66.93787560211928,19.082804050396096,75.2374638588444,52.318070834665846,79.27773931896037,80.41806672165067
14.574785283086591,-12.591114786780944,-102.49149642089354,-111.50938152168303,-45.31960970916607,-45.31994780352999,35.055536103740245,35.055536103740245,-12.59103623960549,-102.49194038318959,14.575319745389145,41.59694487564486,-111.5092517480888,-68.26054173489226,-7.853336993528675,-19.257590298804015,-46.400814994400754,-33.88137877409086,-28.88529688680705
13
9.773616227448656e-08,1.6248780809746677e-07,2.3812927452127042e-07,1.6452951001610927e-07,1.0109375381261998e-07,2.6853558665607125e-07,2.39527537360118e-07,2.470591482506279e-07,1.9668051720600488e-07,1.1921743237053306e-07,1.9601810663516517e-07,1.6075712494512118e-07,1.7866825885448634e-07
0.00019111573055852205,6.481283344328403e-05,4.24049449065933e-06,3.439957936279825e-06,3.458046558080241e-05,1.47947514506086e-06,9.872270538835437e-07,1.1206575436517596e-06,2.0056667437984288e-07,2.959147650472005e-06,1.7735435449139914e-06,8.868452709975827e-07,3.081107024627272e-06
3.0879294872283936,-0.09384766966104507,-0.2759990692138672,-2.921175003051758,3.000551462173462,2.79400897026062,2.933314323425293,-0.8124234080314636,-0.8428635597229004,2.3786447048187256,-0.8149475455284119,-0.9503979682922363,2.3196654319763184
106.86376688599633,100.04919152842622,96.83822397695485,103.48259102040824,112.29951829543762,96.06085282675902,99.215560110037,30.78279857031746,40.78536130789643,103.75823696474244,42.943595217688326,100.15846772495726,99.13089308508552
97.83773336952702,-3.2547415935317514,69.79841346803398,-3.2547415935317514,97.83773336952702,67.88866525534173,69.79841346803398,-22.9981877939911,84.35815013683174,57.120936915613754,-12.320948361708382,9.566089743953059,11.10959894448099
73.13628593428419,79.95094325412434,83.16183567351484,103.48263200154325,112.29997591811201,83.9391316916298,99.21554644965866,46.61727051938763,21.182691069203155,76.24176121402472,54.573412958982395,79.84153045380991,80.86910509368164
10.557410593484015,-13.7921318353414,-109.51188586872364,-13.79167677398795,10.55833437656926,39.81688146472364,-109.51128481207667,-48.88012243669661,-11.069046403831331,-21.429896105833425,-45.68195807482442,-34.039552294890015,-29.417129566530093
16
1.0355147139762266e-07,1.702886720522656e-07,1.5332784641941544e-07,1.6186461948564101e-07,1.6391383894642786e-07,1.8309764016066765e-07,1.8126542045138194e-07,1.7223769077645557e-07,1.554896300604014e-07,1.067266950371959e-07,2.53191359433913e-07,1.9963434283454262e-07,1.272664889029329e-07,2.0293957447847788e-07,1.6913317324451782e-07,1.8702333193232334e-07
0.0001883658696897328,6.33335585007444e-05,4.676958269556053e-05,9.033059905050322e-05,4.668554993259022e-06,1.3231347111286595e-06,1.5751047612866387e-05,4.725426606455585e-06,1.3392016171565047e-06,2.9581085982499644e-05,1.1151261105624144e-06,2.1054498233752383e-07,2.7893224796571303e-06,1.7506146150481072e-06,8.49539901537355e-07,2.967869022540981e-06
3.0909879207611084,-0.09314722567796707,-0.1268652081489563,3.072230339050293,0.25590524077415466,-0.022730594500899315,2.944032907485962,-3.0132436752319336,-2.6492300033569336,2.988964796066284,-0.8120391368865967,-0.8256919384002686,2.3750298023223877,-0.814774215221405,-0.9511929750442505,2.3194615840911865
105.89083375948469,99.5844108157852,100.65638168526202,100.08827387085704,103.53415211845267,102.09337835455183,98.99902262278009,102.86860482534829,104.28260424770266,111.06462692368848,30.722450433905813,41.758454943853565,102.87260731620191,42.89706113887303,99.65045191487005,98.71972252723992
101.38133796376718,-4.342869488933649,83.11470736824175,-15.059279629219569,-15.059277921672276,78.14617504897518,78.14617504897518,-4.342869488933649,83.11470736824175,101.38126966187548,-23.51307135928876,87.52895617598344,57.120933500519165,-12.607210981333726,9.566089743953059,11.10959894448099
74.10917124947164,80.41564883468449,79.34372577653187,79.91175845885597,103.53419309958768,102.09328956209262,81.00105751825711,102.86861848572661,104.28255643637847,111.0651938293896,48.65460325068113,23.27247965332235,77.12739086256525,56.607197407002076,80.34955309408627,81.28027565152723
7.013434180820908,-14.879790795568097,-96.53984716306284,-46.00845136243478,-46.008765551136605,29.904828978931096,29.904825563836514,-14.87954149366339,-96.54035259706143,7.014527437974933,-48.17355644253171,-13.65432935374181,-23.105978424377657,-45.06744595519837,-34.17347864413563,-29.873112995520145
15
1.0971980657359381e-07,1.7815504804730153e-07,1.5759034965867613e-07,1.7011997499594145e-07,2.4341562721019727e-07,1.7207089797466324e-07,1.80018915330038e-07,1.1272101119175204e-07,2.447830809160223e-07,2.5952729743039527e-07,2.0290205782202975e-07,1.3539100507387047e-07,2.1002915673307143e-07,1.775224376387996e-07,1.9539437801086024e-07
0.00018496466509532183,6.174977897899225e-05,4.770189116243273e-05,8.642177999718115e-05,4.512679879553616e-06,6.443523943744367e-06,5.9130852605449036e-06,2.447101906000171e-05,1.0989487009283039e-06,1.1046975032513728e-06,2.305295083715464e-07,2.6207997052551946e-06,1.7203300330947968e-06,8.139184046740411e-07,2.856674427675898e-06
3.0938286781311035,-0.09245146065950394,-0.12376808375120163,3.072012424468994,-0.2708665430545807,0.15328243374824524,-3.0623908042907715,2.9712400436401367,2.9355528354644775,-0.8119608759880066,-0.8114014267921448,2.3722891807556152,-0.8146242499351501,-0.9518457055091858,2.319197416305542
104.97586161826979,99.1574556907677,100.36490336243173,99.59401406175824,96.68903898510344,102.88130214701533,102.30338618096222,109.89569468875416,99.0160366240026,30.665309071309487,42.78177779096697,102.08809178813425,42.85213556960727,99.19033622143215,98.34343374548558
104.50793901861056,-5.331938937359441,85.85907737675288,-15.574929883251558,73.6720664633475,-15.574929883251558,-5.331939364246264,104.50793901861056,73.67205963315834,-24.01706418795483,90.48549918087184,57.120933500519165,-12.888543911925613,9.566089743953059,11.10959894448099
75.0240614284165,80.8425561483778,79.63518360879465,80.4060797396573,83.31101383517709,102.88128165644783,102.30352961493479,109.89518925475558,99.01596149192171,50.54277148069072,25.332307612647288,77.91191322082209,58.4455667277731,80.80966195733502,81.65656443328159
3.887418387812036,-15.86908734778379,-93.79561375833512,-45.49346534429958,-105.63869732627367,-45.49386832546061,-15.869124913824225,3.8874845552696207,-105.6382806847343,-47.55315669984112,-15.770466246357977,-24.43627900109541,-44.53455118105939,-34.28824631275935,-30.26828725032957
13
1.1618312356631577e-07,1.8607701690598333e-07,1.621883285451986e-07,1.963373819080516e-07,1.7839910526618041e-07,1.802608409207096e-07,1.8786231237299944e-07,1.1902145047315571e-07,2.660450491021038e-07,1.435720378140104e-07,2.1726145860156976e-07,1.859221043787329e-07,2.037779154306918e-07
0.00018110379460267723,6.0118665714981034e-05,4.858338797930628e-05,2.6359641196904704e-05,8.271601109299809e-05,8.010302735783625e-06,6.992347607592819e-06,1.9411876564845443e-05,1.0910242735917564e-06,2.458964900142746e-06,1.6857009086379549e-06,7.808351369931188e-07,2.7489832064020447e-06
3.0964558124542236,-0.09177161008119583,-0.12062083184719086,2.987429618835449,3.071840524673462,0.10067625343799591,-3.092711925506592,2.9434545040130615,-0.8118966817855835,2.370297431945801,-0.8146184086799622,-0.9519531726837158,2.3190925121307373
104.12491567033457,98.76448758706019,100.06793356750875,98.30243895008716,99.1448608219382,102.28666587787403,101.78222225672273,108.80176476109575,30.611999444837537,101.38977324739214,42.808535057040494,98.77178222909376,97.9978808149963
107.27142672660854,-6.235650231067114,88.4481971854296,110.87653717432467,-16.040460209153995,-16.040975888436332,-6.235649804180291,107.27142672660854,-24.506396015567468,57.120933500519165,-13.162816134462998,9.566088890179412,11.10959894448099
75.87506884805424,81.23559255397701,79.93214657352846,81.69695817203304,80.85522614928817,102.28672051938739,101.78232470956029,108.80136177993472,52.29323626684368,78.61022493137503,60.11134058331249,81.22822277986258,82.00211736377086
1.123891619669731,-16.772820412719444,-91.20669202514432,-18.694463399851266,-45.027479103270046,-45.02800502783614,-16.772651365537484,1.123987349039817,-47.002643452738084,-25.517316946695423,-44.067782883369894,-34.388209546357075,-30.614482218600838
11
1.97887843000899e-07,1.995674949739623e-07,1.947720562611721e-07,1.930506954295197e-07,2.7889907983080775e-07,2.5108573709076154e-07,2.7272423608337704e-07,1.5179765000539192e-07,2.2461973969711835e-07,1.943309229091028e-07,2.1217242363036348e-07
3.123339411104098e-05,4.52446511189919e-06,2.0034021872561425e-06,1.7387945263180882e-05,1.7001708556563244e-06,1.2329411447353777e-06,1.0752422667792416e-06,2.3063294065650553e-06,1.6486918639202486e-06,7.499184562220762e-07,2.6457837520865723e-06
-0.1384693831205368,3.1143007278442383,-0.05860272794961929,2.9546732902526855,2.8049495220184326,2.938161849975586,-0.8117525577545166,2.3685598373413086,-0.814700186252594,-0.9519103169441223,2.318915605545044
98.23694426613591,101.0812467723935,101.3586002640202,98.44552458300976,95.8348213765558,98.78788781515665,30.56195123369427,100.76499535344357,42.767693940898404,98.38942140916728,97.67950520721449
120.52519024496485,120.52519024496485,85.14186653276651,85.14186653276651,74.71123193424076,77.36183710582594,-24.981218813835707,57.120933500519165,-13.42871198375701,9.566088890179412,11.109599798254635
81.76243919560595,101.08191613093216,101.35842267910178,81.55460336935163,84.16525193429224,98.7878536642108,53.91712398729796,79.2350028253236,61.625258843034985,81.61058359978905,82.32049980174185
-43.26117852352641,-43.2606560140549,22.908509117736127,22.908507410188836,32.99420891789249,-101.94820268374322,-46.509862379594594,-26.41203586947395,-43.65395196684258,-34.47563938282782,-30.91987022167586
13
2.0206422846058558e-07,1.7227631587957148e-07,2.1249920223453955e-07,2.1406431471859833e-07,2.0370944753267395e-07,1.7420306619442272e-07,2.8203189117448346e-07,2.7954905590377166e-07,2.1443760545025725e-07,1.6005908776151045e-07,2.3208535537833086e-07,2.0274799794606224e-07,2.2057656678953208e-07
5.6867909734137356e-05,5.01691538374871e-05,2.45042556343833e-05,4.368636382423574e-06,8.835907465254422e-06,4.068172529514413e-06,1.7577541484570247e-06,1.0581161404843442e-06,3.2031454111347557e-07,2.163915041819564e-06,1.610593358236656e-06,7.20845036994433e-07,2.5475740130787017e-06
-0.09048102051019669,-0.11428618431091309,2.9880361557006836,-0.06426382064819336,-3.127868890762329,-3.048861265182495,2.8078038692474365,-0.8118492960929871,-0.791582465171814,2.3672289848327637,-0.8147647380828857,-0.9517005085945129,2.3188247680664062
98.0661895368856,99.47273722285549,97.66699230065502,100.32219418955164,100.8540678504097,102.72090198454676,95.76978431527893,30.515502532243598,46.01540791010444,100.20324644515587,42.72846474940043,98.03877998774634,97.38524016720284
-7.82400816123264,93.1763136761009,112.23717232869375,112.23717232869375,-7.824009015006286,93.1763136761009,76.56803252048707,-25.44131060161152,98.14660135398415,57.120933500519165,-13.686110223949878,9.566089743953059,11.10959894448099
81.93384962301658,80.52727461629001,82.33237067051932,100.3229523405495,100.8538424541671,102.72087466379007,84.23022752386657,55.4252707371718,31.216116016546827,79.7967517336113,63.0049707157559,81.96121819102083,82.61475801156433
-18.360940140037666,-86.47980496852364,-20.05627334675758,-20.05545030896259,-18.360878668335136,-86.4800645157121,35.006621703999194,-46.065452706153124,-20.280715070431487,-27.16459123486783,-43.28450020444742,-34.552875161962326,-31.19134975061636
15
2.101185003766659e-07,1.7771765215002233e-07,2.2062899063257646e-07,2.0334962869128503e-07,2.2213701811324427e-07,2.0498453068285016e-07,2.0370654851831205e-07,2.1170089326005836e-07,1.7958608111712238e-07,2.8650441663558013e-07,2.188100012290306e-07,1.6835060989706108e-07,2.3964599904502393e-07,2.1117315895935462e-07,2.2899006069110328e-07
5.5293890909524634e-05,5.086332748760469e-05,2.3675396732869558e-05,7.294824172277004e-05,4.638952759705717e-06,1.1582043953239918e-05,2.565654540376272e-06,9.613831025490072e-06,4.874575097346678e-06,1.0401762438050355e-06,3.511997590521787e-07,2.031871417784714e-06,1.5722599755463307e-06,6.936437557669706e-07,2.4545897758798674e-06
-0.08987592905759811,-0.11114786565303802,2.9883387088775635,3.0714950561523438,-0.07252639532089233,0.03200182318687439,-0.07257235795259476,-3.1388885974884033,-3.0781214237213135,-0.8118403553962708,-0.7900597453117371,2.366133451461792,-0.8148714303970337,-0.9520832300186157,2.3186798095703125
97.75510174094819,99.18020022070384,97.38278129910162,98.01488798602963,99.94313918118344,100.78573863795289,100.85422494476062,100.43963929233,102.33355512652616,30.472305000837853,47.11039651708421,99.69573606906724,42.69125729389679,97.7160603796524,97.11246290232003
-8.525578725793316,95.32572639657973,112.84085176829615,-17.205045028681603,112.84085859848531,-17.205046736228898,89.72229384301461,-8.525578725793316,95.32572639657973,-25.885517076925176,100.33625754905269,57.120933500519165,-13.93416049648994,9.566089743953059,11.10959894448099
82.2450262114132,80.81984576938751,82.61648604942434,81.9851648342509,99.9439451435055,100.7855542228453,100.85401320889633,100.43946853760076,102.33351414539113,56.827590536045456,33.05696128089198,80.30426210969992,64.26619246675544,82.28393779911477,82.88753527644712
-19.062552539507006,-84.32955896496607,-20.6607006920741,-43.8627884158103,-20.660716059999732,-43.862463981824725,22.19637481185038,-19.062518388561156,-84.33048787069319,-45.66167582808407,-21.37321919610066,-27.806154318701715,-42.95186657677321,-34.62154588387763,-31.434244937880354
10
2.1820663675953256e-07,1.8339170537728933e-07,2.622703334509424e-07,2.302394506159544e-07,2.197312340967983e-07,2.935759937372495e-07,1.7666536678007105e-07,2.472881419635087e-07,2.1960380536256707e-07,2.3741009158584347e-07
5.3770942031405866e-05,5.148844138602726e-05,5.286459781927988e-06,4.876806087850127e-06,1.0307801858289167e-05,1.0217945600743406e-06,1.9098943084827624e-06,1.5342541246354813e-06,6.680706974293571e-07,2.366808757869876e-06
-0.08929833769798279,-0.10805528610944748,-0.25568827986717224,-0.07917563617229462,3.135732650756836,-0.8119298815727234,2.3652234077453613,-0.8148789405822754,-0.9516509771347046,2.318574905395508
97.46595251262488,98.89380355861604,96.20617193154021,99.5901754954447,100.05407511368279,30.432276677206993,99.23531301711668,42.655938385698654,97.41814118843479,96.85898092184252
-9.174320338444883,97.34186846597325,82.3021265928745,113.40422626160631,-9.174320338444883,-26.314063636019288,57.120933500519165,-14.172265159824816,9.566088890179412,11.10959894448099
82.5341344586015,81.10626292204283,83.79390137930783,99.5906536086866,100.05393850989938,58.132976290218295,80.76468516165049,65.42212002151005,82.58186382052155,83.14101725692464
-19.711557114441618,-82.31347836727507,-96.50691199088504,-21.220724977596372,-19.711324888009838,-45.29288317894382,-28.359479896195495,-42.65050155511932,-34.68307905811028,-31.65287929321246
9
2.3696621553881414e-07,2.3837073115373641e-07,2.1305818620476202e-07,3.007520774644945e-07,2.282551463395066e-07,1.8500054466130678e-07,2.5500423816993134e-07,2.2804034927048633e-07,2.4583684421486396e-07
2.2178885046741925e-05,5.0863641263276804e-06,3.2092702895170078e-06,1.0032282489191857e-06,4.0249327071251173e-07,1.797403797354491e-06,1.4969372159612249e-06,6.441418918257114e-07,2.2840720248495927e-06
2.988924026489258,-0.08464272320270538,-0.07947039604187012,-0.8119845390319824,-0.7892512083053589,2.364403486251831,-0.8149685859680176,-0.9514411687850952,2.31858491897583
96.87145967745613,99.26000415096627,100.37232777805953,30.394891636784926,49.275324012262715,98.815823288862,42.623040779561286,97.14224252710129,96.62279981053265
113.92444761974033,113.92444761974033,93.66990412666104,-26.727191043062092,104.24391122605454,57.120933500519165,-14.400593261136464,9.566089743953059,11.10959894448099
83.12816967109585,99.26058471704573,100.37225947616783,59.34988377388279,36.5393981160201,81.18417488990517,66.48476085258064,82.85776248185505,83.37720519842368
-21.742706816988964,-21.742257732051034,18.249652452796063,-44.954372173488814,-23.160222079218606,-28.841662223294424,-42.37577768632307,-34.738615326251654,-31.85079768479192
9
2.3447275054877537e-07,2.7095316568193084e-07,2.1808239125675755e-07,2.3589205966345617e-07,2.721823193496675e-07,1.9335334400238935e-07,2.6278402742718754e-07,2.3648239277918037e-07,2.54269906463378e-07
5.089642945677042e-05,5.657605015585432e-06,3.5632476738101104e-06,1.1472242476884276e-05,1.6635043493806734e-06,1.6937175359998946e-06,1.4605403748646495e-06,6.217200620994845e-07,2.2061651634430746e-06
-0.0882253348827362,-0.24884802103042603,-0.08165796846151352,3.123351812362671,2.945669174194336,2.363823413848877,-0.8151710033416748,-0.9513874650001526,2.318483829498291
96.94532817332983,96.00654599266825,100.13087376071041,99.35878917693216,98.10196606775813,98.43214424242571,42.591546777298355,96.88601481057744,96.40221202109792
-10.334731058615967,85.45847995174246,95.50787388136563,-10.334731912389614,85.45847995174246,57.120936915613754,-14.620110418418797,9.566089743953059,11.10959894448099
83.05466317524817,83.9934999974231,100.1305322512519,99.35877551655383,98.10188410548808,81.56785393634145,67.4641553380471,83.11398336818974,83.59778615766925
-20.87198917895386,-93.35083866977307,16.41135484901132,-20.872101877075163,-93.35125531131243,-29.26511004617312,-42.12407497012435,-34.78864304682741,-32.03047605619286
6
3.153788270537916e-07,2.385413324645924e-07,2.0172008419194754e-07,2.7062020535595366e-07,2.4492828742950223e-07,2.6270748776369146e-07
9.662680895416997e-07,4.336272638738592e-07,1.5981357819327968e-06,1.4252030950956396e-06,6.00708631282032e-07,2.132816007360816e-06
-0.8122560381889343,-0.7917563915252686,2.3632736206054688,-0.8151909112930298,-0.9514137506484985,2.3183655738830566
30.327969443297143,51.36968199293665,98.0800138397657,42.561852529881726,96.64747728400391,96.19576955343429
-27.508755929408313,107.60508146756366,57.120936915613754,-14.829971395762023,9.566089743953059,11.109599798254635
61.54812551673803,39.75371587527936,81.91998433900146,68.36910759174961,83.35252772495242,83.80422862533288
-44.35250614911104,-24.558105670226343,-29.640288922187334,-41.892493991220476,-34.83429261614519,-32.19465331327246
19
2.5083679133786063e-07,2.61634653497822e-07,2.2739003213700926e-07,2.803121503802686e-07,2.565775503171608e-07,2.6298960165149765e-07,2.6290751975466264e-07,2.5787522872633417e-07,2.61716934346623e-07,2.521639999031322e-07,2.105789747020026e-07,2.089878421429603e-07,2.8150046205155377e-07,3.2281172934744973e-07,2.439670083731471e-07,2.1009962836160412e-07,2.7850794026562653e-07,2.533784879688028e-07,2.711499007546081e-07
4.825772703043185e-05,2.026286347245332e-05,2.187639802286867e-05,6.0404227042454295e-06,2.3869726646807976e-05,5.424986738944426e-06,5.572209374804515e-06,6.353184289764613e-06,1.9719524061656557e-05,1.2387172318994999e-05,9.108859558182303e-06,5.263011553324759e-05,1.8691368950385367e-06,9.480961011831823e-07,4.478631865367788e-07,1.5099384427230689e-06,1.390998932038201e-06,5.809371828036092e-07,2.063723968603881e-06
-0.08725567907094955,2.9897422790527344,2.9822916984558105,-0.24197416007518768,-0.13915503025054932,-0.09854727238416672,-0.09641341865062714,3.0600008964538574,2.9876608848571777,3.1148617267608643,3.139404535293579,-0.09698750078678131,2.949470043182373,-0.8121037483215332,-0.7921423316001892,2.3628740310668945,-0.8153063654899597,-0.9509806632995605,2.3184070587158203
96.49025315949939,96.22078170617488,97.16280139650303,95.80534911028718,96.34381390369431,98.38655955990504,98.38910039027628,98.55389919457036,96.21890340415311,98.74999392564142,100.49584491901004,97.79726449869469,97.83207114270506,30.29786538453031,52.380850518422015,97.75573011835183,42.53405024486519,96.42482677743983,96.0021405206536
-11.342594626316695,115.28698156669867,98.57782534723292,89.73699924029765,122.26176584144058,116.17676397025457,115.28698156669867,122.26176584144058,116.17676397025457,-11.342595480090342,103.77657602266393,103.77657602266393,89.73773007053884,-27.877792757811395,109.10850855672102,57.120933500519165,-15.031137542291823,9.566089743953059,11.10959894448099
83.50979283059198,83.77873152916122,82.83723776339916,84.19477201188504,83.6556037089934,98.38704450333611,98.38981756013914,98.55469832670325,83.78076009534472,98.74995977469557,100.49579710768585,82.20280198196419,97.8319277087325,62.5426215504594,41.26197873836909,82.24426806041532,69.2075064821795,83.57517140132734,83.99786448830274
-21.87984506269177,-23.108316056621096,9.650405867935927,-92.57542095367985,-41.523373493000065,-20.129119021803056,-23.108022358486785,-41.52362279490477,-20.12947077654531,-21.8797699306109,-75.37774911420728,-75.37746224626214,-92.57658208583875,-44.08356745054179,-25.148522590007875,-29.97499551227464,-41.678586126794016,-34.87609337386567,-32.34523507880915
12
2.698918706300901e-07,2.7112582756672055e-07,2.3574894214561937e-07,2.3432876616880094e-07,2.602227198167384e-07,2.1556722629156866e-07,2.5893658062159375e-07,3.303154585410084e-07,2.184899159374254e-07,2.8643995619859197e-07,2.618321559566539e-07,2.795963212065544e-07
1.9696110030054115e-05,5.694741957995575e-06,4.7593694034731016e-06,2.2191970856511034e-05,1.2510007763921749e-05,5.28880009369459e-05,4.612293923855759e-05,9.302228249907785e-07,1.428468749509193e-06,1.3579840469901683e-06,5.623952574751456e-07,1.9986225652246503e-06
2.9899959564208984,-0.09929835796356201,-0.08560024201869965,2.9855172634124756,3.1100292205810547,-0.09432826936244965,-0.08836614340543747,-0.8119795918464661,2.3623321056365967,-0.8154652118682861,-0.9510709047317505,2.318251371383667
96.02995988114306,98.13338493794018,99.36453336602415,96.94963119250693,98.4770390758402,97.55783904752906,96.28641982409869,30.270268005188875,97.45617168173342,42.50751154484511,96.2165606492678,95.82018428116446
115.68641102936101,115.68641102936101,99.64983719784475,99.64983719784475,-12.821546586356957,105.13385072396134,-12.821031760848268,-28.232580104058535,57.120933500519165,-15.223313452326595,9.566088890179412,11.109599798254635
83.96978558062482,98.13372644739869,99.36454702640249,83.05036015607106,98.47690930224597,82.44217279161644,83.71367397731684,63.47518825897626,82.54382649703375,69.98594314188585,83.78343752949937,84.17982072779188
-23.50715300037294,-23.50704371734622,8.135020825089171,8.135020825089171,-19.48983892869925,-73.65572182066366,-19.489570843774327,-43.832455545706274,-30.275192571580455,-41.48008716913511,-34.91434243321774,-32.483665937812376
15
2.619933354708337e-07,2.734135193804832e-07,2.899369633269089e-07,2.746316454249609e-07,2.632642974731425e-07,2.892426209655241e-07,2.6831210675482e-07,2.237849088260191e-07,2.2228832108339702e-07,2.67065303205527e-07,3.378825965683063e-07,2.2689049217206048e-07,2.944133825621975e-07,2.702898029838252e-07,2.8804723228859075e-07
5.671462349710055e-05,2.2363694370142184e-05,6.4833589021873195e-06,6.598947948077694e-06,1.5702344171586446e-05,2.48429332714295e-05,1.2849489394284319e-05,1.0735577234299853e-05,5.3078369091963395e-05,4.50345323770307e-05,9.127211342274677e-07,1.353090510747279e-06,1.3261488902571728e-06,5.448850401990057e-07,1.9372027963981964e-06
3.071120500564575,-0.13927766680717468,-0.23461146652698517,3.053375482559204,-0.014959216117858887,3.011619806289673,3.107309103012085,3.1300690174102783,-0.0917702317237854,-0.08784328401088715,-0.8121935129165649,2.3621339797973633,-0.8155648708343506,-0.9506372213363647,2.3182427883148193
96.21278355465678,95.95208889441574,95.61198645488412,98.02893085496318,98.3783906536577,95.6254965690624,98.21962973658994,99.87007664763182,97.32807148384983,96.09431392350291,30.2442962108699,97.17862694480995,42.482410599645306,96.02131286165381,95.64886264621302
-19.042965264514702,122.61752307454987,92.56464974535875,122.61752307454987,-19.042966972061997,0.8657710869721328,-13.336496745999021,106.49075659504359,106.49074976485443,-13.336495892225376,-28.573949543681188,57.120933500519165,-15.40799493729457,9.566089743953059,11.10959894448099
83.78728292600208,84.04774535981134,84.38810051634225,98.029245043665,98.3783018611985,84.37456991159645,98.21959558564409,99.86996053441592,82.67196767605236,83.90574572696679,64.35092779359861,82.82137123395721,70.71050326941915,83.97869214730251,84.35113553255414
-42.024965510172876,-41.16564575031523,-89.74868569396754,-41.16575503334195,-42.025392396996,-61.088317181812776,-20.00531842800199,-72.29878179863557,-72.29882277977059,-20.00477201286839,-43.59735701937985,-30.54590711933391,-41.295364703032114,-34.949412039511174,-32.611329003589084
12
2.818405846483074e-07,2.830224445915519e-07,2.481270655607659e-07,2.467781428094895e-07,2.7642531108540425e-07,2.7521511469785764e-07,2.961282632440998e-07,3.455083970038686e-07,2.3529899806362664e-07,3.0242401294344745e-07,2.787500363865547e-07,2.9650109922840784e-07
2.1679314158973284e-05,6.692994702461874e-06,5.577225692832144e-06,2.321246029168833e-05,1.3150587619747967e-05,4.399051613290794e-05,2.2316203285299707e-06,8.956108104030136e-07,1.283247115679842e-06,1.2954786825503106e-06,5.28422276602214e-07,1.8792302398651373e-06
-0.139332577586174,3.050642490386963,-0.08614322543144226,2.992626428604126,3.1049420833587646,-0.08734436333179474,2.956433057785034,-0.812385618686676,2.361823558807373,-0.8155744075775146,-0.9504406452178955,2.3182272911071777
95.7731379381614,97.78893849809644,98.89347570953588,96.59742565776605,97.97682334178515,95.91321145766003,97.44292794493276,30.220448605382803,96.92082145458782,42.45915039042683,95.8379154522498,95.48730135158554
122.7800269352828,122.7800269352828,102.4099849433386,102.4099849433386,-13.821375290272812,-13.821375290272812,93.9072258795623,-28.902208435192,57.120933500519165,-15.584338468833252,9.566089743953059,11.109599798254635
84.22632065566133,97.78971713966182,98.89338691707667,83.40263399270364,97.9767413795151,84.08684819280967,97.4427845109602,65.17451200371875,83.07918355436851,71.38630950665689,84.16208955670653,84.51270365737079
-41.003155549960624,-41.00326824808193,5.374743732887911,5.374743732887911,-20.48997328358046,-20.489525906189826,-88.40632129562826,-43.376888758255596,-30.79161634453595,-41.123008294421425,-34.98201253241964,-32.7297200875675
6
2.532015344058891e-07,3.5318720392751857e-07,2.437147657019523e-07,3.1046647563925944e-07,2.872127708997141e-07,3.0495786518258683e-07
2.369372123212088e-05,8.789036201051204e-07,1.218419015458494e-06,1.2659727417485556e-06,5.129138003212574e-07,1.8244371631226386e-06
2.9960553646087646,-0.8123151063919067,2.361571788787842,-0.8158242702484131,-0.9506838917732239,2.3182384967803955
96.4293415324812,30.198329037755716,96.68072664488353,42.436743954854606,95.66533023230193,95.3346807745816
103.68544763875762,-29.218190061669716,57.120936915613754,-15.753383943243774,9.566088890179412,11.10959894448099
83.5706703066643,65.95008681416287,83.3192783640728,72.01789026901879,84.33467477665441,84.66531740418556
4.099850077604127,-43.16942517731104,-31.015325530421375,-40.96172020736074,-35.01212342137564,-32.83955977470506
9
2.872400841624767e-07,2.883998035940749e-07,2.597529089598538e-07,1.1756841331589385e-06,3.6091489619138883e-07,2.521371413877205e-07,3.1853906534706766e-07,2.9567800652330334e-07,3.134175301511277e-07
5.171573502593674e-05,1.6461957784486003e-05,2.419071097392589e-05,1.6503194046890712e-06,8.626130920674768e-07,1.158150098490296e-06,1.2375758160487749e-06,4.982275640941225e-07,1.772604832694924e-06
3.0710341930389404,-0.023534636944532394,2.999511241912842,2.9134347438812256,-0.8122550249099731,2.3612732887268066,-0.8158566951751709,-0.9505497217178345,2.318176746368408
95.66482479830334,97.64356475180189,96.26653714342478,91.38189320754432,30.17787262119153,96.45659398726956,42.415683066548866,95.50262146589388,95.19029057552754
-19.59793350250387,-19.597935210051165,104.75334771548911,-20.397591559961455,-29.521805630655123,57.120933500519165,-15.914808634087855,9.566089743953059,11.109599798254635
84.33522119178801,97.64357841218023,83.73350884666657,88.61811863160119,66.68149079124451,83.5434041914976,72.60934367000688,84.49737671287329,84.80970760323963
-41.47030633824365,-41.47036439485159,2.6665910158941917,-30.825330158279133,-42.97370952173891,-31.21994092248203,-40.81028466817781,-35.04009987621601,-32.94181795186391
7
3.0714511467522243e-07,3.0822997132418095e-07,3.686880063469289e-07,2.605663667054614e-07,3.266393662215705e-07,3.041465106434771e-07,3.218806341465097e-07
1.9855311620631255e-05,6.885518814669922e-06,8.467599172945484e-07,1.1020117653970374e-06,1.2102626669729943e-06,4.843009833166434e-07,1.7235136056115152e-06
-0.1394767463207245,3.0440518856048584,-0.8124632239341736,2.361145257949829,-0.8159169554710388,-0.9500750303268433,2.3180689811706543
95.29641805485119,97.14890879173122,30.158812978312607,96.2468798589935,42.39554766887567,95.34895586994693,95.05346139588467
123.21467285330574,123.21467285330574,-29.814373368658035,57.120933500519165,-16.069900032024044,9.566089743953059,11.10959894448099
84.70342985975422,97.14907954646047,67.37222099181874,83.75311831977368,73.16431703063793,84.65104230882024,84.94653678288249
-40.56951366974569,-40.569073122544225,-42.7887855650554,-31.407781369941137,-40.66791279002348,-35.066119481859175,-33.03722886437981
9
3.040970568690682e-07,3.051927421893197e-07,2.743593654486176e-07,3.3817107691902493e-07,3.7650130479960353e-07,2.6899999738816405e-07,3.347636265971232e-07,3.126161800537375e-07,3.3034530133591034e-07
4.883724614046514e-05,1.6774940377217717e-05,7.228637969092233e-06,3.0095029615040403e-06,8.313314765473478e-07,1.0496420372874127e-06,1.1839900935228798e-06,4.711665440026991e-07,1.676966803643154e-06
3.070988655090332,-0.027816230431199074,-0.08436665683984756,2.857633590698242,-0.8122345209121704,2.3609519004821777,-0.8160278797149658,-0.9502803683280945,2.318044900894165
95.34986428510655,97.22069407990806,98.03724319518308,94.80948703873182,30.14107839213267,96.050286524113,42.37640606372671,95.20362993497658,94.92365365070857
-19.916049563097214,-19.916049563097214,107.10567852601984,95.6484801556195,-30.095821558692165,57.120933500519165,-16.219153325767163,9.566088890179412,11.109599798254635
84.65017487479564,97.22059845725968,98.03710659139968,85.19052480041368,68.02524171798531,83.94971165465415,73.68587710584927,84.7963682437906,85.07634452805858
-41.15210831538027,-41.15158239081418,1.4716669229602088,16.452814097273297,-42.61372781662797,-31.580861778603847,-40.533883987940314,-35.09044520058818,-33.126499436831885
7
3.135979511625919e-07,3.1644975706512923e-07,3.843529725600092e-07,2.7743863029172644e-07,3.429111643526994e-07,3.2108806635733345e-07,3.3881238437061256e-07
1.68865062732948e-05,4.003483627457172e-05,8.163374332070816e-07,1.0007057653638185e-06,1.1587089829845354e-06,4.5864334197176504e-07,1.6327867342624813e-06
-0.02965366095304489,-0.08379043638706207,-0.8126168847084045,2.360903263092041,-0.816024124622345,-0.9496809244155884,2.317976951599121
97.02615663196775,95.14197381733887,30.124709843786732,95.86560503914504,42.35859976056049,95.06597430244413,94.8003140946765
-20.061653828276256,-14.898633579940869,-30.366532691351036,57.120933500519165,-16.361199062388625,9.566089743953059,11.10959894448099
97.02608833007605,84.864198852438,68.64349678127653,84.13439313962213,74.17695404679485,84.9340307065122,85.19968408409068
-41.00558026711598,-25.14601591058248,-42.447699578283306,-31.740927261803094,-40.407173733552824,-35.113278522983535,-33.21025463152916
10
3.359281777193246e-07,3.3248244335482013e-07,3.2580814490756893e-07,3.334848770464305e-07,3.247821496188408e-07,3.9223814951583336e-07,2.858813274997374e-07,3.510783983529109e-07,3.295614590115292e-07,3.4728131481642777e-07
1.6139283616212197e-05,1.8313161490368657e-05,1.4565461242455058e-05,6.9768943831149954e-06,3.9167964132502675e-05,8.017686354833131e-07,9.549090691507445e-07,1.1343856840539956e-06,4.468149086278572e-07,1.590803663020779e-06
2.9918925762176514,-0.13959582149982452,3.0967636108398438,3.039130449295044,-0.08346571028232574,-0.8127208352088928,2.360682964324951,-0.8160322308540344,-0.9499496817588806,2.317960500717163
94.84269541847642,94.89166787482542,96.76158242427815,96.60484324320468,95.00822505301167,30.10900382379029,95.69179721533573,42.341298891392846,94.93539474589183,94.68299193530318
118.72296287018693,123.58060706827834,-15.162777485712772,123.58060706827834,-15.162775778165479,-30.627934276171178,57.120936915613754,-16.49817167600406,9.566089743953059,11.10959894448099
85.16244589273576,85.10808441713164,96.7615004620081,96.60517109228485,84.99180727670134,69.22945871017193,84.30820096343145,74.64000672157586,85.06461026306451,85.31701307365316
-26.253165669379452,-40.20252077545173,-25.464321508925295,-40.20224415279035,-25.464056839094955,-42.29004173676648,-31.889231159251583,-40.287389290983725,-35.13462286413982,-33.28885644849767
11
3.294118471330876e-07,3.4429103834554553e-07,3.45259536516096e-07,3.3412368338758824e-07,3.3042357472368167e-07,3.331231255288003e-07,4.001571767275891e-07,2.943286574463855e-07,3.5926564123656135e-07,3.3803723908931715e-07,3.557527747943823e-07
4.50669031124562e-05,1.5783663911861368e-05,6.245706572372001e-06,1.4666923561890144e-05,1.7036343706422485e-05,3.832617949228734e-05,7.876017775743094e-07,9.119742685470555e-07,1.110979610530194e-06,4.3549269435061433e-07,1.5508577462242101e-06
3.0709328651428223,2.992100477218628,-0.11419569700956345,3.095612049102783,-0.03285766765475273,-0.08317775279283524,-0.8125606179237366,2.3604509830474854,-0.8161776661872864,-0.9492391347885132,2.3179843425750732
94.93768285926379,94.72351544764886,96.37863420808303,96.59256256307701,96.66673841746335,94.88252225152677,30.094766294465398,95.52792731676878,42.32499864493861,94.81134485018606,94.57123638010343
-20.331572658991405,118.94400145210689,118.94400145210689,-15.42655597636408,-20.331572658991405,-15.42655597636408,-30.879377445181444,57.120933500519165,-16.629741609986016,9.566089743953059,11.10959894448099
85.06236996101674,85.27625050468652,96.3789825477307,96.59250792156364,96.66664962500413,85.11749641780791,69.7856068633402,84.47207086199839,75.07739837564513,85.18865332858111,85.42876862885291
-40.73642300249329,-26.527990283465964,-26.52774951929772,-25.727326480653097,-40.736190776061505,-25.727727754266834,-42.139825386350395,-32.026985829526986,-40.17376909414056,-35.1545806768946,-33.3627386047497
11
3.378570454515284e-07,3.5266154441160324e-07,3.536065946718736e-07,3.424483168146253e-07,3.4147214478252863e-07,3.6013966564496513e-07,4.081062741079222e-07,3.0277914220278035e-07,3.674703350498021e-07,3.4651409919206344e-07,3.642254853275517e-07
4.3934811401413754e-05,1.543815596960485e-05,6.264241619646782e-06,1.4750643458683044e-05,3.7518551835091785e-05,3.5970244880445534e-06,7.738418048575113e-07,8.716710340195277e-07,1.0884364201046992e-06,4.248050800015335e-07,1.5128263157748734e-06
3.0709166526794434,2.992274761199951,-0.11521358042955399,3.094559907913208,-0.08290212601423264,2.875164270401001,-0.8125521540641785,2.360468864440918,-0.8162517547607422,-0.9496936798095703,2.3178961277008057
94.81397447301651,94.61117932636967,96.22754359345318,96.43162964585316,94.76287099764647,94.51544739496276,30.08167965201565,95.37318255093297,42.3096956061032,94.69338065303077,94.46467859886206
-20.456353384938367,119.16573671332219,119.16573671332219,-15.677099267951194,-15.677097560403903,98.35871970884807,-31.121780858825193,57.120933500519165,-16.755886666219688,9.566089743953059,11.10959894448099
85.18608517745318,85.3886139467224,96.22777581988497,96.43154085339395,85.23716133206653,85.48465323664195,70.3139902975324,84.62681562783419,75.49109610348364,85.3066175257364,85.5353195799051
-40.611915484113126,-26.751557742926114,-26.75164482783803,-25.978330810009187,-25.978306904347093,10.05302246761973,-41.99684903645452,-32.15555048027414,-40.066033105267365,-35.17352762165221,-33.432546553161814
8
3.6103810430176964e-07,3.619615540628729e-07,3.497270881780423e-07,4.160819742082822e-07,3.11232582816956e-07,3.756904050078447e-07,3.5499218142831523e-07,3.726996169461927e-07
1.5107493709365372e-05,6.277095508266939e-06,3.529469040586264e-06,7.604876941513794e-07,8.337843269146106e-07,1.0667291689969716e-06,4.145625780438422e-07,1.4765657851967262e-06
2.9924428462982178,-0.11615222692489624,2.977388381958008,-0.812648355960846,2.360382556915283,-0.8164004683494568,-0.9493744373321533,2.317910671234131
94.50388388469794,96.08312607364243,96.29718420223064,30.0691872360237,95.2268320875871,42.29492532202304,94.58104453175157,94.36296342174224
119.37674857754055,119.37674857754055,102.08607005213992,-31.355199158615797,57.120933500519165,-16.877416222121724,9.566089743953059,11.10959894448099
85.4958274261241,96.08350856423596,96.29714322109561,70.8164941449594,84.77317292136922,75.88292356559977,85.4189536470156,85.63703475702494
-26.96440522048393,-26.964198607261537,-76.09279478822674,-41.86034087570264,-32.275580809653356,-39.963634909230535,-35.19133392481844,-33.498410067328244
10
3.547565654571372e-07,3.663070060611062e-07,3.5528125863493187e-07,3.672170976187772e-07,3.5569621559261577e-07,4.2408430545037845e-07,3.19689746675067e-07,3.839255384718854e-07,3.634722247625177e-07,3.811759370364598e-07
4.183150304015726e-05,1.6592626707279123e-05,8.938431165006477e-06,6.99333804732305e-06,1.711661934677977e-05,7.475158554370864e-07,7.981172416293703e-07,1.0458086308062775e-06,4.047907964377373e-07,1.441964968762477e-06
3.070887565612793,-0.1397281289100647,-0.19639655947685242,3.0341968536376953,-0.03676236793398857,-0.8127924203872681,2.360276222229004,-0.8163116574287415,-0.9490585327148438,2.3179612159729004
94.58413860744558,94.43896976682613,94.57731524846474,95.99569965226627,96.19112502479868,30.057613480475112,95.08818607762501,42.280667302130645,94.47394716556578,94.26576299966378
-20.687398193992387,123.99279532431028,102.9764261915861,123.99279532431028,-20.687398193992387,-31.58090617483345,57.120933500519165,-16.99431832486108,9.566089743953059,11.10959894448099
85.41590738264577,85.56074837418505,85.4227102510591,95.99612995418398,96.19107038328532,71.29498987745382,84.91181210114215,76.2545678187185,85.5260510132014,85.73423517910338
-40.38050867503309,-39.792538670521715,-75.20265038464483,-39.79265136864302,-40.380529165600606,-41.72990816821749,-32.38786911960836,-39.86609297769358,-35.20806447319038,-33.560626260477896
10
3.7780986872348876e-07,3.7476837633221294e-07,3.7869247648814053e-07,3.6747562148775614e-07,3.75658004259094e-07,3.665662120511115e-07,3.281491274265136e-07,3.921747406820941e-07,3.719530923262937e-07,3.8965322346484754e-07
1.4486143300018739e-05,1.6211748516070656e-05,6.287860742304474e-06,1.4818606359767728e-05,6.98396070220042e-06,3.506590655888431e-05,7.645023174518428e-07,1.0256447922074585e-06,3.9548834251945664e-07,1.408922798873391e-06
2.99275803565979,-0.1397567242383957,-0.11783154308795929,3.0914008617401123,3.033172369003296,-0.08263123780488968,2.3602352142333984,-0.8164644837379456,-0.949086606502533,2.317902088165283
94.30348613444976,94.33852500489192,95.81329945048108,95.99193621803359,95.86046873688919,94.43615572888808,94.95668444553476,42.26743722570833,94.37174021482569,94.17279046468157
119.77763970068528,124.08238008546417,119.77763970068528,-16.62922422315639,124.08238008546417,-16.62922593070368,57.120933500519165,-17.106258295168416,9.566089743953059,11.10959894448099
85.69616370466973,85.66117264555176,95.81381171466883,95.99188157652023,95.86091952937441,85.5639039215816,85.04331373323241,76.60751101388973,85.62826479413063,85.8272077140856
-27.3618470980978,-39.70176204135766,-27.361698541483353,-25.773157049983883,-39.70188156966814,-25.77287018203874,-32.49338188190672,-39.77316825403556,-35.22404028565904,-33.61970056660933
9
3.716661183261749e-07,3.7581077094728244e-07,3.725631358975079e-07,3.749215693460428e-07,4.40157776893102e-07,3.3661083875813347e-07,4.004366758181277e-07,3.8043486938477145e-07,3.981315330747748e-07
3.991882113041356e-05,1.4849711078568362e-05,1.7097341697080992e-05,3.439221836742945e-05,7.226825005091086e-07,7.327807338697312e-07,1.0061996817967156e-06,3.866062172619422e-07,1.3773342288914137e-06
3.070862054824829,3.0906684398651123,-0.03891662135720253,-0.0823759064078331,-0.8126998543739319,2.3600854873657227,-0.8165924549102783,-0.9493566155433655,2.317819833755493
94.37514847922154,95.85854945373241,95.90981002345336,94.33708383497705,30.036521856318114,94.8317876063719,42.25485260216258,94.27408900026202,94.08377943941797
-20.89749481286198,-16.856242635694684,-20.897496520409273,-16.856242635694684,-32.009193186739104,57.120936915613754,-17.214569727479187,9.566088890179412,11.10959894448099
85.62488385049149,95.8585289631649,95.90976904231835,85.66295532492514,72.18610416789787,85.16821057239525,76.94309869837997,85.72590917850513,85.91622556953837
-40.17045986748769,-26.000177170069474,-40.1705486599469,-25.9997161323005,-41.48596113182132,-32.59250841733112,-39.68450215332504,-35.23912134334643,-33.67568079704676
9
3.9460098832933e-07,3.9544602259411477e-07,3.9181756505968224e-07,3.918170534689125e-07,4.4822655809184653e-07,3.450748522482172e-07,4.087088996129751e-07,3.8891772646820755e-07,4.0661109323991695e-07
1.3914152987126727e-05,6.2824838096275926e-06,4.240608177497052e-06,4.257538876117906e-06,7.108028512448072e-07,7.028102118056267e-07,9.874394208964077e-07,3.78061344008529e-07,1.3471033071255079e-06
2.9930527210235596,-0.1192866712808609,2.8935813903808594,2.8938796520233154,-0.8128383755683899,2.3599796295166016,-0.8166676759719849,-0.9488033652305603,2.3177242279052734
94.11999993258654,95.56618320631001,94.14972491585443,94.14970442528693,30.02705179903389,94.71299695632705,42.24224065786015,94.18069982374044,93.9984703766845
120.13978999085771,120.13978999085771,102.47493321215626,102.4080246790468,-32.21216250320978,57.120933500519165,-17.318533744383245,9.566089743953059,11.109599798254635
85.87962258577627,95.5667091308761,85.85024594215605,85.8502800931019,72.60159823548808,85.28700122244013,77.26252615529395,85.8193051852159,86.00152780208266
-27.72508338834825,-27.725204624206018,6.817291211538828,5.559345390019961,-41.37152472737234,-32.68587027309602,-39.599804392522294,-35.253434004752194,-33.72886406501906
6
3.9165144016806153e-07,4.5631662715095445e-07,3.5354190686121e-07,4.169946521415113e-07,3.974024878061755e-07,4.150926997681381e-07
3.311760156066157e-05,6.992587486820412e-07,6.744619440723909e-07,9.6932433280017e-07,3.6991454521739797e-07,1.3181499980419176e-06
-0.08189475536346436,-0.8128795027732849,2.3599560260772705,-0.8166406154632568,-0.9488681554794312,2.317786693572998
94.15150076503863,30.018582364463075,94.59988219348246,42.23085473251374,94.09127898712663,93.91664471042775
-17.281314336048553,-32.40818551729457,57.120933500519165,-17.419041685567272,9.566089743953059,11.10959894448099
85.84852473448521,72.99883520742686,85.40012281547386,77.56700915830396,85.90871919164053,86.08335346833941
-26.42474343642476,-41.26165430438351,-32.773931902064994,-39.518736877263414,-35.267005590633005,-33.77942795544467
6
4.0002529999583203e-07,4.6442286816272826e-07,3.6201004149916116e-07,4.2528861854407296e-07,4.058873059875623e-07,4.235745052483253e-07
3.2514195481780916e-05,6.880432010802906e-07,6.476273028965807e-07,9.518401498098683e-07,3.620976656293351e-07,1.2903944934805622e-06
-0.08166788518428802,-0.8127389550209045,2.3600082397460938,-0.8167339563369751,-0.9487548470497131,2.3178186416625977
94.06443634368848,30.010211967635225,94.49206082724464,42.219502958113175,94.00561475455633,93.8380975349726
-17.48028969940207,-32.597914512059184,57.120933500519165,-17.515697400059416,9.566089743953059,11.10959894448099
85.9355823256462,73.37879863095466,85.5079441817117,77.85744929238041,85.99438342421082,86.16190064379457
-26.623670988454087,-41.156226919449786,-32.85717141747994,-39.44116641885958,-35.279941968921015,-33.82759786456618
9
4.0551165625402064e-07,3.9587126821061247e-07,4.063339815729705e-07,4.0840458837010374e-07,4.725465316823829e-07,3.7048027934361016e-07,4.3359293044886726e-07,4.1437323261561687e-07,4.32057532862018e-07
3.6570982047123834e-05,1.0173115697398316e-05,1.6936462998273782e-05,3.193190059391782e-05,6.771541620764765e-07,6.221899866432068e-07,9.349383276457957e-07,3.5459518699099135e-07,1.2637694908335106e-06
3.0708189010620117,-0.1784847378730774,-0.04245194420218468,-0.08144943416118622,-0.8130047917366028,2.359875202178955,-0.8166957497596741,-0.9485573768615723,2.317772150039673
94.00936452841067,94.10714551656858,95.41710066729615,93.9809099603284,30.00239823122473,94.38915036702006,42.20884444791337,93.92345440903026,93.76263077483313
-21.265184386451278,107.90614937598866,-21.26518609399857,-17.67106029801511,-32.78121629881481,57.120933500519165,-17.6092009822496,9.566089743953059,11.109599798254635
85.99067463149152,85.8928731527661,95.41708700691781,86.01911553919544,73.74264963823042,85.6108478117471,78.13483693495297,86.07654376973692,86.23736740393403
-39.80317669015401,-71.0656048043681,-39.80342257696413,-26.814460370087346,-41.05490789330182,-32.93602253635315,-39.366877866351935,-35.29231827169708,-33.87358211315329
11
4.255755357007729e-07,4.281525036731182e-07,8.885862143870327e-07,4.289314858851867e-07,4.2635912222976913e-07,4.167886800132692e-07,4.806864239981223e-07,3.789519666952401e-07,4.4190545622768695e-07,4.2285972767786006e-07,4.40541242596737e-07
1.424735182808945e-05,1.281231379834935e-05,1.5870875813561724e-06,6.193092758621788e-06,6.853887498436961e-06,3.136975283268839e-05,6.665648015768966e-07,5.980655259918422e-07,9.186109650727303e-07,3.474196148545161e-07,1.2382093927953974e-06
-0.1399059295654297,2.9930784702301025,-0.16805218160152435,-0.12218588590621948,3.028212070465088,-0.0812387689948082,-0.813038170337677,2.3599367141723633,-0.8168361783027649,-0.9488629698753357,2.3177170753479004
93.81962187326772,93.7966656074673,92.47396532374849,95.13045128820906,95.1613715545817,93.90070304890494,29.995240192974556,94.29084345429607,42.198360107537404,93.84459304487328,93.69006684509091
124.55203755317258,121.15027549742607,126.29109933850621,121.15026183704774,124.55203755317258,-17.853583443205363,-32.958507519100834,57.120933500519165,-17.699868328386934,9.566089743953059,11.10959894448099
86.17997332433842,86.20299106184136,92.47419755018026,95.1308952505051,95.1618974791478,86.09931562042973,74.09135128592708,85.70915472447109,78.3999985389112,86.15540513389388,86.30993133367625
-39.23303689447095,-27.57602817009106,145.68793499637198,-27.5761784342528,-39.23291736616048,-26.99760677003936,-40.95736937685945,-33.01070040964348,-39.295632163119535,-35.304066197069496,-33.91741826724643
10
4.224450833589799e-07,4.365553252227983e-07,4.373192723505781e-07,4.232345247601188e-07,8.683666692377301e-07,4.888418061455013e-07,3.8742589936191507e-07,4.5022716221865267e-07,4.3134772909070307e-07,4.490265155254747e-07
3.509804082568735e-05,1.2584116120706312e-05,6.1760506468999665e-06,1.6811714885989204e-05,3.961796210205648e-06,6.562751195815508e-07,5.751580829382874e-07,9.028176464198623e-07,3.404904873605119e-07,1.2136410987295676e-06
3.070800542831421,2.993213176727295,-0.12268686294555664,-0.04392342269420624,3.043325424194336,-0.8131744265556335,2.3599565029144287,-0.8169793486595154,-0.9485563039779663,2.317807197570801
93.84841112061932,93.72346647013228,95.03175505470237,95.20018751963488,92.53187849772102,29.988478305696244,94.19681907018168,42.188476823808394,93.7688325865995,93.62024865139504
-21.426513454646976,121.31182313167521,121.31182313167521,-21.426513454646976,-23.349367092809185,-33.13076147487397,57.120933500519165,-17.786852495014337,9.566089743953059,11.109599798254635
86.15162803928287,86.27619702936555,95.03223316794427,95.20011238755401,92.53185117696434,74.4258256495826,85.8031791085855,78.65374689676635,86.23117242235683,86.37975635756129
-39.641605150242775,-27.735975832527128,-27.73624391745205,-39.641489037026886,145.91136414450145,-40.863464521055526,-33.081505565674426,-39.22706730913636,-35.31521306579496,-33.95923610043984
9
8.715933859093639e-07,4.3434133090158866e-07,8.598718181929144e-07,4.3357206891414535e-07,4.970111717739201e-07,3.959009120535484e-07,4.5855688313167775e-07,4.398360431423498e-07,4.5751215793643496e-07
1.6073795450211037e-06,1.481413437431911e-05,3.987127001892077e-06,3.0301345759653486e-05,6.462614692281932e-07,5.533897819987033e-07,8.875347816683643e-07,3.338390968110616e-07,1.190027887787437e-06
-0.16780519485473633,3.086760997772217,3.0434505939483643,-0.08084055036306381,-0.8128288388252258,2.359907388687134,-0.8169233798980713,-0.9483680129051208,2.317702054977417
92.5223845347747,95.0668690572254,92.55690431083995,93.74950315124836,29.982191116565247,94.10682449767758,42.17926289861805,93.69599544929049,93.55301226920544
126.26000831740431,-18.19853019440581,-23.332238685918085,-18.19853019440581,-33.29654382640852,57.120933500519165,-17.8706572085831,9.566089743953059,11.109599798254635
92.52245966685558,95.0668007553337,92.55687699008327,86.25053600865381,74.74687186132988,85.89317368108958,78.89677185762457,86.30400272947668,86.44698590956172
145.71703160223623,-27.34196100232931,145.92833033439976,-27.342333247639075,-40.7729781749312,-33.14893319316079,-39.161251606294115,-35.32598427411607,-33.99934980143532
10
4.393844506012101e-07,4.5099872636455984e-07,4.517382024005201e-07,4.401434807732585e-07,8.513781608598947e-07,5.051937819189334e-07,4.0437709003526834e-07,4.6689353894180385e-07,4.48324783519638e-07,4.6599845404671214e-07
3.373859726707451e-05,1.343283111054916e-05,6.7573464548331685e-06,1.6665928342263214e-05,4.01271654482116e-06,6.365376066241879e-07,5.32689455212676e-07,8.7274372617685e-07,3.274472817338392e-07,1.1673015478663729e-06
3.070783853530884,-0.13996760547161102,3.026294231414795,-0.04524095728993416,3.0435783863067627,-0.8130393624305725,2.359804630279541,-0.8170017600059509,-0.9483897089958191,2.317697286605835
93.6998408457932,93.60419770684551,94.8709655714511,94.9999058826026,92.58242189757912,29.97636838029781,94.02060018959534,42.170294860237824,93.62591770840615,93.48822792492787
-21.575382550249284,124.74679356716632,124.74679356716632,-21.575382550249284,-23.31511369412157,-33.457698724780386,57.120936915613754,-17.952122582361138,9.566089743953059,11.10959894448099
86.30020514429815,86.39560922662488,94.87118413750454,94.99982392033256,92.5824014070116,75.0552685627343,85.97939798917182,79.12972228945702,86.37408047036101,86.5117702538393
-39.49265921501231,-39.03843797482812,-39.03850286162523,-39.492611403688116,145.94562437337822,-40.685742998851794,-33.2130481788997,-39.09796307344478,-35.33623638806026,-34.03770131362494
10
4.4785679165215697e-07,6.194531465553155e-07,4.511290683240077e-07,4.48601468860943e-07,4.503885406847985e-07,5.133894660502847e-07,4.1285520069322956e-07,4.75237527552963e-07,4.5681485971726943e-07,4.7448608597733255e-07
3.309737439849414e-05,3.647272251328104e-06,1.4631769772677217e-05,1.6586662241024897e-05,2.907669659180101e-05,6.270703920563392e-07,5.129901410327875e-07,8.584196962146962e-07,3.2127607596521557e-07,1.145415126302396e-06
3.0707759857177734,-0.2162121832370758,3.085306167602539,-0.04584970697760582,-0.08108872175216675,-0.8130230903625488,2.3597710132598877,-0.8169057369232178,-0.9481101036071777,2.317739963531494
93.62974261434137,92.62313665522156,94.87783674175613,94.90539655505714,93.60930668834469,29.970873493110535,93.93790025912483,42.16155904828938,93.5584422695956,93.42575218458977
-21.64574545153146,124.7898237589374,-18.764915093592652,-21.64574374398417,-18.764916801139947,-33.6137856227881,57.120933500519165,-18.031243493706565,9.566089743953059,11.10959894448099
86.37028971537165,87.37659514616797,94.87776843986444,94.90532825316544,86.39070515080081,75.35174658403704,86.06209791964234,79.35322656966736,86.44155590917157,86.5742459941774
-39.42235266279078,141.00827186767276,-26.583202117621763,-39.4224175495879,-26.583420683675204,-40.60148578525052,-33.27406225875542,-39.03701388038617,-35.345989898195036,-34.074393089846254
